"S. No","Project Registration No.","Name and Address of the Promoter","Project Details and Address","Approval Details","Project Completion Date","Other Details","Form-c","Current Status of the Project"
"1","TNRERA/29/BLG/0001/2026                                 dated 02-01-2026","TNUHDB, TNUHDB Division 1, Thiruvottiyur, Chennai, Tamil Nadu-600019.","Project Name: Thiruvottiyur SchemeRegistration of additional 4 Blocks namely Block -V: Stilt Floor part /Ground Floor part + 5 Floors Residential building with 66 dwelling units, Block - VI : Stilt floor part /Ground Floor part + 5 Floors Residential building with 90 dwelling units, Block -VII: Stilt floor part /Ground Floor part + 5 Floors Residential building with 90 dwelling units, Block VIII: Stilt floor part /Ground Floor part + 5 Floors Residential building with 90 dwelling units, (336 Dwelling units) at Village Street,Thiruvottiyur Chennai, comprised in Old S.No: 237/1part, T.S.No: 83/1, Block No:12, Ward -HT of Thiruvottiyur Village, Thiruvottiyur Taluk, Chennai District.","CMDA issued Planning permission No. C/27/2025 A to D  in Letter No. PC/NHRB/N/6076/2024 dated 12/12/2025. The Greater Chennai Corporation issued Building permission  in Letter No. CEBA/WDCN01/00539/2025 dated 22/12/2025.","21.12.2030","Promoter Details                                                                     Project Details                                                                     Location of Site: Latitude-13.163286;Longitude-80.301217;","",""
"2","TNRERA/29/BLG/0002/2026                                 dated 02-01-2026","K.L.BUILDERS, Door No.NO.29/30, SARAVANA NAGAR, KUNDRATHUR, CHENNAI, Kancheepuram, Tamil Nadu-600056.","Project Name: K.L.HOMESRegistration for promoter share of flat nos.(F1, T1, T2, T3, T4, F6) Totally 6 flats Proposed construction of Stilt Floor + 2 Floors + 3rd Floor Part Residential Building (Height-13.40m) with 16 Dwelling Units at Old Door No.17/1, Desikar Street, vadapalani, Chennai comprised in T.S.No.19A (as per Document) and T.S.No.19/2(as per patta), Block No.5 of Kodambakkam Village(Part-1), Mambalam Taluk within the Limits of Greater Chennai Corporation, Chennai District.","CMDA issued planning permission in P.P.No.OL-PP/NHRB/0235/2025 vide Letter No. CMDA/PP/NHRB/C/0121/2025 Dated 24/06/2025. Greater Chennai Corporation issued building permission in Letter No. CEBA/WDCN10/00287/2025, Dated 11/07/2025.","30.06.2027","Promoter Details                                                                     Project Details                                                                     Location of Site: Latitude-13.04864;Longitude-80.211372;","",""
"3","TNRERA/16/BLG/0003/2026                                 dated 02-01-2026","M/s. ROHINI PALMS rep by its Authorised Signatory Thiru. M.ANAND, Door No.42 C, RACE COURSE ROAD, KAJAMALAI, Tiruchirappalli, Tamil Nadu-620023.","Project Name: ROHINI PALMSRegistration for Stilt Floor + 5 Floors with 49 Dwelling Units at Town Survey No. 75/4 of Ward - AG, Block No.33, K.Abhishekapuram Village, Ponmalai Taluk, Tiruchirappalli District.","The Joint Director, T&CP, Tiruchirappalli District has issued Planning Permission in Planning Permission No. 63/2025 in Letter ROC No. SWP/BPA/474361/2025, dated 09/05/2025. The Assistant Commissioner, Tiruchirappalli Corporation has issued Building Permission in Letter RC No. 086/BL/2025/00336, dated 29/07/2025.","08.05.2033","Promoter Details                                                                     Project Details                                                                     Location of Site: Latitude-10.776609;Longitude-78.692891;","",""
"4","TNRERA/29/BLG/0004/2026                                 dated 02-01-2026","M/s. Nexa Infra Projects, Door No.W 736/1, 1ST FLOOR EAST MAIN ROAD, Mogapair, Chennai, Tamil Nadu-600101.","Project Name: ASTARegistration for Developer's Share of Flat Nos. 12/7, 12/8, 12/9, 12/10, 1A, 2A, 3A, 4A, 5A (Totally 09 Flats) Group Development of 2 Blocks Block A & B consists of Block A: Stilt Floor (Parking) + 5 Floors Residential building with 10 Dweling Units & Block B: Stilt Floor (Parking) + 5 Floors Residential building with 05 Dweling Units (18.30m height) Totally 15 Dwelling Units availing with Premium FSI at HIG Residential Apartment Flat No. 12/1, 12/2, 12/3,12/4, 12/5, 12/6, J.J. Nagar East Scheme (162 HIG Flat Mogappair East Scheme), Vellalar Street and Plot No. 81, Paneer Nagar, Mogappair, Chennai – 600 037 Comprised in Survey Nos. 245/2, 245/3 Town Survey Nos. 29/2, 29/3, 65/2 & 65/3, Block No.36, Ward-H of Mogappair Village, Ambattur Taluk, Chennai District.","CMDA issued Planning Permission in OL-PP/NHRB/0471/2025 in Letter RC No. CMDA/PP/NHRB/N/0676/2025, dated 25/11/2025. The Executive Engineer (T.P), Greater Chennai Corporation has issued Building Permission in Letter RC No. CEBA/WDCN07/00525/2025, dated 16/12/2025.","13.12.2028","Promoter Details                                                                     Project Details                                                                     Location of Site: Latitude-130503.6;Longitude-801029.8;","",""
"5","TNRERA/35/BLG/0005/2026                                 dated 02-01-2026","M/s. CASA GRANDE AXIOM PRIVATE LIMITED, New No.111, Old No. 59 ,  NPL Devi, L B Road, Thiruvanmiyur,, Chennai - 600041, Chennai, Tamil Nadu-","Project Name: CASAGRAND GLENMERERegistration for Ground Floor + First Floors with 110 dwelling units comprised in S.No. 1009/12A, 1009/12B, 1009/12C, 1009/12D, 1009/12E, 1009/12F, 1009/13A, 1009/13B, 1009/13C, 1009/14, 1009/17A, 1009/17B, 1010/1, 1010/2, 1010/3, 1011/1, 1011/2, 1011/3, 1439/2C, 1439/2D, 1439/3A1 & 1439/3B of Thaiyur B Village, Thiruporur Taluk, Chengalpattu District.","The President, Thaiyur Panchayat, Thiruporur Taluk, Thiruporur Panchayat Union, Chengalpattu District issued Building permission in Letter No. SWP/SCM/DTCP/RP/0305683/2025 Dated - 13/11/2025, SWP/SCM/DTCP/RP/0306555/2025Dated - 14/11/2025, SWP/SCM/DTCP/RP/0308182/2025 Dated – 17/11/2025, SWP/SCM/DTCP/RP/0308224/2025 Dated - 17/11/2025, Roc No:45/2025-26 Dated - 01//12/2025, SWP/SCM/DTCP/RP/0308192/2025 Dated - 17/11/2025, SWP/SCM/DTCP/RP/0308209/2025 Dated - 17/11/2025, SWP/SCM/DTCP/RP/0308275/2025 Dated -17/11/2025, SWP/SCM/DTCP/RP/0306014/2025 Dated - 14/11/2025, SWP/SCM/DTCP/RP/0306015/2025 Dated - 14/11/2025, SWP/SCM/DTCP/RP/0306016/2025 Dated - 14/11/2025, SWP/SCM/DTCP/RP/0306017/2025 Dated - 14/11/2025, SWP/SCM/DTCP/RP/0306018/2025 Dated - 14/11/2025, SWP/SCM/DTCP/RP/0306020/2025 Dated – 14/11/2025, SWP/SCM/DTCP/RP/0308486/2025 Dated – 17/11/2025, SWP/SCM/DTCP/RP/0305916/2025 Dated – 13/11/2025, SWP/SCM/DTCP/RP/0305925/2025 Dated - 13/11/2025, SWP/SCM/DTCP/RP/0305932/2025 Dated - 13/11/2025, SWP/SCM/DTCP/RP/0305938/2025 Dated - 13/11/2025, SWP/SCM/DTCP/RP/0305941/2025 Dated - 13/11/2025, SWP/SCM/DTCP/RP/0305943/2025 Dated - 13/11/2025, SWP/SCM/DTCP/RP/0305946/2025 Dated - 13/11/2025, SWP/SCM/DTCP/RP/0305951/2025 Dated – 13/11/2025, SWP/SCM/DTCP/RP/0305953/2025 Dated – 13/11/2025, SWP/SCM/DTCP/RP/0308490/2025 Dated – 17/11/2025, SWP/SCM/DTCP/RP/0305958/2025 Dated – 13/11/2025, SWP/SCM/DTCP/RP/0305960/2025 Dated – 13/11/2025, SWP/SCM/DTCP/RP/0305963/2025 Dated – 13/11/2025, SWP/SCM/DTCP/RP/0305964/2025 Dated – 13/11/2025, SWP/SCM/DTCP/RP/0305968/2025 Dated – 13/11/2025, SWP/SCM/DTCP/RP/0305970/2025 Dated – 13/11/2025, SWP/SCM/DTCP/RP/0305971/2025 Dated – 13/11/2025, SWP/SCM/DTCP/RP/0305973/2025 Dated – 13/11/2025, SWP/SCM/DTCP/RP/0305974/2025 Dated – 13/11/2025, SWP/SCM/DTCP/RP/0308485/2025 Dated – 19/11/2025, SWP/SCM/DTCP/RP/0306571/2025Dated – 14/11/2025,SWP/SCM/DTCP/RP/0306619/2025 Dated – 14/11/2025,SWP/SCM/DTCP/RP/0306023/2025 Dated – 14/11/2025, SWP/SCM/DTCP/RP/0306025/2025 Dated – 14/11/2025, SWP/SCM/DTCP/RP/0306026/2025 Dated – 14/11/2025, SWP/SCM/DTCP/RP/0306028/2025 Dated – 14/11/2025, SWP/SCM/DTCP/RP/0306027/2025 Dated – 14/11/2025,SWP/SCM/DTCP/RP/0306029/2025 Dated – 14/11/2025,SWP/SCM/DTCP/RP/0306030/2025 Dated – 14/11/2025, SWP/SCM/DTCP/RP/03060231/2025 Dated – 14/11/2025,SWP/SCM/DTCP/RP/0305977/2025Dated – 14/11/2025,SWP/SCM/DTCP/RP/0305981/2025Dated – 14/11/2025, SWP/SCM/DTCP/RP/0305983/2025Dated – 14/11/2025,SWP/SCM/DTCP/RP/0305984/2025Dated – 14/11/2025,SWP/SCM/DTCP/RP/0305985/2025Dated – 14/11/2025, SWP/SCM/DTCP/RP/0305986/2025Dated – 14/11/2025,SWP/SCM/DTCP/RP/0305988/2025Dated – 14/11/2025,SWP/SCM/DTCP/RP/0305989/2025Dated – 14/11/2025, SWP/SCM/DTCP/RP/0309998/2025Dated – 19/11/2025,Roc No:43/2025-26Dated – 01/12/2025SWP/SCM/DTCP/RP/0306032/2025 Dated – 14/11/2025 SWP/SCM/DTCP/RP/0306033/2025 Dated – 14/11/2025,SWP/SCM/DTCP/RP/0306034/2025 Dated – 14/11/2025, SWP/SCM/DTCP/RP/0308481/2025 Dated – 17/11/2025 SWP/SCM/DTCP/RP/0306036/2025 Dated – 14/11/2025,SWP/SCM/DTCP/RP/0308236/2025 Dated – 17/11/2025, SWP/SCM/DTCP/RP/0308257/2025 Dated – 17/11/2025 SWP/SCM/DTCP/RP/0306037/2025 Dated – 14/11/2025,SWP/SCM/DTCP/RP/0306038/2025 Dated – 14/11/2025, SWP/SCM/DTCP/RP/0306039/2025 Dated – 14/11/2025 SWP/SCM/DTCP/RP/0308483/2025 Dated – 17/11/2025, SWP/SCM/DTCP/RP/0308475/2025 Dated – 17/11/2025, SWP/SCM/DTCP/RP/0308458/2025 Dated – 17/11/2025, SWP/SCM/DTCP/RP/0308471/2025 Dated – 17/11/2025, SWP/SCM/DTCP/RP/0308920/2025 Dated – 18/11/2025,SWP/SCM/DTCP/RP/0308454/2025 Dated – 17/11/2025, SWP/SCM/DTCP/RP/0308439/2025Dated – 17/11/2025, SWP/SCM/DTCP/RP/0308343/2025Dated – 17/11/2025, SWP/SCM/DTCP/RP/0307974/2025Dated – 17/11/2025, SWP/SCM/DTCP/RP/0308105/2025Dated – 17/11/2025, SWP/SCM/DTCP/RP/0307321/2025 Dated – 15/11/2025, SWP/SCM/DTCP/RP/0307334/2025 Dated – 15/11/2025, SWP/SCM/DTCP/RP/0307345/2025 Dated – 15/11/2025, SWP/SCM/DTCP/RP/0308431/2025 Dated – 17/11/2025, SWP/SCM/DTCP/RP/0309562/2025 Dated – 19/11/2025, SWP/SCM/DTCP/RP/0307941/2025 Dated – 17/11/2025, SWP/SCM/DTCP/RP/0307926/2025 Dated – 17/11/2025, WP/SCM/DTCP/RP/0308086/2025 Dated – 17/11/2025, SWP/SCM/DTCP/RP/0307322/2025 Dated – 15/11/2025, SWP/SCM/DTCP/RP/0307357/2025 Dated – 15/11/2025, SWP/SCM/DTCP/RP/0307358/2025 Dated – 15/11/2025, SWP/SCM/DTCP/RP/0307366/2025 Dated – 15/11/2025, SWP/SCM/DTCP/RP/0310252/2025 Dated – 19/11/2025, SWP/SCM/DTCP/RP/0309089/2025 Dated – 19/11/2025, SWP/SCM/DTCP/RP/0308898/2025 Dated – 18/11/2025, SWP/SCM/DTCP/RP/0307428/2025 Dated – 15/11/2025, SWP/SCM/DTCP/RP/0308452/2025 Dated – 17/11/2025, SWP/SCM/DTCP/RP/0308012/2025 Dated – 17/11/2025, SWP/SCM/DTCP/RP/0307332/2025 Dated – 15/11/2025, SWP/SCM/DTCP/RP/0307372/2025 Dated – 15/11/2025, SWP/SCM/DTCP/RP/0307379/2025 Dated – 15/11/2025, SWP/SCM/DTCP/RP/0307381/2025 Dated – 15/11/2025, SWP/SCM/DTCP/RP/0307394/2025 Dated – 15/11/2025, SWP/SCM/DTCP/RP/0308421/2025 Dated – 17/11/2025, SWP/SCM/DTCP/RP/0307418/2025 Dated – 15/11/2025, SWP/SCM/DTCP/RP/0307417/2025 Dated – 15/11/2025, SWP/SCM/DTCP/RP/0307413/2025 Dated – 15/11/2025, SWP/SCM/DTCP/RP/0307412/2025 Dated – 15/11/2025, SWP/SCM/DTCP/RP/0307397/2025 Dated – 15/11/2025, SWP/SCM/DTCP/RP/0307986/2025 Dated – 17/11/2025, Roc No:44/2025-26 Dated – 01/12/2025, SWP/SCM/DTCP/RP/0309552/2025 Dated 19/11/2025, SWP/SCM/DTCP/RP/0309567/2025 Dated – 19/11/2025, Roc No:46/2025-26 Dated – 01/12/2025.","28.02.2028","Promoter Details                                                                     Project Details                                                                     Location of Site: Latitude-12.75716;Longitude-80.183286;","","Registration CancelledRevised Registration given in Registration No. TNRERA/35/BLG/0085/2026 dated 10/03/2026"
"6","TNRERA/29/BLG/0006/2026                                 dated 02-01-2026","M/s.VOORA PROPERTY DEVELOPERS PVT LTD,M/s.SRI AGASTYAR TRUST, Door No.NO.139,, DR.RADHA KRISHNAN SALAI,, Taluk.Mylapore, Chennai, Tamil Nadu-600004.","Project Name: VOORA AGASTYA HEIGHTSRegistration for Proposed Construction of  High rise Group Development Building for Residential Use consisting of Stilt Floor (for Parking Use) + 13 Floors with 52 Dwelling Units (with Height 42m) availing Premium FSI with TOD benefit at New Door No. 231 & 232, Old Door No. 293 & 294 abutting Thiruvottiyur High Road comprised in T.S.No. 3659/1 (Part) & 3661/1 (Part), Block No. 54 of Tondiarpet Vilage, Tondiarpet Taluk within the limits of Greater Chennai Corporation, Chennai District.","CMDA  issued planning permission in P.P.No.OL-PP/HRB/0043/2025 Letter No. CMDA/PP/HRB/N/0890/2024  dated 24/11/2025. Greater Chennai Corporation issued building permission in Letter No.CEBA/WDCN04/00515/2025 Dated 10/12/2025.","31.12.2029","Promoter Details                                                                     Project Details                                                                     Location of Site: Latitude-13.124603519582289;Longitude-80.28898543163312;","",""
"7","TNRERA/11/BLG/0007/2026                                 dated 02-01-2026","M/s Dhiya Foundation Pvt Ltd, S.Ravishankar, Antony Chacko C V & Shaju Varghese, No 22/1, PRR Nagar, PN Pudur, Coimbatore Village , Coimbatore, Coimbatore, Tamil Nadu-641041.","Project Name: Dhiya’s AurumRegistration for Stilt + 5 Floors with 10 dwelling units comprised in T.S.No. 170,171, Block No: 21, Coimbatore LPA , Coimbatore District.","Joint Director, T&CP, Coimbatore LPA issued planning permission in Letter No. SWP/BPA/676792/2025, Dated 29/10/2025. Commissioner, Coimbatore Corporation issued building permission in Letter No.  162/BL/2025/03/045/02020 dated 08/12/2025.","30.12.2026","Promoter Details                                                                     Project Details                                                                     Location of Site: Latitude-11.029674;Longitude-76.946829;","",""
"8","TNRERA/10/BLG/0008/2026                                 dated 05-01-2026","E SARAVANAN and JAGANATHAN, Door No.71, Kaniampalayam, Kagam Village , Erode, Taluk.Sivagiri, Erode, Tamil Nadu-638109.","Project Name: BLUELEAF GRANGERegistration for Stilt Floor + 5 Floors Residential Building with 45 Dwelling Units comprised in Survey No. 517/1B2 of Erode 'C' (Kasipalayam) Village, Erode Taluk, Erode District.","The Deputy Director(i/c), T&CP, Erode, issued Planning Permission No. 12/2024 in Application No. SWP/BPA/031932/2024 Dated 08/04/2024. The Commissioner, Erode Corporation, issued Building Permission in Letter No. 056/BL/2025/00010, Dated 07/01/2025.","31.12.2027","Promoter Details                                                                     Project Details                                                                     Location of Site: Latitude-11.0297695;Longitude-77.693156;","",""
"9","TNRERA/29/BLG/0009/2026                                 dated 05-01-2026","M/s. Sri Suprabhatham Builder rep by its Proprietor Mr.R.RAVICHANDRAN and Mr.C.S.KARTHIK, NO.21/1, 21st STREET, 4th MAIN ROAD, NANGANALLUR,, Chennai, Tamil Nadu-600061.","Project Name: ELITERegistration for Ground Floor (Part) / Stilt Floor (Part) + 3 Floors Commercial cum Residential Building with 6 Dwelling units (GF – Gym, FF – Office, 2F & 3F – Residential) at Plot No.3 & 6, Bazaar Road (MadipakkamVelachery Main Road) and Vallalpari Street, Ram Nagar, Madipakkam, comprised in Old S.No.94/1A (Part) (Document), and S.No.94/1A1A2A & 94/1A1A2B (Patta) of Madipakkam Village, Chennai District.","CMDA issued Planning permission No. OL-PP/NHRB/0043/2025 in Letter No. CMDA/PP/NHRB/S/0801/2024 dated 11/02/2025.  The Greater Chennai Corporation issued Building permission  in Letter No.  CEBA/WDCN14/00089/2025 dated 27/02/2025.","31.12.2029","Promoter Details                                                                     Project Details                                                                     Location of Site: Latitude-12.964419;Longitude-80.211566;","",""
"10","TNRERA/17/BLG/0010/2026                                 dated 05-01-2026","M/S.COGIPRO DESIGN AND CONSTRUCTION, Door No.9/832/1, Rasi Nagar, Chinnandankoil Road,  Andankoil East Village, Taluk.Manmangalam, Karur, Tamil Nadu-639002.","Project Name: URBANESTRegistration for Stilt Floor + 4 Floors Residential building with 16 dwelling units at comprised in Survey Nos.2145/1A ,1D,1E & 2146/2A in Plot Nos.2, 3 & 4 of Andankoil East Panchayat / Village, Thanthoni Panchayat Union, Manmangalam Taluk, Karur District.","The Assistant Director, T&CP, Karur District issued Planning Permission No.BP/DTCP(K.D) No.27/2024 in Letter No.SWP/BPA/393220/2024 dated 03/12/2024. The President, Andankoil East Village Panchayat issued Building Permission in Letter Roc No.86/2024-2025 dated 16/12/2024.","30.09.2027","Promoter Details                                                                     Project Details                                                                     Location of Site: Latitude-10.958643;Longitude-78.061650;","",""
"11","TNRERA/7/BLG/0011/2026                                 dated 05-01-2026","M/s.Sri Kumaran Associates, Door No.5/265-1, Rajiv Gandhi Nagar, NGGO Colony, Namakkal, Namakkal, Tamil Nadu-637001.","Registration for Registration for Stilt Floor + 4 Floors Residential Apartment Building with 16 Dwelling Units at Comprised in Old S.No.110/2A, Wad.13, New S.No.110/2A1A1A1C, Old S.No. 110/2A, Karuppur Village, Omalur Taluk, Salem District.","The Assistant Director, T&CP, Salem District PP Approval Letter No. & Date: SWP/BPA/400282/2024 dated 24/12/2024. The Executive Officer, Karuppur Town Panchayat Building Licence No. & Date: 499/2025 dated 28/02/2025","31.08.2030","Promoter Details                                                                     Project Details                                                                     Location of Site: Latitude-114437.1976;Longitude-78251.3060;","",""
"12","TNRERA/29/BLG/0012/2026                                 dated 13-01-2026","Ms INDIA BUILDERS CHENNAI LIMITED 1.PREMILA HARIMOHAN 2.VIDYA SHANKAR 3.BHANUMATHI KANNAN 4.(i) C.V.MURALI (ii) RAGHU VENKAT NARAYAN 5.C.S.VEERARAGHAVAN 6.B.KANAKARAJU, Plot No.AA-36, 3RD STREET, 3RD MAIN ROAD, ANNA NAGAR, Chennai, Tamil Nadu-600040.","Project Name: RAGHURegistration for Stilt Floor(Parking) + 5 Floors Residential Building 10 dwelling units of Block no B6, 6th cross street and 11th Cross street, Goch Colony, Besant Nagar, comprised in T.S.No.8/10, Block no.40 of Urur Village, Chennai District.","CMDA issued Planning permission No. OL-PP/NHRB/0249/2025 in Letter No: CMDA/PP/NHRB/S/0098/2025 dated 27/06/2025. Greater Chennai Corporation issued Building permission in Letter No: CEBA/WDCN13/00279/2025 dated 12.07.2025.","31.12.2030","Promoter Details                                                                     Project Details                                                                     Location of Site: Latitude-13.027352;Longitude-80.253214;","",""
"13","TNRERA/11/BLG/0013/2026                                 dated 13-01-2026","M/s. Zenvistas Realty Ventures LLP, C/o. Sri Baby Property Developers Pvt Ltd,365/12, 5th floor, 5B, Mayflower Signature,Avinashi road,, Peelamedu , Coimbatore - 641  004, Coimbatore, Tamil Nadu-","Project Name: ZENORARegistration for  Residential Building with Block Nos. 1 to 59  of  Ground  Floor + 2 Floors with 1 dwelling unit each totally 59 dwelling units and Block No.60 Amenities Block with Ground Floor + 4 Floors ( Ground Floor - Cafe , Buffet court & Dining , 1st Floor - Library , Gaming zone & Yoga room , 2nd Floor- Gym , Activity room & Bussiness room , 3rd Floor - Saloon & Spa , Mini theatre Game room , 4th Floor - Swimming pool)  Comprised in S.Nos. 917/1 , 918/2 , 918/3 , 918/4B of  Kalapatti (East)   Village , Coimbatore  North  Taluk , Coimbatore District.","The  Joint  Director , T&CP , Coimbatore District has issued planning permission vide letter No. SWP/BPA/0614755/2025 dated 29.11.2025. The Commissioner ,Coimbatore  City  Municipal  Corporation has issued building permission vide letter No. 162/BL/2025/02/006/02041  dated 12.12.2025","11.12.2030","Promoter Details                                                                     Project Details                                                                     Location of Site: Latitude-11.065518;Longitude-77.049703;","",""
"14","TNRERA/10/BLG/0014/2026                                 dated 13-01-2026","M/s. CHEVVEL CONSORTIUM, Door No.88/2, ERANIYAN STREET, SOLAR, Erode, Tamil Nadu-638002.","Project Name: FAIR FIELDRegistration for Stilt Floor + 4 Floors with 12 Dwelling Units at Survey No.1349/5G, Erode ‘C’ Village, Erode Taluk, Erode District.","The Assistant Director, T&CP, Erode District has issued Planning Permission in Planning Permission No. 05/2024 in Letter ROC No. SWP/BPA/072446/2023, dated 05/02/2024. The Commissioner, Erode Corporation has issued Building Permission in Letter RC No. 056/BL/2024/00185, dated 15/03/2024.","01.03.2027","Promoter Details                                                                     Project Details                                                                     Location of Site: Latitude-11.323202;Longitude-77.752934;","",""
"15","TNRERA/29/BLG/0015/2026                                 dated 13-01-2026","M/s SRI AYYAN HOMES, Door No.12B, Ground floor,  Vallakottai Murugan Street, Rajamanikkam Nagar,  Keelkattalai - Chennai 600117, Chennai, Tamil Nadu-","Project Name: AYYAN DEVESHRegistration for  Stilt Floor + 4 Floors + 5th Floor(pt)  Residential Building with 37 Dwelling Units (Affordable Housing) at Vignarajapuram 2nd Main Road , Vengaivasal, Chennai 600126 comprised in Old S.No.41/4B4 & 41/4B5 , as per patta New S.No.41/4B4A2 & 41/4B5A2 of Vengaivasal Village within the Limits of St.Thomas Mount Panchayat Union, Chennai District.","CMDA issued Planning Permission No. OL-PP/NHRB/0460/2025 in Letter No. CMDA/PP/NHRB/S/0559/2025, Dated 17/11/2025. The President, Vengaivasal Village Panchayat, issued Building Permission in Letter ROC No. 84/2025, Dated 25/11/2025.","31.12.2033","Promoter Details                                                                     Project Details                                                                     Location of Site: Latitude-12.93196;Longitude-80.190964;","",""
"16","TNRERA/1/BLG/0016/2026                                 dated 13-01-2026","G CHANDRASHEKAR, Door No.4/24,, 3rd STREET JEEVAN NAGAR,Adambakkam, Chennai, Kancheepuram, Tamil Nadu-600088.","Project Name: ISHWARYA APARTMENTSRegistration for Stilt Floor + 3 Floors Residential Building with 15 Dwelling units Comprised in Old.S.No.206/8 (Document), S.Nos.206/8A, 206/8B & 206/8C (Patta) of Medavakkam Village, Chennai District.","CMDA issued Planning Permission No: OL-PP/NHRB/0167/2025 in Letter No: CMDA/PP/NHRB/S/0254/2025 dated 13/05/2025. The Executive officer/Village Panchayat, issued building permission in Letter ROC No: 31/2025 dated 31/07/2025.","12.05.2030","Promoter Details                                                                     Project Details                                                                     Location of Site: Latitude-12.920676;Longitude-80.194966;","",""
"17","TNRERA/29/BLG/0017/2026                                 dated 13-01-2026","M/s.HANSA ESTATES PRIVATE LIMITED, Door No.19, Wheatcroft Road, Nungambakkam, Chennai - 600034, Chennai, Tamil Nadu-","Project Name: HANSA DIAMONDRegistration for construction of Group Housing of Residential Development consisting of 2 Blocks , Block -1: Stilt Floor (Parking) + 4 Floors + 5th Floor Part (Height -18.0m) with 36 Dwelling units, Block -2: Stilt Floor (Parking) + 4 Floors + 5th Floor Part (Height -18.0m) with 28 Dwelling units, Totally 64 Dwelling units (Affordable Housing) at Public purpose plot in Approved Layout PPD./ L.O No.34/2016, in Gems Park Road and KCP Road, Thiruvottiyur, Chennai District Comprised in Old S.No.276, 277, 278, 279/1 and T.S.No.7/11, Block No.18, Ward-G, of Thiruvotriyur Village within the limits of Greater Chennai Corporation, Thiruvotriyur Taluk, Chennai District.","The CMDA issued Planning Permission No.OL-PP/NHRB/0061/2025 in Letter No.CMDA/PP/NHRB/N/0821/2024 dated 25/02/2025. The Greater Chennai Corporation issued Building Permission No.CEBA/WDCN01/00138/2025 dated 03/04/2025.","30.04.2027","Promoter Details                                                                     Project Details                                                                     Location of Site: Latitude-13.164805;Longitude-80.296458;","",""
"18","TNRERA/35/BLG/0018/2026                                 dated 14-01-2026","Isha Homes (India) Private Limited, Plot No.Old No. 55, New No. 74,, First Avenue, Indira Nagar, Adyar Village , Chennai, Chennai, Tamil Nadu-600020.                                                                        RISHAB DEVELOPERS, Door No.Unit 311, Alpha Wing, 3rd Floor, Raheja Towers, Anna Salai, Chennai, Chennai, Tamil Nadu-600002.","Project Name: ISHA UNI5Registration for Registration for Residential Group development comprising of 5 Blocks, Block A: Stilt floor (Parking & Pump room) + 1st floor (pt)+ 2nd floor + 3rd floor (pt) + 4th & 5th floor (height-18.30m) with 28 dwelling units (Association Room & IndoorGames at 1st floor, Gym, Yoga & Table Tennis rooms at 2nd floor); Block B: Stilt floor (parking) + 5 floors(height18.30m) with 30 dwelling units; Block C: Stilt floor (Parking) + 5 floors (height-18.30m) with 40 dwellingunits; Block D: Stilt floor (Parking) + 5 floors (Height-18.30m) with 40 dwelling units; Block E: Stilt floor (Parking) +5 floors (height-18.30m) with 35 dwelling units, totally 173 dwelling units (Affordable Housing) at TVS EmeraldGreen acres layout road, Kolapakkam, chennai comprised in s.no. 46/1E, 46/2B & 57/6 of Kolapakkam villagewithin the limits of Kattankulathur Panchayat Union, Vandalur Taluk, Chengalpattu District.","CMDA issued planning permission inOL-PP/NHRB/0437/2025 vide letter No. CMDA/PP/NHRB/S/0396/2025 dated 05/11/2025. President, Kattankolathur Village Panchayat issued building permission in Letter No. Roc No: 02/2025-2026, Dated 22/11/2025.","22.11.2030","Promoter Details                                                                     Project Details                                                                     Location of Site: Latitude-12.876028;Longitude-80.111361;","","Change of Project Bank: State Bank of India, SME Ekkaduthangal Branch, Chennai - 600032 (Collection A/c No.44954897406, Separate A/c No.44948409065, Transaction A/c No.44954794375)"
"19","TNRERA/29/BLG/0019/2026                                 dated 14-01-2026","GT Bharathi Urban Developers Pvt  LTD, Door No.81 & 83, Dr. Alagappa Road, Purasaiwakkam, Chennai, Tamil Nadu-600084.","Project Name: REPUBLIC OF NATURE PHASE - IIRegistration for Block – 6 with Stilt+2 Floors 30 Dwelling Units, Block 8, 9, 10, 11 with G+1st Floor residential building with 8 Dwelling Units, Block: 7 with G+ 4 Floors with 91 Dwelling Units (Totally 129 Dwelling Units) comprised in S.No. 287/3C, 287/4A, 287/5A1, 287/5B, 287/5C, 287/5D1, 287/6A, 287/6B1, 287/7E3, 287/7F3, 287/7G3, 287/7H3, 287/7I3, 287/7J, 287/7K, 287/8,287/9A3, 287/9B3, 287/9C1, 287/11C, 287/12A, 287/13A, 287/13B, 287/14, 287/15, 287/16A, 288/7A, 288/8C, 288/9A, 288/9B, 288/9C, 288/9E1, 288/10, 288/11A, 288/11B, 288/12A1, 288/12B1, 289/2A, 289/2B, 289/2C, 289/2D, 289/2E, 289/2F, 289/2G, 289/2H, 289/3A, 289/3B, 289/3C, 289/3D, 289/4, 290/15D3, 290/15F1, 290/15G1, 290/15H1, 290/15I1 of  Vadanemmeli Village (Hamlet of Thiruvidanthai), Thiruporur Taluk, Chengalpattu District.","The Assistant Director, T&CP, Chengalpattu, issued Planning Permission No. SWP/B.P/M.L.P.A (CD-5) No.104/202 in Letter No. SWP/BPA/483172/2025 Dated 13/10/2025. The President, Vadanemmeli Village Panchayat issued Building Permission in Letter ROC No: 02/2025-2026 Dated 18/11/2025.","31.12.2030","Promoter Details                                                                     Project Details                                                                     Location of Site: Latitude-12.749783;Longitude-80.237324;","",""
"20","TNRERA/35/BLG/0020/2026                                 dated 22-01-2026","M/s. VNCT GLOBAL LLP, Door No.2, SUN CENTRE, First Floor, Tank Bund Road, Nungambakkam, Chennai, Tamil Nadu-600034.","Project Name: PALM BEACH – PHASE IIRegistration for Registration for Plot No. A1, Villa No. 23 - Ground Floor + First Floor with 01 Dwelling Units,  Plot No. A2, Villa No. 24 - Ground Floor + First Floor with 01 Dwelling Units, Plot No. A3, Villa No. 25 - Ground Floor + First Floor with 01 Dwelling Units, Plot No. B1, Villa No. 26 - Ground Floor + First Floor with 01 Dwelling Units, Plot No. B2, Villa No. 27 - Ground Floor + First Floor with 01 Dwelling Units, Plot No. B3, Villa No. 28 - Ground Floor + First Floor with 01 Dwelling Units, Plot No. C1, Villa No. 29 - Ground Floor + First Floor with 01 Dwelling Units, Plot No. C2, Villa No. 30 - Ground Floor + First Floor with 01 Dwelling Units, Plot No. C3, Villa No. 31 - Ground Floor + First Floor with 01 Dwelling Units, Plot No. D1, Villa No. 32 - Ground Floor + First Floor with 01 Dwelling Units, Plot No. D2, Villa No. 33 - Ground Floor + First Floor with 01 Dwelling Units, Plot No. D3, Villa No. 34 - Ground Floor + First Floor with 01 Dwelling Units, Plot No. D4, Villa No. 35 - Ground Floor + First Floor with 01 Dwelling Units, Plot No. D5, Villa No. 36 - Ground Floor + First Floor with 01 Dwelling Units, Plot No. C4, Villa No. 37 - Ground Floor + First Floor with 01 Dwelling Units, Plot No. C5, Villa No. 38 - Ground Floor + First Floor with 01 Dwelling Units, Plot No. C6, Villa No. 39 - Ground Floor + First Floor with 01 Dwelling Units, Plot No. B4, Villa No. 40 - Ground Floor + First Floor with 01 Dwelling Units, Plot No. B5, Villa No. 41 - Ground Floor + First Floor with 01 Dwelling Units, Plot No. B6, Villa No. 42 - Ground Floor + First Floor with 01 Dwelling Units, Plot No. A4, Villa No. 43 - Ground Floor + First Floor with 01 Dwelling Units,  Plot No. A5, Villa No. 44 - Ground Floor + First Floor with 01 Dwelling Units, Plot No. A6, Villa No. 45 - Ground Floor + First Floor with 01 Dwelling Units (Totally 23 Villas) at Survey Nos. 219/4D1 & 219/4D2, 219/4E, 219/4F, 219/4G, 219/4F, 219/5A1B, 219/15, 219/16 of Nemmeli Village, Thiruporur Taluk, Chengalpattu District.","The President, Nemmeli Village, Thiruporur Taluk, Chengalpattu District has issued Building Permission in Letter RC No. SWP/SCM/DTCP/RP/0294084/2025, dated 27.10.2025, SWP/SCM/DTCP/RP/0291302/2025, dated 27.10.2025, SWP/SCM/DTCP/RP/0291317/2025, dated 27.10.2025, SWP/SCM/DTCP/RP/0291353/2025, dated 27.10.2025, SWP/SCM/DTCP/RP/0291436/2025, dated 27.10.2025, SWP/SCM/DTCP/RP/0291471/2025, dated 27.10.2025, SWP/SCM/DTCP/RP/0291505/2025, dated 27.10.2025, SWP/SCM/DTCP/RP/0291581/2025, dated 27.10.2025, SWP/SCM/DTCP/RP/0291599/2025, dated 27.10.2025, SWP/SCM/DTCP/RP/0292435/2025, dated 27.10.2025, SWP/SCM/DTCP/RP/0292475/2025, dated 27.10.2025, SWP/SCM/DTCP/RP/0292583/2025, dated 27.10.2025, SWP/SCM/DTCP/RP/0292115/2025, dated 27.10.2025, SWP/SCM/DTCP/RP/0292064/2025, dated 27.10.2025, SWP/SCM/DTCP/RP/0291610/2025, dated 27.10.2025, SWP/SCM/DTCP/RP/0291812/2025, dated 27.10.2025, WP/SCM/DTCP/RP/0291919/2025, dated 27.10.2025, SWP/SCM/DTCP/RP/0290742/2025, dated 27.10.2025, SWP/SCM/DTCP/RP/0290704/2025, dated 27.10.2025, SWP/SCM/DTCP/RP/0290688/2025, dated 27.10.2025, SWP/SCM/DTCP/RP/0294072/2025, dated 27.10.2025, SWP/SCM/DTCP/RP/0290479/2025, dated 27.10.2025, SWP/SCM/DTCP/RP/0292555/2025, dated 27.10.2025","31.10.2030","Promoter Details                                                                     Project Details                                                                     Location of Site: Latitude-12.642865;Longitude-80.139038;","",""
"21","TNRERA/11/BLG/0021/2026                                 dated 23-01-2026","M/s. Sree Daksha Property Developers India Pvt Ltd.,, SREE DAKSHA PROPERTY DEVELOPERS, NO1 GANDHY LAYOUT, VADAVALLI, Coimbatore, Tamil Nadu-641041.","Project Name: SREE DAKSHA'S LEIARegistration for (Group Development building) of 29 Villas with Ground +1 Floor  comprised in Survey No. 333/1A, 333/1B AND 333/1C of  Veerakeralam Village, Perur Taluk, Coimbatore District.","The Joint Director, DTCP, Coimbatore  issued planning permission in P.P. No.533/2025 vide Letter No.SWP/BPA/0663921/2025 Dated 06/11/2025. The Commissioner, Coimbatore Corporation issued building permission in Letter No. 162/BL/2025/03/039/02015  Dated 08/12/2025.","31.12.2030","Promoter Details                                                                     Project Details                                                                     Location of Site: Latitude-11.00537;Longitude-76.53214;","",""
"22","TNRERA/30/BLG/0022/2026                                 dated 23-01-2026","A.Govindaraj, Door No.B7, Hosur- Thally Road, Thally Hudco, New ASTC Hudco, Appavu Nagar, HOSUR, Krishnagiri, Tamil Nadu-635109.","Project Name: ANAND ELITE APARTMENTRegistration for Stilt Floor + 5 Floors with 50 Dwelling Units at Survey Nos. 398/2, 398/7, 235/3A2 of Mookandapalli Village, Hosur Taluk, Krishnagiri District.","The Deputy Director, T&CP, Krishnagiri District has issued Planning Permission in B.P/H.N.T.D.A (K.D) No. 89/2025 in Letter ROC No. SWP/BPA/509481/2025, dated 12/08/2025. The Commissioner, Hosur Corporation has issued Building Permission in Letter RC No.153/BL/2025/00109, dated 26/09/2025.","31.05.2028","Promoter Details                                                                     Project Details                                                                     Location of Site: Latitude-12.71872;Longitude-77.80247;","",""
"23","TNRERA/20/BLG/0023/2026                                 dated 27-01-2026","GD Foundations, 4c sai prema apartment, sathyasai nagar, Madurai, Tamil Nadu-625003.                                                                        GD Foundations, B. Keshubchander and N.Velu, G.Rajendran, G.Kanagarajan, G.Pirithvairaj, No.43, Sathya Sai Nagar, TVS Nagar, Palanganatham, Madurai, Tamil Nadu-625003.                                                                        G Rajendran, 14H, Sathya sai nagar, VTC: Madurai South, Palanganatham, Madurai, Tamil Nadu-625003.                                                                        G Kanagarajan, No 14J, Sathiya sai nagar 2nd main road, madurai south, palanganatham,, Madurai, Tamil Nadu-625003.                                                                        G Pirithivairaj, 4c sai prema apartment, sathyasai nagar, Madurai, Tamil Nadu-625003.","Project Name: SAI RAMRegistration for Stilt Floor + 5 Floors with Residential Group Housing building with Block 1 and 2  with 50 dwelling units comprised in T.S No. 153/5, 153/6, 153/7 Old Survey No. 210/1 Part, 210/2 Part   Block No. 35 of Madakulam Village, thiruparankundram Taluk, Madurai District.","The Assistant Director, DTCP, Madurai  issued planning permission in P.P.No.146/2025 vide Letter No. SWP/BPA/0353911/2024 Dated 27/05/2025. The Executive Engineer, Madurai Corporation issued building permission in Letter No.115/CP/25-26/0040334 Dated 19/08/2025.","31.12.2027","Promoter Details                                                                     Project Details                                                                     Location of Site: Latitude-9.910951;Longitude-78.096058;","",""
"24","TNRERA/29/BLG/0024/2026                                 dated 27-01-2026","TNUHDB, TNUHDB Division -V, Mylapore, Chennai, Tamil Nadu-600004.","Project Name: ANDIMANIYAM THOTTAMRegistration of 4 Blocks of High Rise Group Development - consisting of Block- A: Partly Stilt floor / Partly Ground floor + 12 floors - Residential Building with 237 Dwelling units, BlockB: Partly Stilt floor /Partly Ground floor + 13 floors - Residential Building with 432 Dwelling units, Block- C: Stilt floor + 3 floors - Residential Building with 18 Dwelling units; and Block-D: Stilt floor + 3 floors - Residential Building with 15 Dwelling units to the existing GF + 3 floors - 24 Dwelling units (Type-A1), GF + 3 floors - 24 Dwelling units (TуpeA2), (Totally 702 + 48 = 750 Dwelling units) at R.K.Mutt Road, Venkatakrishnan Road, Andimanyamthottam, Mylapore, comprising in  R.S. No. 4123/1(Part), Block No. 89 of Mylapore Village,  Chennai District.","CMDA issued Planning permission No. PC/HRB/07/A TO M/2025 in Letter No. C3(S)/1746/2023 dated 22/08/2025. The Greater Chennai Corporation issued Building permission  issued building permission in Letter No.CEBA/WDCN09/00504/2025 dated 26/11/2025.","25.11.2030","Promoter Details                                                                     Project Details                                                                     Location of Site: Latitude-3.027173;Longitude-80.265264;","",""
"25","TNRERA/29/BLG/0025/2026                                 dated 27-01-2026","TNUHDB, TNUHDB Division 2, Kalyanapuram, Vyasarpadi, Chennai, Tamil Nadu, Vyasarpadi, Chennai, Tamil Nadu-600039.","Project Name: East Cemetry Road schemeRegistration for Residential Building 5 Blocks, Block No: A Stilt Floor (part) + Ground Floor (Part) +  11 Floors with 414 dwelling units Block No: B & C: Stilt Floor (Part) + Ground Floor (Part) + 11 Floors with 740 dwelling units Block No: D: Stilt Floor (Part) + Ground Floor (Part) + 11 Floors with 184 dwelling units Block No: E: Stilt Floor (Part) + Ground Floor (Part) + 11 Floors with 162  dwelling units(Totally 1500 dwelling units) Comprised in R.S.No. 1651/2, Block No: 23, Ward-51 of Tondiarpet Village, Tondiarpet Taluk, Chennai District.","CMDA issued Planning Clearance No PC/HRB/14 (A to I) /2025 in Letter No.C3 (N) / 12415 / 2024, dated:16.12.2025. The Greater Chennai Corporation, issued Building Permission No. CEBA/WDCN04/00540/2025 Dated: 23.12.2025.","22.12.2030","Promoter Details                                                                     Project Details                                                                     Location of Site: Latitude-13.1096457;Longitude-80.283182;","",""
"26","TNRERA/11/BLG/0026/2026                                 dated 27-01-2026","Sri Gujan Builder, Plot No.6/29, East Street, Thondamuthur Village , Coimbatore, Coimbatore, Tamil Nadu-641109.                                                                        Sinduja and Elamathi, Plot No.319, Kamachiamman Kovil Street, Navavoor Village , Coimbatore, Coimbatore, Tamil Nadu-641046.","Project Name: GUJANS PARIPALANA PHASE IV BLOCK-1Registration for Stilt Floor + 5 Floors residential building with 30 dwelling units at site Nos- 1,2,3 East, 16 East, 17, 18, comprised in S.F.Nos.144/2A6, 144/2A7, 144/2A8, 144/2A9, 144/2A14, 144/2A15, 144/2A16, 144/2A17 of Madampatti Village, Perur Taluk, Coimbatore Corporation, Coimbatore District.","The Joint Director, T&CP, Coimbatore District issued Planning Permission No: 432/2025 in Lr ROC No: SWP/BPA/581882/2025 dated 21/07/2025.  The President, Thodamuthur Panchayat Union issued building permission in Lr No: 34 dated 01/08/2025.","30.04.2033","Promoter Details                                                                     Project Details                                                                     Location of Site: Latitude-10.935715;Longitude-76.874078;","","Change of Project Bank: City Union Bank Ltd., Perur Branch, Coimbatore - 641010 (Collection A/c No.510909010386000, Separate A/c No.510909010387258, Transaction A/c No.510909010387233)"
"27","TNRERA/29/BLG/0027/2026                                 dated 27-01-2026","M/s.GKS PROPERTIES PVT LTD, Door No.3, CLUB ROAD, CHETPET Village , CHENNAI, Chennai, Tamil Nadu-","Project Name: TULIVE ROSENDALERegistration for  Stilt floor + 5 floors (Height – 18.30m) Residential Building with 10 Dwelling units at new Door No.42, Old Door No.50, Beach Road, Kalashethra Colony, Chennai 600090, comprised in S.No.166/2 (Pt) (Document) and T.S.No.15, Block No.56 of Thiruvanmiyur Village, Chennai District.","CMDA issued Planning Permission No: OL-PP/NHRB/0428/2025 in Lr No: CMDA/PP/NHRB/S/0738/2025 dated 28/10/2025.   Greater Chennai Corporation issued building permission in Lr No: CEBA/WDCN13/00481/2025 dated 27/11/2025.","31.12.2029","Promoter Details                                                                     Project Details                                                                     Location of Site: Latitude-12.993427511937178;Longitude-80.26425770210388;","",""
"28","TNRERA/11/BLG/0028/2026                                 dated 27-01-2026","M/s.Sri Gujan Builder, Door No.6/29, East Street, Thondamuthur, Coimbatore, Tamil Nadu-641109.                                                                        S.Sinduja, iii) N.Elamathi, Door No.319, Kamachiamman Kovil Street, Navavoor, Coimbatore, Tamil Nadu-641046.","Project Name: GUJANS PARIPALANA PHASE IV BLOCK-2Registration for Stilt Floor + 5 Floors Residential Building with 30 dwelling units at site Nos- 3 west, 4, 5, 14, 15, 16west - S.F.Nos.144/2A2, 144/2A3, 144/2A4, 144/2A5, 144/2A10, 144/2A11, 144/2A12, 144/2A13 of Madampatti Village, Perur Taluk, Coimbatore District.","The Joint Director, T&CP, Coimbatore District issued Planning Permission No: 134/2025 in Lr No: SWP/BPA/581078/2025 dated 21.07.2025. The President, Thondamuthur Panchayat Union has issued Building Permission in Lr No.33, dated 01/08/2025.","30.04.2033","Promoter Details                                                                     Project Details                                                                     Location of Site: Latitude-10.935715;Longitude-76.874078;","","Change of Project Bank: City Union Bank Ltd., Perur Branch, Coimbatore - 641010 (Collection A/c No.510909010387240, Separate A/c No.510909010387232, Transaction A/c No.510909010387241)"
"29","TNRERA/29/BLG/0029/2026                                 dated 27-01-2026","M/s. NETWORK INFRA BUILDCON PRIVATE LIMITED, Door No.6, PADMANABHA NAGAR 2ND STREET, ADYAR, Chennai, Tamil Nadu-600020.","Project Name: THE GRIDRegistration for Stilt Floor + 1st and 2nd Floor (Shop) and 3rd Floor, Office - Commercial Building at Plot No.6 part , Door No.6 , Secretariat Colony , Ambattur , Chennai. Comprised in Old S.No. 604/1B part , T.S.No.28/2 , Block No.10 , Ward - B  of  Ambattur  Village , Ambattur  Taluk , Chennai District.","The Senior Planner , Area Plan Unit , CMDA , Chennai has issued planning permission vide letter No. PP/NHRB/N/603/2021 dated 19.05.2022. The Executive Engineer (T.P.) , Greater Chennai Corporation , Chennai has issued building permission vide letter No.CEBA/WDCN07/00200/2022  dated  12.07.2022.","31.12.2026","Promoter Details                                                                     Project Details                                                                     Location of Site: Latitude-13.122478;Longitude-80.148836;","",""
"30","TNRERA/5/BLG/0030/2026                                 dated 30-01-2026","P SETHUMANICKAM, Door No.D NO 14, POST OFFICE STREET,  KRISHNA NAGAR, ALLAPURAM, Vellore, Tamil Nadu-632001.                                                                        S NANDHINI, Door No.D NO 14, POST OFFICE STREET,  KRISHNA NAGAR, ALLAPURAM, Vellore, Tamil Nadu-632001.","Project Name: RESIDENTIAL HOUSERegistration for Stilt Floor (Parking) + 5 Floors Residential building with 15 dwelling units at comprised in T.S.No. 81 (Old S.F.No.189/2), Plot No. A2/65 in Approved Layout No. L.P.H./D.T.P.: 74/60, Ward No.9, Block No. 5, Zone-I of Gandhi Nagar, Vellore City Municipal Corporation, Katpadi Taluk, Vellore District.","The Joint Director, T&CP, Vellore District issued Planning Permission No.B.P./VELLORE-LPA/P.P.NO.12/2025 in Letter No.SWP/BPA/484073/2025  dated 25/04/2025. The Commissioner, Vellore City Municipal Corporation issued Building Permission No.035/CP/25-26/0002807 in Letter No.035/BPA/2025/00156 dated 29/05/2025.","31.05.2029","Promoter Details                                                                     Project Details                                                                     Location of Site: Latitude-12.952803;Longitude-79.140012;","",""
"31","TNRERA/29/BLG/0031/2026                                 dated 30-01-2026","M/s.HRPL Homes and Infrastructures Pvt Ltd Rep by its Director Thiru.S.S.Prasad Babu, Door No.No.11/42, 12TH AVENUE, ASHOK NAGAR, CHENNAI - 600083, Chennai, Tamil Nadu-","Project Name: HARMONY NAVRANGRegistration for Promoter share of Flats Nos.102, 302, 402, 501, 502, 503 (Total 06 Flats), Stilt Floor + 5 Floors (18.30m - height) Residential Building with 15 dwelling units Availing Premium FSI with TOD Benefit at Old Door No.179, New No.12, Rangarajapuram main Road, Kodambakkam, Chennai – 600 024. comprised in (Paimash Nos.1016,1017, 1018 & 1019) and T.S.No.66, Block No.37, of Puliyur Village within the limit of Greater Chennai Corporation, Egmore Taluk, Chennai District.","The CMDA issued Planning Permission No.OL-PP/NHRB/0381/2025 in Letter No.CMDA/PP/NHRB/C/0261/2025 dated 29/09/2025. The Greater Chennai Corporation issued building permission in Letter No.CEBA/WDCN10/00461/2025 dated 10/11/2025 .","30.06.2028","Promoter Details                                                                     Project Details                                                                     Location of Site: Latitude-13.04608;Longitude-80.22911;","",""
"32","TNRERA/29/BLG/0032/2026                                 dated 30-01-2026","CEEBROS PROPERTY DEVELOPMENT PRIVATE LIMITED REP BY ITS MANAGING DIRECTOR MR C SUBBA REDDY (PROMOTER) AND MR MADHUSUDHAN RHENIUS (LAND OWNER), Door No.19/1, Plot No.8, SUKRITI, THIRD CROSS STREET, RAJA ANNAMALAIPURAM Village , CHENNAI, Taluk.MYLAPORE, Chennai, Tamil Nadu-600028.","Project Name: VEDHAGAMRegistration for Stilt Floor (parking) + 4 Floors + 5th Floor part Residential building with 9 dwelling units at Old door No.5, New Door No.17, Krishnamma Road and Nageswara Road, Nungambakkam, Chennai District comprised in R.S.No.144/5 and 144/15 in Block No.21 of Nungambakkam Village within the limits of Greater Chennai Corporation Chennai District.","CMDA Planning Permission No. OL-PP/NHRB/0502/2025 issued in letter No. CMDA/PP/NHRB/C/0751/2025 dated 19-12-2025. The Greater Chennai Corporation, issued Building Permission No. CEBA/WDCN09/00545/2025 dated 30/12/2025.","31.12.2030","Promoter Details                                                                     Project Details                                                                     Location of Site: Latitude-13.059493;Longitude-80.245773;","",""
"33","TNRERA/29/BLG/0033/2026                                 dated 03-02-2026","M/s. S & S Foundations Pvt Ltd (Owner) & Thiru. Sundararaj (GPA Holder), No.45, Dr.Giriappa Road, T.Nagar, Chennai – 600 017, Chennai, Chennai, Tamil Nadu-600117.","Project Name: S&S CENTRISRegistration for construction of Group Housing Development with 2 Blocks; Block A – Stilt floor + 5 floors Residential Building with 55 Dwelling units; Block B - Ground floor (Gym & Association room) + 2 floors Residential Building with 4 Dwelling units; Totally 59 Dwelling units at Rajiv Gandhi Salai (OMR) and Estate 2nd Main Road, Palavakkam, Chennai comprised in S.No.131/11A, 131/16, 138/1A1B1, 138/1A1B2 & 138/1A1A2 of Palavakkam Village Within the Limits of Greater Chennai Corporation Chennai District.","The CMDA Planning Permission No. OL-PP/NHRB/0398/2025 issued in letter No. CMDA/PP/NHRB/S/0390/2025 dated 14-10-2025. The Greater Chennai Corporation issued in Building Permission No. CEBA/WDCN14/00471/2025 dated 18/11/2025.","31.03.2028","Promoter Details                                                                     Project Details                                                                     Location of Site: Latitude-12.962014;Longitude-80.246228;","",""
"34","TNRERA/11/BLG/0034/2026                                 dated 03-02-2026","M/s.TNCD LLP, Door No.TS No 114/2, Plot No.-, Kamaraj Road,  Uppilipalayam, Taluk.Coimbatore South Taluk, Coimbatore, Tamil Nadu-641015.","Project Name: ATLANTIC CITYRegistration for Basement Floor + Stilt Floor + First Floor + Twelth Floors Residential building with 178 dwelling units comprised in T.S.No.1/3, Ward.B(49), Block No.114 of Kavundampalayam Village, Coimbatore Corporation, Coimbatore North Taluk, Coimbatore District.","The Joint Director, T&CP, Coimbatore District issued Planning Permission No.843/2025 in Letter No.SWP/BPA/532639/2025 dated 25/11/2025. The Commissioner, Coimbatore City Municipal Corporation issued building Permission No.162/CP/25-26/0303415 in Letter No.162/BL/2025/03/016/02109 dated 24/12/2025.","30.12.2030","Promoter Details                                                                     Project Details                                                                     Location of Site: Latitude-11.041293;Longitude-76.925441;","",""
"35","TNRERA/29/BLG/0035/2026                                 dated 06-02-2026","R REVATHIKUMAR, Door No.6/3, KODAMBAKKAM ROAD WSET, WEST MAMBALAM Village , Chennai, Tamil Nadu-600033.                                                                        -, Plot No.-, -, - Village , -, Taluk.-, Chennai, Tamil Nadu--.                                                                        -, Plot No.-, -, - Village , Taluk.-, Chennai, Tamil Nadu--.                                                                        -, Plot No.-, -, - Village , Taluk.-, Chennai, Tamil Nadu--.                                                                        -, Plot No.-, -, - Village , Taluk.-, Chennai, Tamil Nadu--.","Project Name: SUPRABHATH CONSTRUCTIONSRegistration for Developer share of Flat Nos. A1, A2, B1, B2, B3, B4 & B5 Totally 7 dwelling units Stilt Floors + 5 Floors Residential Building with 13 dwelling units at  Old Survey No. 93/7 of T.S No. 53&54 comprised in Block No. 14,WARD -E of Adambakkam Village, Alandur Taluk, Chennai District.","CMDA Planning Permission No. OL-PP/NHRB/0103/2025 issued in Letter No. CMDA/PP/NHRB/S/0178/2024 dated 25-03-2025.The Greater Chennai Corporation, issued Building Permission No. EBA/WDCN12/00152/2025 dated 08/04/2025.","01.03.2030","Promoter Details                                                                     Project Details                                                                     Location of Site: Latitude-12.985876696475966;Longitude-80.19515678039852;","",""
"36","TNRERA/16/BLG/0036/2026                                 dated 06-02-2026","LN LETCHUMANAN, Plot No.NO 14, WEST EXTENSION,11 TH CROSS, THILLAINAGAR Village , TRICHY, Tiruchirappalli, Tamil Nadu-620018.","Project Name: NAGAPPA TOWERSRegistration for Stilt + 5 Floors with 10 dwelling units comprised in T.S.No: 1/1,1/6,1/8 of Block No:36,Ward-M, Thillai Nagar, Zone-V Village, Tiruchirappalli Taluk, Tiruchirappalli District.","Joint Director(i/c)/Assistant Director, T&CP, Tiruchirapalli District  issued planning permission in Letter No.SWP/BPA/627 521/ 2025 dated 08/10/2025. Assistant Commissioner, Tiruchirapalli Corporation   issued building permission in Letter No.086/BPA/2025/00571 vide letter No. 086/BL/2025/00480 dated 21/11/2025","06.12.2029","Promoter Details                                                                     Project Details                                                                     Location of Site: Latitude-10.819366;Longitude-78.686894;","",""
"37","TNRERA/16/BLG/0037/2026                                 dated 06-02-2026","Door No.M/s. Navarathna Property Developers, Flat No. A3, No. D-72, Navaneetha’s Sagunthala, 8th Cross East, Thillai Nagar, Tiruchirappalli, Tamil Nadu-620018.","Project Name: NAVARATHNA PARK RESIDENCYRegistration for Stilt Floor + 4 Floors with 32 Dwelling Units at Ward - AV, Block No.1, Town Survey No.83 (Old Survey No. 143/2B) of Kottapattu Village, Trichy East Taluk, Ponmalai Zone, Tiruchirappalli District.","The Joint Director, T&CP, Tiruchirappalli District has issued Planning Permission   in Letter ROC No. SWP/BPA/592997/2025, dated 15/09/2025. The Assistant Commissioner, Tiruchirappalli Corporation has issued Building Permission in Letter RC No. 086/BL/2025/00499, dated 10/12/2025.","09.12.2030","Promoter Details                                                                     Project Details                                                                     Location of Site: Latitude-10.757502;Longitude-78.694526;","",""
"38","TNRERA/29/BLG/0038/2026                                 dated 06-02-2026","S.KUMAR, Door No.10, Plot No.72, PLOT NO: 72, DOOR NO: 10, JANAKPURI 1ST STREET, SANKARAN AVENUE, VELACHERY, CHENNAI 600 042, CHENNAI - 600  042, Chennai, Tamil Nadu-","Project Name: KUMAARS CREST WOODRegistration for Stilt Floor + 4 Floors + 5th floor (Part)  Residential  Building with 19 Dwelling units  at Plot No.275 & 276 , Srinivasa Nagar , Balaji Street , Madipakkam , Chennai - 600 091. Comprised in Old S.No.92/2 (Document) , S.Nos.92/61 & 92/62 (Patta)  of  Madipakkam  Village , Sholinganallur Taluk , Chennai District.","The  Assistant  Planner , CMDA , Chennai has issued planning permission vide letter No.  CMDA/PP/NHRB/S/0196/2025 dated 17.09.2025. The  Executive  Engineer (T.P.) , Greater Chennai Corporation has issued building permission vide letter No.  CEBA/WDCN14/00423/2025 dated 08.10.2025.","31.12.2035","Promoter Details                                                                     Project Details                                                                     Location of Site: Latitude-12.966450;Longitude-80.214709;","",""
"39","TNRERA/8/BLG/0039/2026                                 dated 06-02-2026","V.SATHYAMOORTHY & CO, 5/646-A, Mullai Nagar, Trichy Road,, Namakkal, Tamil Nadu-637001.","Project Name: MEIRA BLOOMRegistration for Stilt Floor + 5 Floors with 20  dwelling units comprised in Plot no.2A, T.S. no:33, Block No.23 in Ward No. D, at Namakkal village, Namakkal Taluk, Namakkal Corporation, Namakkal District.","The Assistant Director, DTCP, issued planning permission in P.P.No. 29/2025 vide  Letter No. SWP/BPA/551197/2025 dated 12/07/2025.  The Commissioner, Namakkal Corporation issued building permission in Letter No. 051/BL/2025/00069 , Dated 01/08/2025.","31.07.2030","Promoter Details                                                                     Project Details                                                                     Location of Site: Latitude-11.211426;Longitude-78.167975;","",""
"40","TNRERA/29/BLG/0040/2026                                 dated 06-02-2026","K Balachandar, Flat No.A3, Door No.27, kumaran colony 1st street, chennai, Chennai, Tamil Nadu-600026.","Project Name: GallopRegistration for Stilt floor + 3 floor +  4th floor (Part)  Commercial Building T.S.No.2 (As per Document) T.S.No.4/1 (As per patta) Block-4 (As per Document) Block No.5  (As per Patta) at Door No.128, Chakrapani Street and Five Furlong Road, Velachery Village, Velachery Taluk, Chennai District.","CMDA Planning Permission No. OL-PP/NHRB/0018/2023 issued in letter No. CMDA/PP/NHRB/S/0453/2022 dated 10/01/2023. The Greater Chennai Corporation issued building permission No. CEBA/WDCN13/00042/2023 dated 08/02/2023.","31.12.2026","Promoter Details                                                                     Project Details                                                                     Location of Site: Latitude-13.0035049;Longitude-80.2094001;","",""
"41","TNRERA/29/BLG/0041/2026                                 dated 10-02-2026","DAC DEVELOPERS PRIVATE LIMITED, Flat No.A-1, Ground Floor, No.19, K-Block, 1st Main Road, 1st Avenue, Anna Nagar East, Chennai, Tamil Nadu-600102.","Project Name: CAMBRIDGE BY DACRegistration of 2 Blocks; Block 01 – Stilt Floor + 4 floors + 5th floor (Part) Residential Building with 40 Dwelling units; Block 02 – Stilt Floor + 4 floors + 5th floor (Part) Residential Building with 100 Dwelling units; Totally 140 Dwelling units with Swimming pool, Indoor Games Room,Gym, AV room, Yoga Room at Bharathi Nagar Main Road, Semmencheri, comprised in Old S.No.74/2, 74/3 & 77, T.S.No.15, 16, 17 & 18, Block No.9, Ward - G of SemmencheriVillage, Sholinganallur Taluk Chennai District.","CMDA issued planning permission No. OL-PP/NHRB/0512/2025 in Letter No. CMDA/PP/NHRB/S/0565/2025 dated 29/12/2025. Greater Chennai corporation issued Building permission in Letter No. CEBA/WDCN15/00002/2026 dated 09/01/2026","30.01.2030","Promoter Details                                                                     Project Details                                                                     Location of Site: Latitude-125141.4;Longitude-801350.2;","","Change of Project Bank: State Bank of India, SME Ekkaduthangal Branch, Chennai - 600032 (Collection A/c No.44994365655, Separate A/c No.44994340131, Transaction A/c No.44994519437)Revised Carpet Area Statement"
"42","TNRERA/32/BLG/0042/2026                                 dated 11-02-2026","M/s.Casagrand Covaan Private Limited, Sri Dwaraka 2nd Floor No 1 - A , B R Nagar Main Road , Singanallur Post ,, Coimbatore - 641 005, Coimbatore, Tamil Nadu-","Project Name: CASAGRAND KEYSTONERegistration for  Group Development Building Consists of 2 Blocks with Combined Basement , Block 1 - Ground Floor + 5 Upper Floors with 88 Dwelling Units , Block 2 with Amenity Block : Ground Floor (Part) + First Floor (Part) + Second Floor (Part) +  3 Upper Floors with 54 dwelling units , Amenity Block : Ground Floor (Part) + First Floor (Part) + Second Floor (Part)  and by totally 142 dwelling units with Swimming Pool at Ground Level. Comprised in S.No. 257/1B1  of  Rakkiapalayam  Village , Avinashi  Taluk , Tiruppur District.","The  Assistant  Director , T&CP , Tiruppur  District has issued planning permission vide letter No. SWP/BPA/686795/2025   dated 09.01.2026.  The  Commissioner , Thirumuruganpoondi  Municipality has issued building permission vide letter NO. 165/BL/2026/00003  dated 20.01.2026.","09.04.2028","Promoter Details                                                                     Project Details                                                                     Location of Site: Latitude-11.157236;Longitude-77.301274;","",""
"43","TNRERA/29/BLG/0043/2026                                 dated 16-02-2026","AAnirudh Flat Promoters (P) Ltd, Door No.4, Lakshmi Nagar,10th Street, Nanganallur, Chennai, Tamil Nadu-600061.                                                                        Aanirudh Flat Promoters pvt ltd, Door No.1D, Arathi Apartment”,No.4,40th Street,Nanganallur,Chennai, Nanganallur, Chennai, Tamil Nadu-600061.                                                                        Murugan R, Door No.3, First Floor,Subramanian Flats,3rd Street,B.V.Nagar South,SBI Extension Colony,Nanganallur,Chennai – 600 061., Nanganallur, Chennai, Tamil Nadu-600061.                                                                        Alamelu Vasudevan, No.1flat F,Meenakshi Manor Apartment,19th Street,Nanganllur,Chennai – 600 061, Nanganallur, Chennai, Tamil Nadu-600061.                                                                        V Ragupathi, No.2,Virupaksha Flats,Flat-T3,16th Street,Behind Ganesh Mandali Kalyana Mandapam, Nanganallur,Chennai – 600 061., Nangannallur, Chennai, Tamil Nadu-600061.                                                                        Rajaram v, No.1/8,17th Street,Vengadam Flats, NCBS Colony,Nanganallur,Chennai- 600 061., Nanganallur, Chennai, Tamil Nadu-600061.                                                                        Uma Subramanian, No.9320,S.ORCHARD PARK,CIR,#1A,OAK Creek,Wisconsin,the United States Of Americe(USA), Nanganallur, Chennai, Tamil Nadu-600061.                                                                        Deepika Rangarajan, No.3,First Floor,Subramanian Flats,3rd Street,B.V.Nagar South,SBI Extension Colony,Nanganallur,Chennai – 600 061., Nanganallur, Chennai, Tamil Nadu-600061.                                                                        Vasudevan, ""No.1/14,Vengadam Flats,17th Street, Nanganallur, Chennai – 600 061."", Nanganallur, Chennai, Tamil Nadu-600061.                                                                        Rajalakshmi, ""No.1/14,Vengadam Flats,17th Street, Nanganallur, Chennai – 600 061."", Nanganallur, Chennai, Tamil Nadu-600061.                                                                        Balakumar, ""No.1/14,Vengadam Flats,17th Street, Nanganallur, Chennai – 600 061."", Nanganallur, Chennai, Tamil Nadu-600061.                                                                        Abhirami, ""No.9320,S.ORCHARD PARK,CIR,#1A,OAK Creek,Wisconsin,the United States Of Americe(USA)"", Nanganallur, Chennai, Tamil Nadu-600061.                                                                        NR Achutharaman, ""old No.5/4,New No.1/4,Vengadam Flats,17th Street,NCBS Colony ,Nanganallur, Chennai – 600 061."", Nanganallur, Chennai, Tamil Nadu-600061.                                                                        R Vijayaraman, ""Flat No.18,Vengadam Flats,17 Street,NCBS Colony,Nanganallur, Chennai – 600 061."", Nanganallur, Chennai, Tamil Nadu-600061.                                                                        Mathura G, ""No.1,Vengadam Flats,17 Colony,Nanganallur,Chennai - 600 061."", Nanganallur, Chennai, Tamil Nadu-600061.                                                                        Vaidehi Rangarajan, ""No.11/9,Flat No.202,RSD GOKULAM,17th Street,NCBS Colony, Nanganallur,Chennai – 600 061."", Nanganallur, Chennai, Tamil Nadu-600061.                                                                        S Srinivasan, ""No.1,Vengadam Flats,17 Colony,Nanganallur,Chennai - 600 061."", Nanganallur, Chennai, Tamil Nadu-600061.                                                                        S Rangarajan, ""Compound 13,Villa 3,Al Baz Street,Khalifa City A, Abudhabi, Po Box :144413."", Nanganallur, Chennai, Tamil Nadu-600061.                                                                        Vinodkrishna, ""No.1/7,17th Street,Vengadam Flats,NCBS Colony,Nanganallur,Chennai"", Nanganallur, Chennai, Tamil Nadu-600061.                                                                        Rukmani, ""Flat No.13,No1,17th Street,NCBS Colony,Nanganallur,Chennai – 600 061."", Nanganallur, Chennai, Tamil Nadu-600061.                                                                        P Subramanian, ""9-B,29th Street,Thillai Ganga Nagar,Nanganallur,Chennai – 600 061."", Nanganallur, Chennai, Tamil Nadu-600061.                                                                        N Ramachandran, ""No.6,Vengadam Flats ,17 Street,NCBS Colony,Nanganallur, Chennai – 600 061."", Nanganallur, Chennai, Tamil Nadu-600061.                                                                        PS Rajagopalan, ""No.1/8,17th Street,Vengadam Flats, NCBS Colony,Nanganallur,Chennai- 600 061."", Nanganallur, Chennai, Tamil Nadu-600061.                                                                        Uma Subramaniam, ""No.4,Lakshmi Nagar,10th Street,Nanganallur,Chennai – 600 061"", Nanganallur, Chennai, Tamil Nadu-600061.                                                                        R Rajagopalan, ""No.5,New No.1,17th Street,Vengadam Flats,NCBS Colony, Nanganallur,Chennai – 600 061."", Nanganallur, Chennai, Tamil Nadu-600061.                                                                        Vijaya Narayanarao, ""No.3,17th Street,Nanganallur, Chennai – 600 061."", Nanganallur, Chennai, Tamil Nadu-600061.","Project Name: AANIRUDH VENGADAMRegistration for Stilt floor + 4 floors + 5thfloor (Part) (1Height – 18.30m) Residential Building with 27 dwelling units Availing Premium FSI with TOD Benefitat Plot No.29, New Door No.3, Old Door No.1 & 2, Nanganallur 17th Street, NCBS Colony, Nanganallur, Chennai comprised in S.No.19/3 (Pt), 19/4 (Pt), 20/1 (Pt) & 20/3 (pt) (Document) and T.S.No.18/1 & 18/2, BlockNo.31, Ward-B (Patta) of Nanganallur Village, Alandur Taluk Within the Limits of Greater Chennai Corporation, Chennai District.","CMDA issued Planning Permission No. OL-PP/NHRB/0472/2025 in Letter No. CMDA/PP/NHRB/S/0687/2025, Dated 25/11/2025. Greater Chennai Corporation issued Building Permission in Letter No. CEBA/WDCN12/00533/2025, Dated 23/12/2025.","28.11.2031","Promoter Details                                                                     Project Details                                                                     Location of Site: Latitude-13.0145;Longitude-80.2287;","",""
"44","TNRERA/29/BLG/0044/2026                                 dated 17-02-2026","K S SRI MOORTHI, Plot No.2, Sri Iyyappa Nagar, 1st Street, Kolathur, Chennai, Tamil Nadu-600099.","Registration for Stilt Floor (Parking) + 4 Floors Residential Building with 20 dwelling units at Plot No. 12 & 12A, Perumal Nagar, Puthagaram, Chennai – 600099 comprised in S.No.36/1 part (As per doc) and S.No. 36/28, 36/29 (As per Patta) of Puthagaram Village within the limits of Greater Chennai Corporation, Chennai District.","CMDA issued Planning Permission No. OL-PP/NHRB/0670/2024 in Letter No.  CMDA/PP/NHRB/N/0449/2024, Dated 15/11/2024. Greater Chennai Corporation issued Building Permission in Letter No. CEBA/WDCN03/00621/2024, Dated 26/12/2024.","30.03.2026","Promoter Details                                                                     Project Details                                                                     Location of Site: Latitude-13.135618;Longitude-80.192058;","",""
"45","TNRERA/35/BLG/0045/2026                                 dated 17-02-2026","M/s. Rohaan Constructions Pvt Ltd, 2/224A Phase I , Ragamalika Apartment, Chengalpattu, Tamil Nadu-600  100.","Project Name: ROHAAN CRESTRegistration for Stilt Floor(Mechanical Pit Puzzle Parking) + 5 Floors Commercial Building (Office) at Vengaivasal ,  Chennai - 600 100.  Comprised in S.No.366/1B1B  of   Vengaivasal  Village , Tambaram  Taluk , Chengalpattu District.","The  Assistant  Planner , CMDA , Chennai has issued planning permission vide letter No. CMDA/PP/NHRB/S/0769/2025  dated 14.11.2025. The  President , Vengaivasal Village Panchayat  has issued building permission vide letter No. 83/2025 dated 21.11.2025.","13.11.2033","Promoter Details                                                                     Project Details                                                                     Location of Site: Latitude-12.904733;Longitude-80.185084;","",""
"46","TNRERA/29/BLG/0046/2026                                 dated 17-02-2026","M/s. Ramaniyam Real Estates Private Limited, Door No.14/67, Third Main Road, Gandhi Nagar, Adyar, Chennai - 600  020, Chennai, Tamil Nadu-","Project Name: RAMANIYAM NIVASAMRegistration for  Stilt floor + 5 Floors Residential Building with 10 dwelling units  at Plot No.134 , Bhuvaneshwari Nagar 2nd Main Road and Chandru Street , Bhuvaneshwari Nagar , Velachery , Chennai 600 042. Comprised in S.No.317/1 (Document) , T.S.No.1/26 , Block No.189 (Patta)  of  Velachery Village , Velachery  Taluk , Chennai District.","The  Assistant Planner , CMDA , Chennai has issued planning permission vide letter No. CMDA/PP/NHRB/S/0208/2024  dated 19.06.2024. The  Executive Engineer , Greater Chennai Corporation , Chennai has issued the building permission vide letter No. CEBA/WDCN13/00117/2025  dated 20.03.2025. The  Assistant Planner , CMDA , Chennai has issued completion certificate vide letter No.  CMDA/CC/NHRB/S/0218/2025  dated 30.12.2025","Completed","Promoter Details                                                                     Project Details                                                                     Location of Site: Latitude-12.96966;Longitude-80.22396;","","Completed"
"47","TNRERA/29/BLG/0047/2026                                 dated 17-02-2026","M/S SUNHERA REALTY PRIVATE LIMITED, Acropolis Building, Ground Floor, 148, Dr. Radhakrishnan Salai,, Mylapore Village , Chennai, Tamil Nadu-600004.","Project Name: AMARA ALAAYARegistration for High-rise Building(South)  consisting of Extended Double Basement floor + Stilt floor part/Ground floor part+ 1st floor (Gym, Aerobics, Pre Function & Banquet Hall, Children’s Play Area, & Indoor games, Home Theatre)2nd floor + 23rd floor (6du in each floor) + 24th floor (4 du) totally 136 Dwelling units with swimming pool at terrace floor Residential building availing premium FSI with TOD benefit situated at Poonamallee High Road,Koyambedu, Chennai 600107, Comprised in S.No.169/1, 2, 3 & 4, As per Patta T.S. No. 4/3 & 5, Block No. 37 ofKoyambedu village, Aminjikarai Taluk, Within the limits of Greater Chennai Corporation,Chennai District.","CMDA issued planning permission in P.P.No.OL-PP/HRB/0002/2026 vide Letter No. CMDA/PP/HRB/S/0465/2025  Dated 24-01-2026. Greater Chennai Corporation  issued building permission in Letter No.CEBA/WDCN10/00044/2026  Dated 02/02/2026.","31.07.2029","Promoter Details                                                                     Project Details                                                                     Location of Site: Latitude-13.073327;Longitude-80.190584;","",""
"48","TNRERA/29/BLG/0048/2026                                 dated 17-02-2026","M/s. Beaver Construction Company Represented by it's partner J. Ram Kumar , R. Ramya, K.Jayaraman, Door No.No 6 A,, Beaver’s Narayani, GF, 3rd Main Road, Postal Colony,, West Mambalam, Village , Chennai, Chennai, Tamil Nadu-600033.                                                                        Mrs v Shanthi, Flat No.269, Andal nagar 1st Street, Adambakkam Village , Chennai, Chennai, Tamil Nadu-600088.                                                                        Mrs N Vijayalakshmi, Flat No.3/2, Velu Street, West Mambalam Village , Chennai, Chennai, Tamil Nadu-600033.                                                                        Mr N Kalyanaraman, Flat No.36/1, Velu Street, West Mambalam Village , Chennai, Chennai, Tamil Nadu-600033.                                                                        Mrs Vasanthi, Flat No.36/4, Velu Street, West Mambalam Village , Chennai, Chennai, Tamil Nadu-600033.                                                                        Mr K Neelayathakshi, Flat No.36/36, Velu Street, West Mambalam Village , Chennai, Chennai, Tamil Nadu-600033.                                                                        Mr N Sivasubramanian, Flat No.3/2, Velu Street, West Mambalam Village , chennai, Chennai, Tamil Nadu-600033.                                                                        Mr R Anushankar, Flat No.36/12, Velu Street, West Mambalam Village , Chennai, Chennai, Tamil Nadu-600033.                                                                        Aishwarya Sudhakar, Velu Street, West Mambalam Village , Chennai, Chennai, Tamil Nadu-600033.                                                                        Mr Vijayaraghavan, Flat No.15/2, Veena Gardan, West Mambalam Village , Chennai, Chennai, Tamil Nadu-600033.                                                                        Mr C K Rajaraman, Flat No.103A, Door No.47, 49, Abdul Aziz Street, Thyagarayanagar Village , Chennai, Chennai, Tamil Nadu-600017.                                                                        Mr R Murali, Flat No.21, Bheemanna Mudaly 1st street, Teynampet Village , Chennai, Chennai, Tamil Nadu-600018.                                                                        Mr R Srinivasan, Sarangapani Sannithi Street, Kumbakonam Village , Thanjavur, Thanjavur, Tamil Nadu-612001.                                                                        Mr Krishnamoorthy Balaji, velu street, West Mambalam Village , Chennai, Chennai, Tamil Nadu-600033.                                                                        Mr V Kedarinathan, Flat No.1 2, Third Main Road Ext CIT Nagar, Nandanam Village , chennai, Chennai, Tamil Nadu-600035.                                                                        Mrs Swathi, Flat No.19/2, Velu Street, West Mambalam Village , Chennai, Chennai, Tamil Nadu-600033.","Project Name: BEAVER’S VENNA GARDENRegistration for  Stilt Floor + 3 Floors (Height 12.0 m) Residential Building with 15 dwelling units at New Door No. 36, Old Door No. 19, Veena Garden, Velu Street, West Mambalam, Chennai – 600 033, comprised in Old Paimash No. 1728 Part, T.S. No:32, Block No. 1 of Mambalam village Mambalam Guindy Taluk, Chennai District.","CMDA, Chennai issued planning permission in OL-PP/NHRB/0058/2024 vide letter No. CMDA/PP/NHRB/C/0689/2023 dated 15-02-2024. Greater Chennai Corporation issued building permission in Letter No. CEBA/WDCN10/00142/2024, Dated 03/04/2024.","31.12.2026","Promoter Details                                                                     Project Details                                                                     Location of Site: Latitude-13.04097;Longitude-80.222101;","",""
"49","TNRERA/29/BLG/0049/2026                                 dated 17-02-2026","M/s.CHITALE INFRA LLP, Door No.Acropolis Building, Ground Floor, No.148,, Dr. Radhakrishnan Salai,, Mylapore, Village , Chennaii, Chennai, Tamil Nadu-600004.                                                                        G Natarajan, Door No.9, Sundararajan, Street,, Abhiramapuram, Teynampet Village , Chennai, Chennai, Tamil Nadu-600018.                                                                        Reeta Natarajan, Door No.9, Sundararajan, Street,, Abhiramapuram, Teynampet Village , Chennai, Chennai, Tamil Nadu-600018.                                                                        V Radha, Door No.9, Sundararajan Street, Abhiramapuram, Teynampet Village , Chennai, Chennai, Tamil Nadu-600018.                                                                        Uma Sivakumar, Door No.9, Sundararajan Street, Abhiramapuram, Teynampet Village , Chennai, Chennai, Tamil Nadu-600018.","Project Name: AMARA ADHYATMARegistration for Stilt floor + 5 floors Residential Building with 10 dwelling units Availing Premium FSI with TOD Benefit at Plot No.5,Door No.7, 9 & 10, Sundararajan Street (Formerly Abiramapuram 4th Street), Abiramaburam, Chennai District comprised in Old R.S.No.3658/7 & 3658/22 (Document), Present R.S.No.3658/7, 3658/23, 3658/24, 3658/29,3658/32, 3658/33 & 3658/34, Block No.72 of Mylapore Village, within the limit of Greater Chennai Corporation Mylapore Village, Mylapore Taluk, Chennai District.","CMDA, Planning Permission No.OL-PP/NHRB/0506/2025 issued in letter No. CMDA/PP/NHRB/S/0765/2025 dated 23/12/2025. The Greater Chennai Corporation issued building permission No. CEBA/WDCN09/00004/2026 dated 07/01/2026.","31.01.2028","Promoter Details                                                                     Project Details                                                                     Location of Site: Latitude-130142;Longitude-801431;","",""
"50","TNRERA/11/BLG/0050/2026                                 dated 17-02-2026","M/s.TNCD LLP, Door No.114/2, Kamaraj Road, Uppilipalayam, Coimbatore, Tamil Nadu-641015.","Project Name: NEXUS CITYRegistration for Basement Floor + Ground Floor + 5 Floors with 182 Dwelling Units at Block No. 06, Ward No. Z (26), Town Survey Nos. 89/1, 89/2 (Old Survey No. 435/1) of Vilankurichi Village, Coimbatore North Taluk, Coimbatore District.","The Joint Director, T&CP, Coimbatore District has issued Planning Permission in Planning Permission No. 887/2025 in Letter ROC No. SWP/BPA/624242/2025, dated 27/12/2025. The Commissioner, Coimbatore City Municipal Corporation has issued Building Permission in Letter RC No. 162/BL/2026/02/024/00102, dated 27/01/2026.","30.12.2030","Promoter Details                                                                     Project Details                                                                     Location of Site: Latitude-11.034049;Longitude-77.020922;","",""
"51","TNRERA/29/BLG/0051/2026                                 dated 17-02-2026","M/s. RAMANIYAM REAL ESTATES PRIVATE LIMITED, Door No.14/67, Third Main Road, Gandhi Nagar, Adyar, Taluk.Chennai, Chennai, Tamil Nadu-600020.","Project Name: RAMANIYAM REGALRegistration for  Developer's Share of Flat Nos. 1A, 1B, 2A, 2B, 3A, 3B, 6B, 8A (Totally 8 Flats) High Rise Building (HRB) with 30.0m height consisting of Stilt Floor + 1st Floor to 9 Floors with 18 Dwelling Units of Residential Building availing with Premium FSI at Door No. 66 & 68, Royapettah High Road, Mylapore comprised in R.S.No. 423/1 & 423/2, Block No. 08 of Mylapore Village, Mylapore Taluk, Chennai District.","CMDA has issued Planning Permission in OL-PP/HRB/0042/2025 in Letter No. CMDA/PP/HRB/S/0550/2024, dated 24/11/2025.  The Executive Engineer (T.P), Greater Chennai Corporation has issued Building Permission in Letter RC No. CEBA/WDCN09/00531/2025, dated 19/12/2025.","23.11.2033","Promoter Details                                                                     Project Details                                                                     Location of Site: Latitude-13.05027;Longitude-80.26382;","",""
"52","TNRERA/29/BLG/0052/2026                                 dated 17-02-2026","M/s. Brigade Enterprises Limited, Plot No.5/142, Rajiv Gandhi Salai (OMR), Perungudi, Chennai, Chennai, Tamil Nadu-","Project Name: BRIGADE STELLARISRegistration for High Rise Residential Group Development Building Consisting of Combined Extended 1st basement floor (for parking, Fire Pump room, STP & OWC)+ 2nd basement floor (for parking & STP Pump room) + Combined Stilt floor part(for parking)+ Combined Ground floor part with lobby, Badminton court, Pickle ball, Association room, Kids play area, Amenities lobby, Indoor Games, Multipurpose hall, Reception lobby, Caretaker room + Combined 1st floor (for parking), Pump room for Swimming pool, lobby& Toilet + Combined podium at 2nd floor level with Open Swimming Pool; Tower 1: 2nd floor + 13 floors + 14th floor part Residential building with 66 dwelling units, SPA & business Centre at 2nd floor level; Tower 2: 2nd floor + 13 floors+14th floor part Residential building with 68 dwelling units, Yoga & Indoor games at 2nd floor level; Tower 3 : 2nd floor + 13 floors +14th floor part Residential building with 82 dwelling units, Kids play area & Laundry at 2nd floor level; Tower 4:2nd floor +13 floors + 14th floor part Residential building with 68 dwelling units, Gym, Amenities, Association room, Change room & shower room at 2nd floor level; with connecting steel bridge (at 46.40m height at 14th floor level ), Totally 284 dwelling units and Gas bank building with 284 dwelling units at Old Door no.66, New door no.142, Velachery main road, Chennai 600 042, Comprised in T.S.nos. 6/1, Block No.20, Velachery (part 1) village, Velachery Taluk, Chennai District.","CMDA issued Planning Permission No: OL-PP/HRB/0001/2026 in Lr No: CMDA/PP/HRB/S/0716/2025 dated 07.01.2026.   Greater Chennai Corporation issued building permission No: CEBA/WDCN13/00021/2026 dated 14/01/2026.","31.12.2030","Promoter Details                                                                     Project Details                                                                     Location of Site: Latitude-12.991868;Longitude-80.217729;","",""
"53","TNRERA/26/BLG/0053/2026                                 dated 18-02-2026","G V KRISHNAN, Door No.A35, 1ST CROSS STREET,  MAHARAJA NAGAR, PALAYAMKOTTAI, Tirunelveli, Tamil Nadu-627011.","Project Name: AYODHYARegistration for Stilt Floor + 5 Floors Residential Building with 30 Dwelling Units at Plot No.A80, 5th Cross Street, Maharaja Nagar, Tirunelveli, Approved Layout L.P.H/D T.P No.56/1962, comprised in WARD: BS, BLOCK: 12, T.S.No.204 of V.M.Chathram Village, Palayamkottai Taluk, Tirunelveli District.","The Joint Director, T&CP, Tirunelveli District issued Planning Permission No.SWP/154/2025 in Letter ROC No.SWP/BPA/608334/2025, Dated 12/11/2025. The commsissioner, Tirunelveli Corporation issued Building Permission in Letter No. 146/BL/2025/00467, Dated 16/12/2025.","15.12.2030","Promoter Details                                                                     Project Details                                                                     Location of Site: Latitude-8.705581;Longitude-77.755194;","",""
"54","TNRERA/30/BLG/0054/2026                                 dated 20-02-2026","M/s. G Square Realtors Private Limited, No.75,Centrury Centre, TTK ROAD, ALWARPET, Chennai - 600018, Chennai, Tamil Nadu-","Project Name: G square Pristine Icon 3Registration of Stilt + 3 floors with 12 dwelling units comprised in S.F.No.309/40,41 Plot No 63,64 of Achettipalli Village/Panchayat, Hosur Taluk/Panchayat union, Krishnagiri District.","The Deputy Director, T&CP Krishnagiri District issued Planning permission B.P/H.N.T.D.A(K.D)No : 97/2024 in Letter No. WP/BPA/347741/2024 dated 26/11/2024. Amendment issued by The Assistant Director, T&CP, Krishnagiri District in Letter No. 1075/2025 dated 17/06/2025. The Special officer, Block Development(V.P) issued Building permission  in Letter No. 91/2024-2025 dated 17/03/2025.","20.12.2027","Promoter Details                                                                     Project Details                                                                     Location of Site: Latitude-12.689907;Longitude-77.817204;","","Change of Project Bank Name: Tamilnad Mercantile Bank Ltd.,"
"55","TNRERA/32/BLG/0055/2026                                 dated 20-02-2026","M/s.CASAGRAND COVAAN PRIVATE LIMITED, ""Sri Dwaraka 2nd Floor No 1-A, B R Nagar Main Road, Singanallur Post, Coimbatore- 641005., Coimbatore, Tamil Nadu-","Project Name: CASAGRAND SPACIORegistration for Group Housing Development consisting of 21 Blocks; Block 1 to 20 - Ground Floor + First Floor + Second Floor (partly) with 20 dwelling units, Block 21 (Amenity Block) - Ground Floor at comprised in Survey Nos.139/3A2, 139/3B, 139/4, 139/5, 139/6, 140/2 & 140/3 of Chettipalayam Village, Tiruppur City Municipal Corporation, Tiruppur North Taluk, Tiruppur District.","The Assistant Director, T&CP, Tiruppur District issued Planning Permission No.LP/TCP[TD] TLPA No.98/2025 in Letter No. SWP/BPA/628735/2025 dated 23/12/2025.  The Commissioner, Tiruppur City Municipal Corporation issued Building Permission No.032/CP/25-26/0147557 in Letter No.032/BL/2026/00042 dated 27/01/2026.","28.02.2028","Promoter Details                                                                     Project Details                                                                     Location of Site: Latitude-11.164863;Longitude-77.331744;","",""
"56","TNRERA/29/BLG/0056/2026                                 dated 20-02-2026","SWATHI BUILDERS REP BY ITS PARTNER MR K S PRABHAKAR ,THARAYIL SCARIA  JOSE , SHEEBA JOSEPH AND ELIZABETH JOSEPH, Door No.NO 5, ANANDA ROAD ALWARPET, MYLAPORE Village , CHENNAI, Chennai, Tamil Nadu-600018.","Project Name: SWATHI'S TARARegistration for Stilt + 5 Floors Residential Building with 15 Dwelling Units availing Premium FSI with TOD Benefit at Plot No.9 (originally 30), New Door No.18, Old Door No.9, Ramappa Nagar Main Road, Perungudi, Chennai 600096 comprised in Old S.No.56 (Document), New S.No.56/29 of Perungudi Village within the Limits of Greater Chennai Corporation, Chennai District.","CMDA issued Planning Permission No.OL-PP/NHRB/0467/2025 in Letter No. CMDA/PP/NHRB/S/0770/2025, Dated 21-11-2025. Greater Chennai Corporation issued Building Permission in Letter No. CEBA/WDCN14/00513/2025, Dated 09/12/2025.","31.08.2030","Promoter Details                                                                     Project Details                                                                     Location of Site: Latitude-12.963333;Longitude-80.241962;","","Change of Project Bank: City Union Bank Ltd., Abiramapuram Branch, Alwarpet, Chennai - 600018"
"57","TNRERA/11/BLG/0057/2026                                 dated 20-02-2026","M/s Dhiya Foundation Pvt Ltd, Mr. Ilango Thiruvenkatasamy, Door No.22/1, PRR Nagar, PN Pudur, Coimbatore, Tamil Nadu-641041.","Project Name: Dhiya’s Sai BharathRegistration for Stilt Floor + 5 Floors with 105 Dwelling units at comprised in S.F. Nos: 59/2A & 92/2 of Chinnavedampatti Village, Coimbatore North Taluk, Coimbatore District.","The Joint Director, T&CP, Coimbatore  LPA issued Planning Permission in Letter ROC No. SWP/BPA/704489/2025, Dated 06/01/2026. The Commissioner, Coimbatore Corporation issued Building Permission in Letter No. 162/BL/2026/04/012/00065, Dated 20/01/2026.","30.12.2029","Promoter Details                                                                     Project Details                                                                     Location of Site: Latitude-11.058119;Longitude-76.981930;","",""
"58","TNRERA/35/BLG/0058/2026                                 dated 20-02-2026","M/s. SILVERSKY Builders LLP, Door No.52, Puzhal Ambattur Road, Chennai, Tamil Nadu-600066.","Project Name: SILVERSKY - THE ONE PERUNGALATHURRegistration of Block – A : Stilt floor + 1st Floor (Parking) + 2nd floor to 9th floors Residential Building with 168 Dwelling Units; Block – B: BF + Ground floor + 2 floors – Amenity Building and Open Swimming Pool comprised in S. No.449/2, 450/1B1A & 450/1C1 of Nedungundram Village, Vandalur Taluk, Chenglepet District.","The CMDA issued Planning permission No. OL-PP/HRB/0039/2025 in Letter No.  CMDA/PP/HRB/S/0511/2024 dated 22/09/2025. The President, Nedungundram Village Panchayat issued Building permission in Letter No.  01 dated 11/12/2025.","31.12.2030","Promoter Details                                                                     Project Details                                                                     Location of Site: Latitude-12.889510;Longitude-80.119680;","",""
"59","TNRERA/29/BLG/0059/2026                                 dated 20-02-2026","M/s. ARC Developers, Door No.Floor No.5, Flat No.34/5F6, Cathedral Road, Chennai, Tamil Nadu-600006.","Project Name: AlcazarRegistration of High Rise Residential Building for Developer share of Flats 8A, 8B, 2C, 3C, 1B, 2B, 3B, 4B, 5B, 6B (Total 10 Flats) consisting of Extended Basement Floor (Parking) + Stilt Floor (Parking, Meter Room, Transformer Room, Double Height Lobby) +1st Floor to 7 Floors +8th Floor and 9th Floor Part (Duplex Unit) with 23 Dwelling Units availing Premium FSI at New Door No.1, Old Door No.1A, Cathedral Garden Road, Nungambakkam, Chennai District comprised in Old S.F.No.3404 Part, New R.S.No.2/40 & 2/62, Block No.1 of Mylapore Village, Mylapore Taluk, with in the Limits of Greater Chennai Corporation Chennai District.","CMDA, issued Planning Permission No.OL-PP/HRB/0026/2025 in Letter No. CMDA/PP/HRB/S/0336/2024 dt:02/06/2025. The Greater Chennai Corporation issued Building Permission in Letter No. CEBA/WDCN09/00253/2025 Dt:17.06.2025.","01.08.2028","Promoter Details                                                                     Project Details                                                                     Location of Site: Latitude-13.052177213436641;Longitude-80.24584200116944;","",""
"60","TNRERA/11/BLG/0060/2026                                 dated 20-02-2026","M/s.INFINIUM DEVELOPERS LLP, Door No. 1733/1, 2nd Floor, Trichy Road, Olymbus, Ramanathapuram,, Coimbatore - 641045, Coimbatore, Tamil Nadu-","Project Name: INFINIUM ALTITUDERegistration for High Rise Residential and Commercial Building, Block 1: Combined Basement Floor + Combined Stilt Floor, Block 1 - Residential (Amenities Block) First (Podium) Floor + 2nd Floor, Block 1 - Residential (Signature Tower) First (Podium) Floor + 13th Floor residential building with 78 dwelling units, Block 1 - Residential (Executive Tower) First (Podium) Floor + 14th Floor residential building with 154 dwelling units, Block 2 -  (Commercial Building) - Basement Floor + Ground Floor + 7th Floor commercial building, Block 3: Ground Floor with watch Man Room altogether 232 dwelling units at comprised T.S.No: 2/3 part [Old S.F.No: 468 & 469/1] Ward No. W[23], Block No.3 At Sathy Road, Ganapathy Village, Coimbatore Corporation, Coimbatore District.","The Joint Director, T&CP, Coimbatore District issued Planning Permission No: 838/2025 in Lr ROC No.SWP/BPA/0624860/2025 dated 09.12.2025. The Commissioner, Coimbatore City Municipal Corporation issued building license No.162/BL/2026/04/020/00039 dated 23/01/2026.","05.01.2031","Promoter Details                                                                     Project Details                                                                     Location of Site: Latitude-11.051529;Longitude-76.991486;","",""
"61","TNRERA/10/BLG/0061/2026                                 dated 20-02-2026","M/s.Cinco Realtors Rep by Partner Venkatachalam, No.14/15 sitra road, Near Devapaul supermarket, Coimbatore - 641048, Coimbatore, Tamil Nadu-","Project Name: THE GARDENIARegistration for Revised and Additional Construction of Residential Apartment Building in Combined Basement Floor Block - A: Stilt Floor + 5 Floors with 30 Dwelling Units and Block B: Stilt Floor + 5 Floors with 40 Dwelling Units, Totally 70 Dwelling Units comprised in S.No. 41/1A1 of Pavalathampalayam village, Erode Taluk, Erode District.","The Assistant Director, T&CP, Erode District issued planning permission in Letter No. SWP/BPA/610846/2025 dated 06/11/2025. The President, Kathirampatti Panchayat issued building permission in Letter No.KMP/2025-2026/SO-11 dated 22/12/2025.","22.12.2030","Promoter Details                                                                     Project Details                                                                     Location of Site: Latitude-11.31175;Longitude-77.661423;","","This Registration revises the earlier Registration given in Registration No. TNRERA/10/BLG/0282/2025 dated 14/08/2025"
"62","TNRERA/29/BLG/0062/2026                                 dated 24-02-2026","M/s. Sapthrishi Buildcon Private Limited, Door No.02,, ETHIRAJ SALAI , EGMORE, Chennai - 600  008, Chennai, Tamil Nadu-","Project Name: ASTA AVM NOVARegistration for Extended Triple Basement Floor + Stilt Floor (part)/Ground Floor (Part) + 1st Floor : 10 dwelling units + 2nd to 18th Floor : 11 Dwelling units for each floor + 19th Floor : 9 Dwelling unit with Refuge area + 20th & 21st Floor: 11 dwelling units for each floor + 22nd Floor (part) : 3 dwelling units & Indoor play area , Kids play area , Gym , Association Room & Swimming Pool at open terrace totally 231 Dwelling Units  at Old Door No.38 & 7/1 , New No.21 , Arcot Road , Vadapalani , Chennai - 600 026. Comprised in T.S.Nos. 14/3 , 14/9 , 15/2 , 15/16 , 24/2 , 24/5 , Block No.47 of  Saligramam Village , Mambalam Taluk , Chennai District.","The  Assistant  Planner , CMDA , Chennai has issued planning permission vide letter No. CMDA/PP/HRB/S/0909/2025    dated 10.02.2026. The  Executive  Engineer (T.P.) , Greater Chennai Corporation , Chennai has issued building permission vide letter No.  CEBA/WDCN10/00065/2026   dated 13.02.2026.","06.11.2033","Promoter Details                                                                     Project Details                                                                     Location of Site: Latitude-13.25032;Longitude-80.121726;","",""
"63","TNRERA/29/BLG/0063/2026                                 dated 24-02-2026","Sunil Kumar Singh, G, 0803, TAISHA AIS Apartment, West Natesan NagarViru, Taluk.Virugambakkam, Chennai, Tamil Nadu-600009.                                                                        M/s. Atria rep by its proprietor Thiru. K.Balachandar, Door No.27, Aston Villa Titus A3, Kumaran Colony 1st Street, Vadapalani, Chennai, Tamil Nadu-600026.","Project Name: LEGACY ROYALERegistration for Stilt floor + 4 floors + 5th floor (Part) (Height – 18.30m) Residential Building with 9 dwelling units at Plot Nos.37 (Approved Layout – 26/2001), River View Avenue and Enclave 5th Main Road, Manapakkam, Chennai comprised in Old S.No.124/1B (Pt) & 124/2 (Document), S.No.124/1B2 & 124/2B (Patta) of Manapakkam Village, Chennai District.","CMDA issued Planning Permission No: OL-PP/NHRB/0301/2025 in Lr No: CMDA/PP/NHRB/S/0158/2025 dated 28/07/2025. Greater Chennai Corporation issued building permission No: CEBA/WDCN12/00380/2025 dated 11/09/2025.","31.03.2027","Promoter Details                                                                     Project Details                                                                     Location of Site: Latitude-10.78;Longitude-9.78;","",""
"64","TNRERA/29/BLG/0064/2026                                 dated 25-02-2026","M/s.South India Shelters Private Limited, Door No.14, Gulmohar Avenue, Velachery Main Road, Guindy, Guindy, Chennai, Tamil Nadu-600032.","Project Name: SIS FloridaRegistration for Revised High Rise Residential Building in Block - 1 (Part) Wing -  A1, A2, A3 of Stilt cum Ground Floor + 14th Floor with 261 Dwelling Units & 1 Creche, Comprised in S.No.1356/2, 1376, 1377, 1378/1A, 1491/1 & 1491/2 of Thaiyur 'B' Village, Thiruporur Taluk, Chengalapattu District.","The Assistant Director, T&CP, Chengalpattu District issued planning permission in Letter No.SWP/BPA/0255133/2024 dated 21/05/2025. The President, Thaiyur Panchayat issued building permission in Letter No.12/2025-26 dated 19/06/2025.","24.06.2030","Promoter Details                                                                     Project Details                                                                     Location of Site: Latitude-12463306;Longitude-80125067;","",""
"65","TNRERA/35/BLG/0065/2026                                 dated 03-03-2026","M/s. VNCT GLOBAL LLP, No.2, SUN CENTRE,  		  First Floor, Tank Bund Road, Nungambakkam,  		  Chennai – 600034, No.2, SUN CENTRE,  		  First Floor, Tank Bund Road, Nungambakkam,  	Chennai – 600034, Chennai, Tamil Nadu-600034.                                                                        M Sathish, 98, Thirupathi Nagar, 3rd street, Valasaravakkam, Chennai, Tamil Nadu-600087.","Project Name: THE MADRAS PAVILION PH IRegistration for Ground Floor + 1st Floor - Plot Nos. 9, 33, 46, 47, 48, 49, 50, 51, 52, 53, 54, 55, 56, 57, 58, 59, 60, 61, 65,79, 83, 84, 85, 86, 87, 88 , 89,  90, 91, 92, 93, 94 & 95pt, 96 & 95pt, 97, 98, 99, 100, 101 with 38 dwelling units and Ground Floor + 1st Floor  - Plot Nos. 62 & 63, 64 & 80, 81 & 82 - with 3 Blocks club house comprised in S.Nos. 205/2A, 3A & 205/3A part  of Thiruporur Village & Taluk, Chengalpattu District.","President, Thiruporur Town Panchayat issued building permission No. SWP/SCM/DTCP/TP/0295538/2025	10/29/2025, SWP/SCM/DTCP/TP/0299677/2025	11/12/2025,  SWP/SCM/DTCP/TP/0302346/2025	11/13/2025, SWP/SCM/DTCP/TP/0301967/2025	11/13/2025, SWP/SCM/DTCP/TP/0300011/2025	11/12/2025, SWP/SCM/DTCP/TP/0300112/2025	11/12/2025,  SWP/SCM/DTCP/TP/0300152/2025	11/12/2025, SWP/SCM/DTCP/TP/0300172/2025	11/12/2025, SWP/SCM/DTCP/TP/0300484/2025	11/12/2025, SWP/SCM/DTCP/TP/0301667/2025	11/13/2025 SWP/SCM/DTCP/TP/0301565/2025	11/13/2025, SWP/SCM/DTCP/TP/0298635/2025	11/10/2025, SWP/SCM/DTCP/TP/0298887/2025	11/10/2025, SWP/SCM/DTCP/TP/0298935/2025	11/10/2025 SWP/SCM/DTCP/TP/0299047/2025	11/10/2025, SWP/SCM/DTCP/TP/0299217/2025	11/10/2025, SWP/SCM/DTCP/TP/0299258/2025	11/10/2025, SWP/SCM/DTCP/TP/0299354/2025	11/10/2025 SWP/SCM/DTCP/TP/0299392/2025	11/10/2025, SWP/SCM/DTCP/TP/0297033/2025	11/17/2025, SWP/SCM/DTCP/TP/0297049/2025	11/17/2025, SWP/SCM/DTCP/TP/0297377/2025	11/17/2025 SWP/SCM/DTCP/TP/0297531/2025	11/17/2025, SWP/SCM/DTCP/TP/0297546/2025	11/17/2025, SWP/SCM/DTCP/TP/0298102/2025	11/17/2025, SWP/SCM/DTCP/TP/0298115/2025	11/17/2025 SWP/SCM/DTCP/TP/0300743/2025	11/12/2025, SWP/SCM/DTCP/TP/0300898/2025	11/12/2025, SWP/SCM/DTCP/TP/0300928/2025	11/10/2025, SWP/SCM/DTCP/TP/0298409/2025	11/12/2025 SWP/SCM/DTCP/TP/0301197/2025	11/13/2025, SWP/SCM/DTCP/TP/0303171/2025	11/13/2025, SWP/SCM/DTCP/TP/0302372/2025	11/13/2025, SWP/SCM/DTCP/TP/0298434/2025	11/12/2025 SWP/SCM/DTCP/TP/0298469/2025	11/12/2025, SWP/SCM/DTCP/TP/0298546/2025	11/12/2025, SWP/SCM/DTCP/TP/0298573/2025	11/12/2025, SWP/SCM/DTCP/TP/0298601/2025	11/12/2025 13/2025-26	12/2/2025, 14/2025-26	12/2/2025, 15/2025-26	12/2/2025","29.10.2030","Promoter Details                                                                     Project Details                                                                     Location of Site: Latitude-12.836137;Longitude-79.706653;","",""
"66","TNRERA/35/BLG/0066/2026                                 dated 03-03-2026","M/s. Guindy Tech Park LLP, Flat No.NO.C-45, 2ND FLOOR , THIRU VI KA INDUSTRIAL ESTATE , Guindy, Chennai - 600  032, Chennai, Tamil Nadu-","Project Name: LOTUSRegistration for Basement + Ground + 3 Floors Commercial Office Building at  already approved Layout MLPA No : 61/2023 , Plot No:3 , Rajiv Gandhi Salai (Omr) , Egattur , Chennai - 600 130. Comprised in S.Nos: 10/1A2 ,  10/1B2A  of  Egattur  Village , Thiruporur  Taluk , Chengalpattu District.","The Assistant Director , T&CP , Chengalpattu District has issued planning permission vide letter No. SWP/BPA/447438/2025 dated 28.04.2025. The President , Mutthukaadu Village Panchayat  has issued building permission vide letter No. 18-2025-2026 dated 07.05.2025.","31.03.2028","Promoter Details                                                                     Project Details                                                                     Location of Site: Latitude-13.09;Longitude-80.07;","",""
"67","TNRERA/29/BLG/0067/2026                                 dated 03-03-2026","Vijay Raghav Acharyulu Jakkala, Door No.T BLOCK OLD NO 79 NEW NO 24A,, 5TH MAIN ROAD , ANNA NAGAR EAST,, Chennai Village , chennai, Chennai, Tamil Nadu-600040.                                                                        Triveni Jakkala, Flat No.T BLOCK OLD NO 79 NEW NO 24A,, 5TH MAIN ROAD , ANNA NAGAR EAST,, Chennai Village , chennai, Chennai, Tamil Nadu-600040.","Registration for Construction of Stilt Floor (Parking) + 1st & 2nd Floor (Office) 3rd & 4th Floor Residential Building with 1 dwelling units At Plot No.4290, Door No.79, T Block, 5th Main Road, Anna Nagar, Chennai Comprised in Old S.No. 91 part, T.S.No.550, Block No: 2, Ward No.1 of Mullam Village, Aminjikarai Taluk, Chennai District.","CMDA issued Planning Permission No. CMDA/PP/NHRB/N/0598/2022 dated 26/05/2023. The Greater Chennai Corporation issued building permission No. CEBA/WDCN08/00075/2024 dated 13/02/2024.","Completed","Promoter Details                                                                     Project Details                                                                     Location of Site: Latitude-13.08;Longitude-80.21;","","Completed"
"68","TNRERA/2/BLG/0068/2026                                 dated 03-03-2026","M/s. ARC DEVELOPERS, Door No.34/5F6, FLOOR NO 5,CROWN COURT, CATHEDRAL ROAD, Chennai, Tamil Nadu-600086.","Project Name: VIVENZARegistration for construction of Stilt Floor + 5 Floors Residential Building with 30 Dwelling Units with affordable housing at Plot No.27 part, 28 part, 29 & 30, Swathi Nagar Main Road & Swathi Nagar Road, Swathi Nagar, Nadukuthagai, Chennai comprised in S.No.32/1C of Nadukuthagai Village, Avadi Taluk (Previously Poonamallee Taluk) Tiruvallur District.","CMDA, Planning Permission No.OL-PP/NHRB/0468/2025 issued in letter No.CMDA/PP/NHRB/C/0134/2025 dated 21/11/2025. The President, Poonamallee Panchayat union, Poonamallee Taluk, Chennai District issued in building permission No.01/2026 dated 02/01/2026.","01.03.2028","Promoter Details                                                                     Project Details                                                                     Location of Site: Latitude-13.134655;Longitude-80.047043;","","Revised Carpet Area Statement"
"69","TNRERA/11/BLG/0069/2026                                 dated 03-03-2026","M/S LAND & BUILDINGS, Door No.3G Pearl Block, Rajiv Gandhi Nagar 6th Street, Sowripalayam, Coimbatore, Tamil Nadu-641028.","Project Name: Kovai PavillionRegistration for Stilt Floor + 5 Floors with 23 Dwelling Units comprised in 23 Old S.F. No.230/2pt - Ward No. AI(35) - Block No.82 – T.S. NO.58/4 of Singanallur Village, Coimbatore South Taluk, Coimbatore District.","The Joint Director, T&CP, Coimbatore District, issued Planning Permission No. 329/2025 in Application No. SWP/BРA/500350/2025, Dated 05/06/2025. The Commissioner, Coimbatore City Municipal Corporation, issued Building Permission in Letter No. 162/BL/2025/02/057/01342, Dated 22/07/2025.","25.03.2028","Promoter Details                                                                     Project Details                                                                     Location of Site: Latitude-11.007232;Longitude-77.052904;","",""
"70","TNRERA/11/BLG/0070/2026                                 dated 03-03-2026","CASAGRAND COVAAN PRIVATE LIMITED, 2nd Floor No 1-A, Sri Dwaraka, B R Nagar Main Road, Singanallur Post, Coimbatore, Tamil Nadu-641005.","Project Name: CASAGRAND ASCENTIARegistration for Group Development Building consists of 3 Blocks with Combined Basement, Block 1: Ground Floor + 5 Upper Floors with 53 Dwelling Units, Block 2: Ground floor + 5 Upper Floors with 70 Dwelling Units, Block 3 with Clubhouse : Ground Floor (Part) + First Floor (pat) + 3 Upper Floors 115 D/u), Clubhouse: Ground Floor (part)+ First Floor (part) with Swimming Pool on the Ground level, Totally 238 Dwelling Units comprised in Survey Nos. 371/1A1A, 473/1B2, 474/1A, 474/1B & 474/1C of Chinnavedampatti Village, Coimbatore North Taluk, Coimbatore city Municipal corporation, Coimbatore District.","The Joint Director, T&CP, Coimbatore, issued Planning Permission No. 91/2026 in  Application No.SWP/BPA/678357/2025, Dated 06.02.2026. The Commissioner, Coimbatore City Municipal Corporation, issued Building Permission in Letter No.162/CP/25-26/0366079, Dated 20/02/2026.","06.08.2028","Promoter Details                                                                     Project Details                                                                     Location of Site: Latitude-11.093925;Longitude-76.974917;","",""
"71","TNRERA/29/BLG/0071/2026                                 dated 03-03-2026","M/s Sri Kausalya Constructions Limited, Represented by Managing Director  Mr. Y Meera Reddy and  Murugappa Chettiar Trust Represented by its Managing Trustee Mr. M M Murugappan, Door No.4,, Jayalakshmipuram, First Street,, Nungambakkam, Chennai, Tamil Nadu-600034.","Project Name: SKCL SummitRegistration for High Rise Building (HRB) consisting of Extended Double Basement Floor + Stilt Floor (Part) + Ground Floor (Part) + 12 Floors Office use Commercial Building at Plot No.6, New Door No.47/C, Old No.30, Gandhi Mandapam Road and Ambadi Road, Kotturpuram, Chennai 600085 in T.S.No.5/21, 6/31 & 6/63, Block No.16 of Adayar Village within the limit of Greater Chennai Corporation, Chennai District.","CMDA issued Planning Permission No. OL-PP/HRB/0001/2022 in Letter No. CMDA/PP/HRB/S/0312/2022, Dated 10/12/2022. Greater Chennai Corporation issued Building Permission in Letter No. CEBA/WDCN13/00003/2023, Dated 02/01/2023.","Completed","Promoter Details                                                                     Project Details                                                                     Location of Site: Latitude-13.021653;Longitude-80.242127;","","Completed"
"72","TNRERA/11/BLG/0072/2026                                 dated 03-03-2026","Greenfield housing india private limited, Door No.48/2, Surampatti, Erode - 638011, Erode, Tamil Nadu-","Project Name: PEARL VISTARARegistration for Stilt Floor + 5 Floors Residential Building with 18 Dwelling Units at comprised in S.F.No.114/5A1D of Kalapatti (West) Village, Coimbatore North Taluk, Coimbatore District.","The Joint Director, T&CP, Coimbatore  issued Planning Permission No. 846/2025 in Letter No. SWP/BPA/676542/2025, Dated 25/11/2025. The Commissioner, Coimbatore Corporation issued Building Permission in Letter No. 162/BL/2026/02/005/00034, Dated 06/01/2026.","04.01.2031","Promoter Details                                                                     Project Details                                                                     Location of Site: Latitude-110506.7;Longitude-770145.8;","",""
"73","TNRERA/11/BLG/0073/2026                                 dated 04-03-2026","M/s.SREE SHARADHA AMBAL FOUNDATIONS, Door No.33, Sundaresa Layout, Trichy Road, Coimbatore, Tamil Nadu-641018.                                                                        M/s.Primier Engineers, Door No.Old No. 1144, New No.672, Trichy Road, Singanallur, Coimbatore, Tamil Nadu-641005.                                                                        M/s.Premier Pumps, Door No.Old No. 1139, New No. 661, 666, 669, Trichy Road, Singanallur, Coimbatore, Tamil Nadu-641005.                                                                        M/s. Primier Hitech Industries Private Limited, Door No.No. 670, 671, Trichy Road, Singanallur, Coimbatore, Tamil Nadu-641005.","Project Name: SUMMIT 1Registration of Basement + Ground floor + 10 floors commercial building comprised in T.S.No. 1, Block No: 5, Ward No. 30 of Uppilipalayam Village, T.S.No. 22 & 18 Block No. 9, old Ward No. 29, New ward No. AC of Sowripalayam Village, Coimbatore South Taluk, Coimbatore District.","The Joint Director, T&CP, Coimbatore District issued Planning permission No. 629/2024 in Letter No. SWP/BPA/0200930 dated 29/10/2024. The Commissioner, Coimbatore Corporation issued Building permission No. 162/BL/2024/02/061/03365 in Letter No. 162/CP/24-25/0183245 dated 05/12/2024.","28.10.2032","Promoter Details                                                                     Project Details                                                                     Location of Site: Latitude-10.99689783069624;Longitude-77.0076072065574;","",""
"74","TNRERA/29/BLG/0074/2026                                 dated 04-03-2026","M/s.BLUEMOON PROPERTIES, Door No.NO 15/4, 1ST FLOOR, 12TH AVENUE, ASHOK NAGAR, Chennai, Tamil Nadu-600083.                                                                        R VIJAYAKUMAR, Door No.13-A/14, KALAIMAGAL NAGAR, 3RD MAIN ROAD, EKKATTUTHANAGAL, Chennai, Tamil Nadu-600032.","Project Name: BLUEMOON PARADISERegistration for Stilt Floor + 5 Floors Residential Building with 10 Dwelling Units at Old Door No.9 part, New door No.11 part, Ashtalakshmi Nagar 19th Street, Alapakkam, Chennai comprised in Old S.No.341/1D1 part and New S.No.341/1D1B of Maduravoyal Village, Maduravoyal Taluk, Chennai District.","CMDA issued Planning Permission No.OL-PP/NHRB/0438/2025 in Letter No.CMDA/PP/NHRB/C/0184/2025 dated 06/11/2025. Greater Chennai Corporation issued Building Permission in Letter No.CEBA/WDCN11/00487/2025 dated 26/11/2025.","31.12.2027","Promoter Details                                                                     Project Details                                                                     Location of Site: Latitude-13.048738;Longitude-80.168028;","",""
"75","TNRERA/29/BLG/0075/2026                                 dated 06-03-2026","M/s. AAnirudh Flat Promoters (P).Ltd, Plot No.4/10,, Lakshmi Nagar,10th Street, Nanganallur Village , CHENNAI, Chennai, Tamil Nadu-600061.                                                                        Geetha Nagaraj, Plot No.4/10, LAKSHMI NAGAR 10TH STREET, Nanganallur Village , CHENNAI, Chennai, Tamil Nadu-600061.                                                                        Chandramouli, Plot No.4/10, LAKSHMI NAGAR 10TH STREET, Nanganallur Village , chennai, Chennai, Tamil Nadu-600061.                                                                        Srinivas shankar, Plot No.4/10, LAKSHMI NAGAR 10TH STREET, Nanganallur Village , chennai, Chennai, Tamil Nadu-600061.                                                                        Muthurajan Ramaswamy, Plot No.4/10, LAKSHMI NAGAR 10TH STREET, Nanganallur Village , chennai, Chennai, Tamil Nadu-600061.                                                                        S N Karthikeyan, Plot No.4/10, LAKSHMI NAGAR 10TH STREET, Nanganallur Village , chennai, Chennai, Tamil Nadu-600061.                                                                        PADMA MURALI, Plot No.4/10, LAKSHMI NAGAR 10TH STREET, NANGANALLUR Village , CHENNAI, Chennai, Tamil Nadu-600061.                                                                        PADMA SESHADRI, Plot No.4/10, LAKSHMI NAGAR 10TH STREET, NANGANALLUR Village , CHENNAI, Chennai, Tamil Nadu-600061.                                                                        ANIRUDH CHANDRASEKARAN, Plot No.4/10, lakshmi nagar 10th street, nanganallur Village , chennai, Chennai, Tamil Nadu-600061.                                                                        N Ramakrishnan, Plot No.4/10, LAKSHMI NAGAR 10TH STREET, nanganallur Village , chennai, Chennai, Tamil Nadu-600006.","Project Name: AANIRUDH VASANTHAMRegistration for Stilt floor + 5 Floors (Height – 18.30 m) Residential Building with 16 Dwelling Units at Plot E-5, Door No. 8, 42nd Street, NCBS Colony, Nanganallur, Chennai - 600061 And Comprised in Old S. No. 29 (Part) & 30 (Part) (As Per Document), New T.S. No. 36/1 & 36/2, Block No. 19,( As Per Patta) Ward-B of Nanganallur Village, Alandur Taluk, Chennai District.","CMDA issued Planning Permission No.OL-PP/NHRB/0010/2026 in Lr No.CMDA/PP/NHRB/S/0906/2025 dated 08/01/2026. Greater Chennai Corporation issued building permission in Lr No: CEBA/WDCN12/00016/2026 dated 14/01/2026.","29.06.2029","Promoter Details                                                                     Project Details                                                                     Location of Site: Latitude-12.5824798;Longitude-80.1149812;","",""
"76","TNRERA/11/BLG/0076/2026                                 dated 10-03-2026","ACESTAR PROPERTIES PRIVATE LIMITED, Door No.5, South Mada Street, Sri Nagar Colony, Saidapet, Chennai, Tamil Nadu-600015.","Project Name: TURINRegistration for Stilt Floor + 5 Floors residential Building with 113  Dwelling Units  at Ward T - Block 27  comprised in T.S.Nos: 1/4, 1/5, 2/4, 6/2, 6/3, 8/2, 8/4 & 8/5 of Ganapathy Village, Coimbatore North Taluk, Coimbatore District.","The Joint Director, T&CP, Coimbatore District, issued Planning Permission No. 943/2025 in Letter No.SWP/BPA/553638/2025, Dated 31/12/2025. The Commissioner, Coimbatore Corporation, issued Building Permission in Letter No. 162/BL/2026/04/020/00246, Dated 13/02/2026.","30.12.2033","Promoter Details                                                                     Project Details                                                                     Location of Site: Latitude-11.029803;Longitude-76.966197;","",""
"77","TNRERA/29/BLG/0077/2026                                 dated 10-03-2026","M/s.MAHALAKSHMI ASSOCIATES PRIVATE LIMITED, Door No.107, P.S.SIVASAMY SALAI,  MYLAPORE, Chennai, Tamil Nadu-600004.","Project Name: MAYURAMRegistration for Stilt floor + 4 floor + 5th floor part Residential Building with 34 Dwelling units at Madha Nagar 2nd Main Road, Madhanandapuram, Porur, Chennai comprised in Old S.No.99/1 (Part), New S.No.99/1B, 99/1C & 99/1D of Madhanandapuram Village, Alandur Taluk, Chennai District.","CMDA issued Planning Permission No.OL-PP/NHRB/0001/2026 in Letter No.CMDA/PP/NHRB/S/0800/2025 dated 02/01/2026. Greater Chennai Corporation issued Building Permission in Letter No.CEBA/WDCN12/00014/2026 dated 19/01/2026.","31.12.2028","Promoter Details                                                                     Project Details                                                                     Location of Site: Latitude-13.041098;Longitude-80.26738;","",""
"78","TNRERA/32/BLG/0078/2026                                 dated 10-03-2026","CASAGRAND COVAAN PRIVATE LIMITED, ""Sri Dwaraka 2nd Floor No 1-A, B R Nagar Main Road, Singanallur Post, Coimbatore 641005 "", COIMBATORE, Coimbatore, Tamil Nadu-641005.","Project Name: CASAGRAND BLOSSOMSRegistration for Non High Rise Group Development Consist of 114 Blocks, Block Nos . 1 to 113 with  Ground Floor + 1 Floors with 113 Dwelling units, Block 114 (Amenity Block) Comprised in S.No. 177/1, 177/2, 177/3, 177/4, 177/5, 177/6, 177/7, 178/1A1, 178/1A2, 178/1A3, 178/1A4, 178/1A5, 178/1A6, 178/1A7A, 178/1B, 179/3A1, 179/3A2, 185/1A, 185/1B, 185/1C, 185/1D, 185/2A, 185/2B & 185/2C of  Pongupalayam Village, Tiruppur North Taluk, Tiruppur District.","The Assistant Director, T&CP, issued Planning Permission No. 103/2026 in Letter No. SWP/BPA/706493/2025, Dated 25/02/2026. The Executive Officer/ The Special Officer of Pongupalayam Village Panchayat,  issued Building Permission in Letter Roc No: 32/PON/BPA/25-26, Dated 03/03/2026.","25.05.2028","Promoter Details                                                                     Project Details                                                                     Location of Site: Latitude-11.170938;Longitude-77.320236;","",""
"79","TNRERA/29/BLG/0079/2026                                 dated 10-03-2026","M/s.Raunaq Foundations, Door No.65A, Plot No.Rungta House, Halls Road, Kilpauk, Chennai, Tamil Nadu-600010.                                                                        V.Kalyani, Door No.2, Rajamannar Street, T.Nagar, Chennai, Tamil Nadu-600017.                                                                        C.Chandrasekar, Door No.2, Rajamannar Street, T.Nagar, Chennai, Tamil Nadu-600004.","Project Name: LIVERPOOLRegistration for High Rise Group development building for Residential use consisting of 2 Blocks with in Block No-1: Stilt Floor (for parking use) + 1st Floor (for parking use) + 2nd Floor to 9th Floor with 120 dwelling units, in Block No -2: G.Floor (Pump room & Electrical Transformer room) + 1st Floor & 2nd Floor (for Gym use), At Plot Nos. A & G, in the Greater Chennai Corporation. Approved Sub-Division No. SD/WDC No.3/00495/2021 dt.22.03.2022, abutting Manjambakkam Link Road (Milk Colony Road), Madhavaram, Chennai -600 060. Comprised in Old S.No.425, As per Patta No. T.S. No.85/1 part, 2 part & 3 part of Madhavaram Village, within the limits of Greater Chennai corporation, Madhavaram Taluk, Chennai District.","The CMDA issued planning permission No.OL-PP/HRB/0047/2025 in Letter No.CMDA/PP/HRB/N/0349/2025 dated 31/12/2025. The Greater Chennai Corporation issued building permission in Letter No.CEBA/WDCN03/00023/26 dated 19/01/2026.","30.12.2030","Promoter Details                                                                     Project Details                                                                     Location of Site: Latitude-13.160936;Longitude-80.231709;","",""
"80","TNRERA/35/BLG/0080/2026                                 dated 10-03-2026","AD REALTY, Door No.11D/2, BAJANAI KOIL 1ST STREET CHOOLAIMEDU, CHENNAI, Chennai, Tamil Nadu-600094.","Project Name: ECR EXOTICARegistration for Stilt Floor + 5 Floors residential building with 35 dwelling units at Plot No. 21, comprised in Survey No. 615/3C of Mugaiyur Village,  Thenpattinam Panchayat, Lathur Panchayat Union, Cheyyur Taluk, Chengalpattu District.","The Assistant Director, DTCP, Chengalpattu District issued planning permission No. SWP/Residential  Apartment Building/A.D/D.T.C.P(CD3) No. 98/2025, in Letter No. SWP/BPA/0593798/2025, dated 06/10/2025. The President, Thenpattinam Panchayat issued building permission in Letter ROC. No. 09/2025 - 26, dated 06/11/2025.","31.12.2027","Promoter Details                                                                     Project Details                                                                     Location of Site: Latitude-12.416635;Longitude-80.115838;","",""
"81","TNRERA/29/BLG/0081/2026                                 dated 10-03-2026","M/s.RAMANIYAM REALTORS LLP, Door No.14/67, 14/67 Third Main Road, Gandhi Nagar, Adyar, Chennai, Tamil Nadu-600020.                                                                        M/s.RAMANIYAM REALTORS LLP, 14/67 Third Main Road, Gandhi Nagar, Adyar, Chennai, Tamil Nadu-600028.                                                                        M/s.RAMANI REALTORS PRIVATE LIMITED,                                                                        M/s.Ramani Realtors Private Limited, 5, SECOND STREET, LAKSHMIPURAM, ROYAPTTAH, Chennai, Tamil Nadu-600014.","Project Name: RAMANIYAM SAI ARANYARegistration for Group Development comprising of 3 Blocks with combined extended double basement floor (meant for parking)+ Combined Stilt Floor (Meant for Parking & Block-1 Shop) consisting of Block-1: 1st & 2nd Floor Shop with 4 dwelling units & 3rd to 16th Floor with 42 dwelling units; Block - 2: 1st Floor Club House & 8 Dwelling Units + 2nd to 16 Floors with 195 Dwelling Units Block - 3: 1st to 16 Floors with 239 Dwelling Units (Totally 488 Dwelling Units) at comprised in S.Nos.21/3, 23/1B2C, 2B2, 25/2A and 67 (as per Document) and S.Nos.21/3A, 23/1B2C, 2B2, 25/2A1 and 67 (as per Patta) of Nerkundram village, Maduravoyal Taluk, Chennai District.","CMDA issued Planning Permission No.OL-PP/HRB/0035/2025 in Letter No. CMDA/PP/HRB/N/0543/2023 dated 25/08/2025. Greater Chennai Corporation issued Building Permission in Letter No. CEBA/WDCN11/00422/2025 dated 03/10/2025.","24.08.2033","Promoter Details                                                                     Project Details                                                                     Location of Site: Latitude-13.070678;Longitude-80.186810;","",""
"82","TNRERA/29/BLG/0082/2026                                 dated 10-03-2026","M/s.PUSHKAR PROPERTIES PRIVATE LIMITED, Flat No.Ethiraj House, Door No.F-205, New No 26 F-Block First Street  Anna Nagar East, CHENNAI - 600102, Chennai, Tamil Nadu-","Project Name: TEMPLE RIDGERegistration for Developer Share of Flats Nos.1A, 1B, 1C, 2D, 2E, 3A, 3B, 4D, 4E, 5A, 5E (Total 11 Flats), Stilt Floor (parking) + 5 Floors Residential Building (Height -18.30m) with 30 Dwelling units, Availing Premium FSI at Old Door No: 243 to 254/2, New Door No:296/1 to 296/14, (Document), Door No: 254/1, 296/3, 296/5 to 296/12, 1B (Patta) Konnur High Road, Ayanavaram, Chennai 600023, Comprised in Old S.No.243, 254, 296/3, 296/4, and T.S.No: 4/2, 4/4, 5/2 to 5/11, Block No: 23 of Ayanavaram Village within the limits of Greater Chennai Corporation, Ayanavaram Taluk, Chennai District.","The CMDA issued planning permission No.OL-PP/NHRB/0397/2025 in Letter No.CMDA/PP/NHRB/N/0087/2025 dated 13/10/2025. The Greater Chennai Corporation issued building permission in Letter No.CEBA/WDCN08/00463/2025 dated 03/12/2025.","27.12.2028","Promoter Details                                                                     Project Details                                                                     Location of Site: Latitude-13.099948;Longitude-80.228903;","",""
"83","TNRERA/20/BLG/0083/2026                                 dated 10-03-2026","M/s.VISVAS PROMOTERS PRIVATE LIMITED (GPA Holder), VASUDHARA ENCLAVE NO 84 TPK ROAD ANDALPURAM MADURAI, MADURAI - 625003, Madurai, Tamil Nadu-                                                                       M/s.SUPRADEEP HOMES PRIVATE LIMITED (Land Owner), Door No.D-S01, D Block, Vajra Apartments,, No.202, Bye Pass Road,, Madurai - 625016, Madurai, Tamil Nadu-","Project Name: AMITARegistration for Group Development Residential Building Ground Floor + 1st Floor at Block Nos.1 to 20 with 40 Dwelling units Comprised S.No.26/1B, 26/2B, 26/3A1B, 26/3A2, 31/2, 31/3 of Thuvariman Village, Madurai West Taluk, Madurai District.","The Assistant Director, T&CP, Madurai District issued planning permission in Letter No.SWP/BPA/682777/2025 dated 15/11/2025. The Special Officer, Thuvariman Panchayat, Thiruparankundram Panchayat Union issued building permission in Letter No.14/2025-2026 dated 27/11/2025.","30.06.2029","Promoter Details                                                                     Project Details                                                                     Location of Site: Latitude-9.953534;Longitude-78.059871;","",""
"84","TNRERA/29/BLG/0084/2026                                 dated 10-03-2026","RAJUS FLAT PROMOTERS PRIVATE LIMITED, Flat No.OLD NO:2, NEW NO.1, NAVALAR NAGAR, THRIUMANGALAM ROAD, ANNA NAGAR, Chennai, Tamil Nadu-600040.","Project Name: RAJUS MARUTHIRegistration for Stilt Floor (parking) + 5 Floors (height 18.30m) Residential building with 60 dwelling units availing Premium FSI with TOD benefit at TNHB Maruthi Flats, Block No. M54 (1 to 12), Block No. M55 (1 to 12), Block No. M56 (1 to 12) Station Road, (Station to North Township School) TNHB, Korattur, Chennai - 600 080 comprised in Old S.No.1020/1A part, T.S.No.201, Block No. 43, Ward E of Korattur Village within the limits of Greater Chennai Corporation, Chennai District.","CMDA issued planning permission No. OL-PP/NHRB/0043/2026 (Planning Permit No.OL-02632) in Letter No. CMDA/PP/NHRB/N/0522/2025, dated 30-01-2026. Greater Chennai Corporation issued building permission in Letter No. CEBA/WDCNO7/00053/2026, dated 05/02/2026.","30.07.2028","Promoter Details                                                                     Project Details                                                                     Location of Site: Latitude-13.111294;Longitude-80.182708;","",""
"85","TNRERA/35/BLG/0085/2026                                 dated 10-03-2026","M/s. CASA GRANDE AXIOM PRIVATE LIMITED, New No.111, Old No. 59 ,  NPL Devi, L B Road, Thiruvanmiyur, Chennai, Tamil Nadu-600041.","Project Name: CASAGRAND GLENMERERegistration for Ground Floor + First Floors 110 dwelling units with Amentity Block comprised in S.No. 1009/12A, 1009/12B, 1009/12C, 1009/12D, 1009/12E, 1009/12F, 1009/13A, 1009/13B, 1009/13C, 1009/14, 1009/17A, 1009/17B, 1010/1, 1010/2, 1010/3, 1011/1, 1011/2, 1011/3, 1439/2C, 1439/2D, 1439/3A1 & 1439/3B of Thaiyur B Village, Thiruporur Taluk, Chengalpattu District.","The President, Thaiyur Panchayat, Thiruporur Taluk, Thiruporur Panchayat Union, Chengalpattu District issued Building permission in Letter No. SWP/SCM/DTCP/RP/0305683/2025 Dated - 13/11/2025, SWP/SCM/DTCP/RP/0306555/2025Dated - 14/11/2025, SWP/SCM/DTCP/RP/0308182/2025 Dated – 17/11/2025, SWP/SCM/DTCP/RP/0308224/2025 Dated - 17/11/2025, Roc No:45/2025-26 Dated - 01//12/2025, SWP/SCM/DTCP/RP/0308192/2025 Dated - 17/11/2025, SWP/SCM/DTCP/RP/0308209/2025 Dated - 17/11/2025, SWP/SCM/DTCP/RP/0308275/2025 Dated -17/11/2025, SWP/SCM/DTCP/RP/0306014/2025 Dated - 14/11/2025, SWP/SCM/DTCP/RP/0306015/2025 Dated - 14/11/2025, SWP/SCM/DTCP/RP/0306016/2025 Dated - 14/11/2025, SWP/SCM/DTCP/RP/0306017/2025 Dated - 14/11/2025, SWP/SCM/DTCP/RP/0306018/2025 Dated - 14/11/2025, SWP/SCM/DTCP/RP/0306020/2025 Dated – 14/11/2025, SWP/SCM/DTCP/RP/0308486/2025 Dated – 17/11/2025, SWP/SCM/DTCP/RP/0305916/2025 Dated – 13/11/2025, SWP/SCM/DTCP/RP/0305925/2025 Dated - 13/11/2025, SWP/SCM/DTCP/RP/0305932/2025 Dated - 13/11/2025, SWP/SCM/DTCP/RP/0305938/2025 Dated - 13/11/2025, SWP/SCM/DTCP/RP/0305941/2025 Dated - 13/11/2025, SWP/SCM/DTCP/RP/0305943/2025 Dated - 13/11/2025, SWP/SCM/DTCP/RP/0305946/2025 Dated - 13/11/2025, SWP/SCM/DTCP/RP/0305951/2025 Dated – 13/11/2025, SWP/SCM/DTCP/RP/0305953/2025 Dated – 13/11/2025, SWP/SCM/DTCP/RP/0308490/2025 Dated – 17/11/2025, SWP/SCM/DTCP/RP/0305958/2025 Dated – 13/11/2025, SWP/SCM/DTCP/RP/0305960/2025 Dated – 13/11/2025, SWP/SCM/DTCP/RP/0305963/2025 Dated – 13/11/2025, SWP/SCM/DTCP/RP/0305964/2025 Dated – 13/11/2025, SWP/SCM/DTCP/RP/0305968/2025 Dated – 13/11/2025, SWP/SCM/DTCP/RP/0305970/2025 Dated – 13/11/2025, SWP/SCM/DTCP/RP/0305971/2025 Dated – 13/11/2025, SWP/SCM/DTCP/RP/0305973/2025 Dated – 13/11/2025, SWP/SCM/DTCP/RP/0305974/2025 Dated – 13/11/2025, SWP/SCM/DTCP/RP/0308485/2025 Dated – 19/11/2025, SWP/SCM/DTCP/RP/0306571/2025Dated – 14/11/2025,SWP/SCM/DTCP/RP/0306619/2025 Dated – 14/11/2025,SWP/SCM/DTCP/RP/0306023/2025 Dated – 14/11/2025, SWP/SCM/DTCP/RP/0306025/2025 Dated – 14/11/2025, SWP/SCM/DTCP/RP/0306026/2025 Dated – 14/11/2025, SWP/SCM/DTCP/RP/0306028/2025 Dated – 14/11/2025, SWP/SCM/DTCP/RP/0306027/2025 Dated – 14/11/2025,SWP/SCM/DTCP/RP/0306029/2025 Dated – 14/11/2025,SWP/SCM/DTCP/RP/0306030/2025 Dated – 14/11/2025, SWP/SCM/DTCP/RP/03060231/2025 Dated – 14/11/2025,SWP/SCM/DTCP/RP/0305977/2025Dated – 14/11/2025,SWP/SCM/DTCP/RP/0305981/2025Dated – 14/11/2025, SWP/SCM/DTCP/RP/0305983/2025Dated – 14/11/2025,SWP/SCM/DTCP/RP/0305984/2025Dated – 14/11/2025,SWP/SCM/DTCP/RP/0305985/2025Dated – 14/11/2025, SWP/SCM/DTCP/RP/0305986/2025Dated – 14/11/2025,SWP/SCM/DTCP/RP/0305988/2025Dated – 14/11/2025,SWP/SCM/DTCP/RP/0305989/2025Dated – 14/11/2025, SWP/SCM/DTCP/RP/0309998/2025Dated – 19/11/2025,Roc No:43/2025-26Dated – 01/12/2025SWP/SCM/DTCP/RP/0306032/2025 Dated – 14/11/2025 SWP/SCM/DTCP/RP/0306033/2025 Dated – 14/11/2025,SWP/SCM/DTCP/RP/0306034/2025 Dated – 14/11/2025, SWP/SCM/DTCP/RP/0308481/2025 Dated – 17/11/2025 SWP/SCM/DTCP/RP/0306036/2025 Dated – 14/11/2025,SWP/SCM/DTCP/RP/0308236/2025 Dated – 17/11/2025, SWP/SCM/DTCP/RP/0308257/2025 Dated – 17/11/2025 SWP/SCM/DTCP/RP/0306037/2025 Dated – 14/11/2025,SWP/SCM/DTCP/RP/0306038/2025 Dated – 14/11/2025, SWP/SCM/DTCP/RP/0306039/2025 Dated – 14/11/2025 SWP/SCM/DTCP/RP/0308483/2025 Dated – 17/11/2025, SWP/SCM/DTCP/RP/0308475/2025 Dated – 17/11/2025, SWP/SCM/DTCP/RP/0308458/2025 Dated – 17/11/2025, SWP/SCM/DTCP/RP/0308471/2025 Dated – 17/11/2025, SWP/SCM/DTCP/RP/0308920/2025 Dated – 18/11/2025,SWP/SCM/DTCP/RP/0308454/2025 Dated – 17/11/2025, SWP/SCM/DTCP/RP/0308439/2025Dated – 17/11/2025, SWP/SCM/DTCP/RP/0308343/2025Dated – 17/11/2025, SWP/SCM/DTCP/RP/0307974/2025Dated – 17/11/2025, SWP/SCM/DTCP/RP/0308105/2025Dated – 17/11/2025, SWP/SCM/DTCP/RP/0307321/2025 Dated – 15/11/2025, SWP/SCM/DTCP/RP/0307334/2025 Dated – 15/11/2025, SWP/SCM/DTCP/RP/0307345/2025 Dated – 15/11/2025, SWP/SCM/DTCP/RP/0308431/2025 Dated – 17/11/2025, SWP/SCM/DTCP/RP/0309562/2025 Dated – 19/11/2025, SWP/SCM/DTCP/RP/0307941/2025 Dated – 17/11/2025, SWP/SCM/DTCP/RP/0307926/2025 Dated – 17/11/2025, WP/SCM/DTCP/RP/0308086/2025 Dated – 17/11/2025, SWP/SCM/DTCP/RP/0307322/2025 Dated – 15/11/2025, SWP/SCM/DTCP/RP/0307357/2025 Dated – 15/11/2025, SWP/SCM/DTCP/RP/0307358/2025 Dated – 15/11/2025, SWP/SCM/DTCP/RP/0307366/2025 Dated – 15/11/2025, SWP/SCM/DTCP/RP/0310252/2025 Dated – 19/11/2025, SWP/SCM/DTCP/RP/0309089/2025 Dated – 19/11/2025, SWP/SCM/DTCP/RP/0308898/2025 Dated – 18/11/2025, SWP/SCM/DTCP/RP/0307428/2025 Dated – 15/11/2025, SWP/SCM/DTCP/RP/0308452/2025 Dated – 17/11/2025, SWP/SCM/DTCP/RP/0308012/2025 Dated – 17/11/2025, SWP/SCM/DTCP/RP/0307332/2025 Dated – 15/11/2025, SWP/SCM/DTCP/RP/0307372/2025 Dated – 15/11/2025, SWP/SCM/DTCP/RP/0307379/2025 Dated – 15/11/2025, SWP/SCM/DTCP/RP/0307381/2025 Dated – 15/11/2025, SWP/SCM/DTCP/RP/0307394/2025 Dated – 15/11/2025, SWP/SCM/DTCP/RP/0308421/2025 Dated – 17/11/2025, SWP/SCM/DTCP/RP/0307418/2025 Dated – 15/11/2025, SWP/SCM/DTCP/RP/0307417/2025 Dated – 15/11/2025, SWP/SCM/DTCP/RP/0307413/2025 Dated – 15/11/2025, SWP/SCM/DTCP/RP/0307412/2025 Dated – 15/11/2025, SWP/SCM/DTCP/RP/0307397/2025 Dated – 15/11/2025, SWP/SCM/DTCP/RP/0307986/2025 Dated – 17/11/2025, Roc No:44/2025-26 Dated – 01/12/2025, SWP/SCM/DTCP/RP/0309552/2025 Dated 19/11/2025, SWP/SCM/DTCP/RP/0309567/2025 Dated – 19/11/2025, Roc No:46/2025-26 Dated – 01/12/2025. SWP/BPA/719373/2025 Dated 14.01.2026, Roc.No. 57/2025-26 Dated 04.02.2026.","28.02.2028","Promoter Details                                                                     Project Details                                                                     Location of Site: Latitude-12.75716;Longitude-80.183286;","","This Registration revises the earlier Registration given in Registration No. TNRERA/35/BLG/0005/2026 dated 02/01/2026Affidavit                                                                                                         Revised Carpet Area Statement"
"86","TNRERA/29/BLG/0086/2026                                 dated 10-03-2026","L&T REALTY PROPERTIES LIMITED, L&T CONSTRUCTION CAMPUS, TC1 BUILDING, 2ND FLOOR, MOUNT POONAMALLE ROAD, MANAPAKKAM Village , CHENNAI, Chennai, Tamil Nadu-600089.","Project Name: L&T REALTY AVINYA ENCLAVERegistration for The Planning Permission Application for the revision and proposed additional construction of High Rise Group Development Consisting of 6 Residential cum Commercial Towers with Combined & Extended Double Basement Floor and 3rd Basement Floor part (for Pump room) over & above in Tower – 1: Ground Floor +1st floor + Service floor+2nd to 15th Floor with 56 dwelling units and Shops, Health care, Super Market, Day care units @ G.Floor Floor & 1st Floor level, Tower – 2 & 3 (Combined): Ground Floor + 16 Floors with 156 dwelling units and Party Hall, Indoor Games, Mini Theatre, Association room, Yoga room & Health Club @ G.Floor, 1st Floor & 2nd Floor level, Tower – 4: Ground Floor + 16 Floors with 263 dwelling units, Tower – 5: Ground Floor + 16 Floors with 229 dwelling units with swimming pool at Ground Floor and Tower – 6: Ground Floor + 16 Floors with 98 dwelling units, Totally 802 dwelling units Abutting MountPoonamallee Road, Comprised in S.No.115/16 & 117 of Ramapuram Village, Maduravoyal Taluk, Zone-XI, Division-154 and S.No.22/1, 23 of Manapakkam Village, Alandur Taluk, Chennai District."," CMDA issued planning permission in Letter No. OL-PP/HRB/0045/2025  vide letter No. CMDA/PP/HRB/N/0251/2024 dated 27/11/2025. Greater Chennai Corporation issued building permission in Letter No. CEBA/WDCN12/00534/2025 dated 19/12/2025","30.09.2029","Promoter Details                                                                     Project Details                                                                     Location of Site: Latitude-13.0241644;Longitude-80.1795411;","",""
"87","TNRERA/29/BLG/0087/2026                                 dated 13-03-2026","M/s.Arihanth Foundations & Housing Limited, New No.10 (Old No.8) Sir Ramasamy Street, Vepery,, Chennai, Tamil Nadu-600010.                                                                        M/s.A Bond Strands, No.P164, Developed Plots, Perungudi,, Chennai, Tamil Nadu-600096.","Project Name: ARIHANT VAAYURegistration of Stilt floor (Two level Puzzle Parking) + 4 floors IT/ITES use Building at Plot No.164, Industrial Estate Perungudi Comprised in S.No.129/1A1B & 129/1B of Pallavakkam Village, Chennai District.","CMDA issued Planning permission No. OL-PP/IND/0038/2024 in Letter No. CMDA/PP/IND/S/0456/2024 dated 02/08/2024. Greater Chennai Corporation issued Building permission in Letter No. CEBA/WDCN14/00414/2024 dated 16/08/2024.","Completed","Promoter Details                                                                     Project Details                                                                     Location of Site: Latitude-12.96235666666668;Longitude-80.24878833333334;","","Completed"
"88","TNRERA/35/BLG/0088/2026                                 dated 13-03-2026","M/s. FELIXA AND SKY HOMES LLP, Old No. 18, New No. 14, 1St Floor, Door No. 16, Balaram Road, Adyar, Chennai, Chennai, Tamil Nadu-600020.","Project Name: Felixa SKY MILANORegistration for Developer share of flats with Ground Floor + 1 st Floor with 12 dwelling units  and Commercial block (Basement + Ground+2 floors) comprised in S.No. 13/9B3E, 13/9B3C, 13/9B3D, 13/9B3B, 13/9B3Q, 13/9B3R, 13/9B3S, 13/9B3T, 13/9B3U, 13/9B3V, 13/9B3W, and 13/9B3X of Karanai Village, Thiruporur Panchayat Union, Vandalur Taluk, Chengalpattu District.","The President, Thazhambur Village Panchayat issued building permission in Lr No: SWP/SCM/DTCP/RP/0327073/2025 dated 21.12.2025, SWP/SCM/DTCP/RP/0327100/2025 dated 21.12.2025, SWP/SCM/DTCP/RP/0328104/2025 dated 21.12.2025, SWP/SCM/DTCP/RP/0328105/2025 dated 21.12.2025, SWP/SCM/DTCP/RP/0329152/2025 dated 22.12.2025, SWP/SCM/DTCP/RP/0329153/2025 dated 21.12.2025, SWP/SCM/DTCP/RP/0329154/2025, dated 21.12.2025, SWP/SCM/DTCP/RP/0329155/2025 dated 21.12.2025, SWP/SCM/DTCP/RP/0329157/2025, dated 21.12.2025, SWP/SCM/DTCP/RP/0329158/2025 dated 22.12.2025, SWP/SCM/DTCP/RP/0329159/2025 dated 22.12.2025, SWP/SCM/DTCP/RP/0329160/2025 dated 22.12.2025, 32/2025-26 dated 05.12.2025. The Assistant Director, DTCP,  Chengalpattu District approved the commercial block in  SWP/BP/MLPA(CD-5).No.125/2025 dated 12.03.2025.  The President, Thazhambur Village Panchayat issued building permission in Lr No: 32/2025-2026 dated 05.12.2025.","31.03.2028","Promoter Details                                                                     Project Details                                                                     Location of Site: Latitude-12.859951;Longitude-80.20619;","",""
"89","TNRERA/16/BLG/0089/2026                                 dated 13-03-2026","M.Noor Mohamed , 2) N.Sharmila , 3) M/s. Bharath Flat Promotters, F7 , BHARATH SHOPPING MALL , HEBER ROAD, Tiruchirappalli - 620  017, Tiruchirappalli, Tamil Nadu-","Project Name: Bharath SpringsRegistration for Residential Building consists of Block A - Stilt Floor + 5 Floors with 60 dwelling units , Block B- Stilt Floor + 5 Floors with 60 dwelling units , Block C - Stilt Floor + 5 Floors with 40 dwelling units , Club House Block - Stilt Floor + 3 Floors (Hall , Gym & Games) and by totaly 160 dwelling units. Comprised in S.Nos. 25/6 , 25/7 , 25/8 , 26/3A1A1B , 26/4A  of  Agaram  Village and S.No. 6/5A2A  of  Elakudi  Village  , Thiruverumbur  Taluk , Tiruchirapalli District.","The  Joint  Director , T&CP , Tiruchirapalli  District  has issued planning permission  vide letter No. SWP/BPA/486661/2025 dated 12.09.2025. The  Assistant  Commissioner , Trichy City Municipal  Corporation has issued the building permission vide letter No.  086/BL/2025/00503 dated 12.12.2025","31.12.2028","Promoter Details                                                                     Project Details                                                                     Location of Site: Latitude-10.799993;Longitude-78.760104;","",""
"90","TNRERA/29/BLG/0090/2026                                 dated 13-03-2026","M S SCALING VENTURES REP BY V CHETAN BAGRECHA, VELLALA STREET, Chennai, Tamil Nadu-600084.","Project Name: JAI SHANKESHWAR APARTMENTRegistration for Proposed Construction of a Stilt Floor (parking) + 5 Floors Residential Building with 10 dwelling units comprised in Old S. No: 120,121 and T.S. No: 104/1,105, Block No: 05, Ward-01 Purasawalkam Village within the limits of Greater Chennai Corporation Chennai District.","The Assistant Planner, CMDA Chennai district issued Planning Permission No. OL-PP/NHRB/0486/2025 in letter no. CMDA/PP/NHRB/N/0603/2025 dated 09.12.2025. Greater Chennai Corporation, issued building Permission letter no. CEBA/ WDCN08/ 00542/2025 dated 30.12.2025.","30.07.2027","Promoter Details                                                                     Project Details                                                                     Location of Site: Latitude-13.084216;Longitude-80.251463;","",""
"91","TNRERA/11/BLG/0091/2026                                 dated 13-03-2026","M/s.SREE LAKSHMI VENKATESWARA & CO, Door No.15/9, Sri Ram Layout, Saibaba Colony,, Coimbatore - 641011, Coimbatore, Tamil Nadu-","Project Name: SLV AISWARYAMRegistration for Group House Building at Block Nos.1 to 19: Ground Floor + 1 Floor with 19 Dwelling units and Amenity Block No.20: Ground Floor + 1 Floor + 2 Floor for Community hall, office, gym and swimming pool and etc. Comprised in S.No.333/1D of Veerakeralam Village, Coimbatore Taluk, Coimbatore District.","The Joint Director, T&CP, Coimbatore District issued planning permission in Letter No.SWP/BPA/008746/2023 dated 03/04/2024. The Commissioner, Coimbatore City Municipal Corporation issued building permission in Letter No.162/BL/2025/03/040/01809 dated 05/01/2026.","01.12.2030","Promoter Details                                                                     Project Details                                                                     Location of Site: Latitude-110053.4;Longitude-765323.8;","",""
"92","TNRERA/29/BLG/0092/2026                                 dated 13-03-2026","SRI PADMAVATHI PROMOTERS PRIVATE LIMITED , R.CHANDINI AND R.ABIRAMI, Door No.55, 3rd Main Road, Padmavathi Homes, Alwarthirunagar Annexe, Valasaravakkam, Chennai, Tamil Nadu-600087.","Project Name: GEETHAM APARTMENTSRegistration for Stilt Floor + 4 Floors +5th Floor(pt)  Residential Building with 20 dwelling units Availing Premium FSI at Plot Nos.21 & 22, Guindy Engineering College Road, Okkiyam Thoraipakkam, Chennai -600096 comprised in Old S.No.424/1 & 425/2B and New S.No.424/3 & 425/8 of Okkiyam Thoraipakkam Village within the limits of Greater Chennai corporation, Chennai District.","CMDA issued Planning Permission No.OL-PP/NHRB/0666/2024 in Letter No. CMDA/PP/NHRB/S/0595/2024, Dated 14/11/2024.Greater Chennai Corporation issued Building Permission in Letter No. CEBA/WDCN15/00596/2024, Dated 11/12/2024.","31.12.2027","Promoter Details                                                                     Project Details                                                                     Location of Site: Latitude-12.9335774;Longitude-80.2387732;","",""
"93","TNRERA/11/BLG/0093/2026                                 dated 13-03-2026","SRI THANASI CONSTRUCTION PRIVATE LIMITED, NO.16 THAVASI NAGAR, Coimbatore, Tamil Nadu-641025.                                                                        MURTHI, NO.16 THAVASI NAGAR, Coimbatore, Tamil Nadu-641025.                                                                        palaniammal, NO.16 THAVASI NAGAR, Coimbatore, Tamil Nadu-641025.","Project Name: SUBIKSHAAM ENCLAVERegistration for Stilt Floor(Parking) + 05 Floors with 40 dwelling units  comprised in  Ward No.16 (P) T.S No. 49/3,  Block No. 8 of Telungupalayam Village, Coimbatore District.","The Joint Director, DTCP, Coimbatore  issued planning permission in P.P.No.435/2023 vide Letter No. SWP/BPA/005379/2023 Dated 31/07/2023. The Commssioner, Coimbatore Corporation  issued building permission in Letter No. 162/BL/2024/03/042/00354 Dated 07/02/2024.","20.07.2031","Promoter Details                                                                     Project Details                                                                     Location of Site: Latitude-11.031208;Longitude-76.929036;","",""
"94","TNRERA/29/BLG/0094/2026                                 dated 13-03-2026","A.Vijayabarathi (Land owner) , 2) M/s. Isha Homes (India) Private Limited (Promoter), Door No.Old No. 55, New No. 74,, First Avenue , Indira Nagar, Adyar, Chennai - 600  020, Chennai, Tamil Nadu-","Project Name: ISHA RIVER FRONTRegistration for  Group Housing Development comprising 2 Blocks with combined Stilt floor for Block A & B; Block A - Stilt floor + 5 floors  Residential Building with 35 dwelling units ; Block B - Stilt floor + 5 floors Residential Building with 29 dwelling units; Totally 64 dwelling units with Association Room & GYM and STP , Pump Room at Woodcreek County 15th Cross Street, Woodcreek County 14th Cross Street and Woodcreek  County 13th Cross Street, Nandambakkam, Chennai. Comprised in Old S.No.140/3 (Document), New S.No.140/3C (Patta) of  Nandambakkam  Village , Alandur  Taluk , Chennai District.","The  Assistant  Planner , CMDA , Chennai has issued planning permission vide letter No.  CMDA/PP/NHRB/S/0889/2025 dated 30.01.2026.  The  Executive  Engineer (T.P.) , Greater Chennai Corporation , Chennai has issued building permission vide letter No. CEBA/WDCN12/00051/2026  dated  04.02.2026","31.01.2031","Promoter Details                                                                     Project Details                                                                     Location of Site: Latitude-13.013467649243191;Longitude-80.1830555200305;","",""
"95","TNRERA/29/BLG/0095/2026                                 dated 13-03-2026","M/s PUSHKAR  PROPERTIES PRIVATE LIMITED, Mr. Vupputtur Prabhakar, Mr.Vupputtur Venkatarahul, Mr.Vupputtur Vinayakarohit,  Mr.V.Srinath, Mrs. V.Jayashree Srinath, Mr.Vupputur Srinath Sreekanth, Door No.Ethiraj House, Plot No.F-205, New No 26 F-Block First Street, Anna Nagar East, Chennai, Tamil Nadu-600102.","Project Name: ARCADIARegistration for Stilt Floor (parking) + 5 Floors Residential Building with 10 Dwelling units at Old Door No: 21, New Door No: 14, 12th Avenue / Gilchrist Avenue, Off Harington Road, Chetpet, Chennai Comprised in Old R.S. No: 321/1 and 366/1 and New T.S.No.321/30, Block No: 18 of Egmore Village, Chennai District.","CMDA issued Planning Permission No.OL-PP/NHRB/0401/2025 in Letter No. CMDA/PP/NHRB/N/0102/2025 dated 14/10/2025. Greater Chennai Corporation issued building permission in Letter No.CEBA/WDCN08/00528/2025 dated 19/12/2025.","02.12.2029","Promoter Details                                                                     Project Details                                                                     Location of Site: Latitude-13.070756;Longitude-80.235495;","",""
"96","TNRERA/29/BLG/0096/2026                                 dated 18-03-2026","S.APPAN, Door No.OLD NO 18, NEW NO:31B, SBI COLONY 3RD STAGE, NANGANALLUR, ALANDUR, Chennai, Tamil Nadu-600061.","Project Name: JANAV JUBLIANCERegistration for Stilt Floor + 4 Floors + 5th floor (Part) (Height - 18.30m) Residential Building with 15 dwelling units for Affordable Housing at Plot No.3 & 4, Manikandan Street, Ayyappa Nagar, Keelkatalai, Chennai 600117, comprised in Old S.No.251/3 (Document) and T.S.No.93 & 94, Block No.24, Ward – H (Patta) of Keelkatalai Village, Pallavaram Taluk withinthe limits of Tambaram Municipal Corporationk, Chengalpattu District.","The CMDA issued planning permission No.OL-PP/NHRB/0477/2024 in Lr.No.CMDA/PP/NHRB/S/0446/2024 dated 06/08/2024. The Commissioner, Tambaram Corporation issued building permission in Letter No.009/BL/2024/02/019/01873 dated 17/12/2024.","10.12.2029","Promoter Details                                                                     Project Details                                                                     Location of Site: Latitude-125753.2;Longitude-801119.2;","",""
"97","TNRERA/29/BLG/0097/2026                                 dated 23-03-2026","M/s.Arihant Foundations & Housing Ltd, Door No.New No.3 & Old No.25, Ganapathy Colony 3rd Street, Chennai, Tamil Nadu-600018.                                                                        Arihant Foundations & Housing Ltd, Gujji 2nd Street, Chennai, Chennai, Tamil Nadu-600102.                                                                        Sudha Ramraj, Sathyadev Avenue, R A Puram, Chennai, Tamil Nadu-600028.                                                                        Sumithra Ajith, Nachiappan Street, Mylapore, Chennai, Tamil Nadu-600004.                                                                        C Raja, Nachiappan Street, Mylapore, Chennai, Tamil Nadu-600004.                                                                        R Jayalakshmi, Door No.New No.3 & Old No.25, Ganapathy Colony 3rd Street, Chennai, Tamil Nadu-600018.","Project Name: Arihant VivritiRegistration of owner Share of Flat No. 1B, 1C, 1D in1st Floor, Flat No. 2A, 2B in 2nd Floor, (total 5 Flats) in Stilt floor + 3 floors Residential Building with 12 dwelling units at Plot No.606, VOC Street Off Old Mahabalipuram Road, Kottivakkam, Comprised in Old S.Nos.278/10A & 278/10B, (Then Survey Nos.278/10A3 & 278/10B3 & as per patta Survey Nos.278/10A3A, 278/10A3B1,278/10A3B2, 278/10B3A, 278/10B3B1 and 278/10B3B2 of Kottivakkam Village, Chennai District.","CMDA issued Planning permission No. OL-PP/NHRB/0246/2024 in Letter No. CMDA/PP/NHRB/S/0060/2024 dated 30/05/2024. Greater Chennai Corporation issued Building permission in Letter No. CEBA/ MDCN14/00306/2024 dated 02/07/2024.","31.12.2027","Promoter Details                                                                     Project Details                                                                     Location of Site: Latitude-12.972692;Longitude-80.251312;","",""
"98","TNRERA/29/BLG/0098/2026                                 dated 23-03-2026","1. Sir John Demonte Trust Represented By Archbishop Dr. George Antonysamy (Land Owner) 2. M/s. SSPDL Ltd. (Developer), Door No.41, Plot No.Archbishop’s House, Santhome High Road, Mylapore Village , Chennai, Taluk.Mylapore, Chennai, Tamil Nadu-600004.","Project Name: PARK CENTERRegistration for Stilt Floor+ 4 Floors Commercial Building (Office use) (Height-18.20m) at Plot No.35, 36 & 37, New Door No. 19, 21 & 23, Old Door No.9, 10 & 11, Demonte Colony Street, Demonte Colony, Alwarpet, Chennai-600018 comprised in R.S.No.3676 pt, Block No.73, Mylapore village Within the Limits of Greater Chennai Corporation, Chennai District.","CMDA issued Planning Permission No. OL-PP/NHRB/0404/2024 (Planning Permit No. OL-01028) in Letter No. CMDA/PP/NHRB/S/0219/2024, dated 04/07/2024. Greater Chennai Corporation issued Building Permission in Letter No. CEBA/WDCN09/00345/2024, Dated 16/07/2024.","Completed","Promoter Details                                                                     Project Details                                                                     Location of Site: Latitude-13.030605196823045;Longitude-80.25230222791363;","","Completed"
"99","TNRERA/29/BLG/0099/2026                                 dated 23-03-2026","M/s.PEARLCONSTRUCTION CHENNAI PRIVATE LIMITED, Plot No.Plot No.18B, Gayathri Nagar,, Medavakkam Village , Chennai, Chennai, Tamil Nadu-600100.","Project Name: PEARL EVITARegistration for construction of Stilt floor + 4 Floors + 5th Floors (Part)  Residential Building with 46 dwelling units for Affordable Housing  (Association Room and Indoor Games at 5th Floor) at Ishwaryam Garden Road, Vengaivasal Village, Chengalpattu District comprised in Old S.Nos.15/1 (Pt) & 15/2 (Document), New S.No.15/1A & 15/2A1A (Patta) of Vengaivasal Village within the limit Chengalpattu District.","CMDA Planning Permission No. OL-PP/NHRB/0013/2026 issued in letter No. CMDA/PP/NHRB/S/0978/2025 dated 12-01-2026. The President, Vengaivasal Village Panchayat, Chengalpattu District issued building permission No.92/2025-2026 dated 14/01/2026.","31.12.2029","Promoter Details                                                                     Project Details                                                                     Location of Site: Latitude-12.909127;Longitude-80.185704;","",""
"100","TNRERA/20/BLG/0100/2026                                 dated 24-03-2026","M/s. Visvas Promoters  Private Limited, VASUDHARA ENCLAVE NO 84 TPK ROAD ANDALPURAM, Madurai - 625 003, Madurai, Tamil Nadu-","Project Name: AJITA I - EXTENSIONRegistration for Group Developments Residential Building with Block Nos. 1 to 7 - Ground Floor + 1st Floor with One dwelling unit each , Block No. 8 - Ground Floor + 1st Floor with Two dwelling Units , Block Nos. 9 to 14 - Ground Floor + 1st Floor with One dwelling unit each and by totaly 15 dwelling units. Comprised in S.Nos. 21/1A2, 21/1B of  Thuvariman Village , Madurai  West  Taluk , Madurai District.","The  Assistant  Director , T&CP , Madurai District has issued the planning permission vide letter No. SWP/BPA/0709606/2025 dated 19.12.2025. The President , Thuvariman  Village  Panchayat has issued building permission vide letter No. 05/2025-2026  dated 03.02.2026.","31.12.2029","Promoter Details                                                                     Project Details                                                                     Location of Site: Latitude-9.953584;Longitude-78.060646;","","Change of Project Bank A/c No: Collection A/c No.093150400800003, Separate A/c No.093150410800004, Transaction A/c No.093539842105262"
"101","TNRERA/29/BLG/0101/2026                                 dated 24-03-2026","M/s. KG Foundations Private Limited, No. 5 , Marble Arch , Ground Floor , Bishop Wallers Avenue East, Mylapore, Chennai, Tamil Nadu-600 004.","Project Name: KG GOLD COASTRegistration for Group development buildings with 2 Blocks with Block A : Stilt Floor + 9 Floors with 81 dwelling units and Block B : Stilt  Floor + 2 Floors with Stilt Floor (Parking) + 1st Floor (Yoga room, Indoor games) + 2nd floor part (GYM and Open Swimming Pool) at abutting Ennore Express way. Comprised in S.No. 67/1A1B (Old S.NO 67/1A1) , T.S.NO 16/1 , Block No.10 Thiruvottiyur Village , Thiruvottiyur  Taluk , Chennai District.","The  Assistant  Planner , CMDA , Chennai has issued the Planning Permission vide letter No. CMDA/PP/HRB/N/0749/2025  dated 13.02.2026. The  Executive  Engineer (T.P.) , Greater Chennai Corporation , Chennai  has issued building permission vide letter No. CEBA/WDCN01/00074/2026 dated 25.02.2026.","12.02.2034","Promoter Details                                                                     Project Details                                                                     Location of Site: Latitude-13.165269;Longitude-80.306820;","",""
"102","TNRERA/11/BLG/0102/2026                                 dated 24-03-2026","Ananya Shelters Pvt Ltd, Door No.618/A, Sabari Garden, Kasthurinaicken Palayam Village , Coimbatore, Taluk.Coimbatore North, Coimbatore, Tamil Nadu-641041.","Project Name: Ananyas Nana Nani Homes Phase 10Registration for Proposed Construction of Group House Residential Building - 6 Blocks (Block 1to4: Stilt + 5floors, Block 5: Basement + Stilt + 5 floors, Block 6: Ground + 4 floors) with 200 dwelling units comprised in S.F.No:413/1B3 Somayampalayam Village and Panchayat, Coimbatore North Taluk, Coimbatore District.","The Joint Director, T&CP Coimbatore district issued Planning Permission No.938/2025 in letter no. SWP/BPA/634255/2025 dated 29.12.2025. The Joint Director, T&CP Coimbatore district amended letter No.780/2025/CD-2 dated 17.02.2026.The President, Somayampalayam Village and Panchayat, Coimbatore North Taluk, Coimbatore District issued building Permission letter Roc no. 165/2025-2026 dated 19.01.2026. The Special Officer, Somayampalayam Village and Panchayat, Coimbatore North Taluk, Coimbatore District amended letter Roc No: 165 dated 14.02.2026.","09.01.2031","Promoter Details                                                                     Project Details                                                                     Location of Site: Latitude-11.049588;Longitude-76.906440;","",""
"103","TNRERA/29/BLG/0103/2026                                 dated 24-03-2026","VJR BUILDERS REPRESENTED BY ITS PROPRIETOR Mr R VIJAY KANNAN G.MALLINATHAN S.RAMESH R.ASHOK KUMAR K.SUKUMARAN R.VIJAY KANNAN, Door No.13/7, 92nd Street, 18th Avenue,  Ashok Nagar, Chennai - 600083, Chennai, Tamil Nadu-","Project Name: RISHAB  APARTMENTSRegistration for Stilt floor+ 4 Floors + 5th Floor (pt) Residential Building  with 10 Dwelling units at Plot No.104, 110pt, 111pt, 112, Manimegalai Nagar Extension, Pallikaranai Village, Chennai comprised in S.No.680/1B1A & 680/1B2A1A as per Document, S.No. 680/1B1A2 & 680/1B2A1A2 as per Patta of Pallikaranai village within the limits of Greater Chennai Corporation, Chennai District.","CMDA issued Planning Permission No. OL-PP/NHRB/0096/2025 in Letter No. CMDA/PP/NHRB/S/0474/2024, Dated 20/03/2025. Greater Chennai Corporation. issued Building Permission in Letter No. CEBA/WDCNIS/00157/2025, Dated 11/04/2025.","31.12.2027","Promoter Details                                                                     Project Details                                                                     Location of Site: Latitude-12.9194010;Longitude-80.2265370;","",""
"104","TNRERA/29/BLG/0104/2026                                 dated 25-03-2026","TAMIL NADU HOUSING BOARD, TNHB SHOPPING COMPLEX,  Thirumangalam, Chennai, Tamil Nadu-600101.","Project Name: Construction of 304 HIG MSB at  ArumbakkamRegistration for High Rise Group Development for Commercial cum Residential use Building consisting Block - 1 & 2: Extended Combined Double Basement floor over & above each block with Stilt floor + 19 Floors for Residential use with 152 Dwelling units in each block (Totally 304 Dwelling units) and Block - 3: Extended & Double Basement floor + Ground floor 11 floors - Commercial (Office) Building, at Old S.Nos. 249/1, 2, 3, 5, 250/1, 2, 3, 4, 5, 6, 251, 252/2A, T.S.No.2/1, Block No. 4 of Arumbakkam Viilage, Aminjikarai Taluk, Poonamallee High Road, Chennai. Within the limits of Greater Chennai Corporation,Chennai District.","CMDA issued planning permission in P.P.No.Permit No. 14509 vide Letter No. C3(N)/296/2020, Dated 08/10/2021. Greater Chennai corporation  issued building permission in Letter No. CEBA/WDCN08/00343/2021  issued building permission  Dated 24/11/2021.","31.12.2026","Promoter Details                                                                     Project Details                                                                     Location of Site: Latitude-13.077374;Longitude-80.205264;","",""
"105","TNRERA/29/BLG/0105/2026                                 dated 26-03-2026","A.MURUGAN Proprietor of M/s. ARIBUILDERS, Door No.No.1, Plot No.Aruna Palace, Palayakkaran Street, Porur Village , Chennai, Chennai, Tamil Nadu-600116.                                                                        P.R.PRAVEENKUMAR, Door No.No.132/146, Mettu Street, Ayanavaram Village , Chennai, Tamil Nadu-600023.","Project Name: ARUNA DELIGHTRegistration for Stilt Floor (Parking) + 2 Floors + 3rd Floor part (12.60m Height) Residential building with 16 Dwelling units at Old Door No.152, New Door No.104, Mettu Street, Ayanavaram, Chennai 600023 comprised in Paimash No.980, T.S.No.84, Block No.28 of Ayanavaram Village, Chennai District.","CMDA issued Planning Permission No. OL-PP/NHRB/0030/2026 in Lr No. CMDA/PP/NHRB/N/0630/2025 dated 23/01/2026.Greater Chennai Corporation issued building permission in Lr No. CEBA/WDCN08/00057/2026 dated 09/02/2026.","31.08.2027","Promoter Details                                                                     Project Details                                                                     Location of Site: Latitude-13.095258;Longitude-80.233084;","",""
"106","TNRERA/7/BLG/0106/2026                                 dated 28-03-2026","R Balasubramaniam, Door No.139, CHERRY ROAD, VINCENT BUS STOP, KUMARASAMMY PATTI, Salem, Tamil Nadu-636007.","Project Name: Vaishnavi Palace ApartmentsRegistration for Stilt Floor + 5 Floors Residential Building  with 35 Dwelling Units at Plot Nos. 43,44,45,46 comprised in T.S.No.7,8,9,10, Old S.F.No.85, New Ward.AJ, Block No. 44, 8th Cross, Vidya Nagar, Pallavan street, of Ammapettai Village,  Salem Taluk, Salem District.","The Assistant Director, T&CP, Salem, issued Planning Permission No.169/2025 in Letter No. SWP/BPA/697611/2025, Dated 19/12/2025. The Commissioner, Salem Corporation issued Building Permission in Letter No. 049/BL/2026/00041, Dated 16/02/2026.","15.02.2028","Promoter Details                                                                     Project Details                                                                     Location of Site: Latitude-11.654962;Longitude-78.176601;","",""
"107","TNRERA/32/BLG/0107/2026                                 dated 28-03-2026","CASAGRAND COVAAN PRIVATE LIMITED, Sri Dwaraka 2nd Floor No 1-A, B R Nagar Main Road, Singanallur Post, Coimbatore 641005, COIMBATORE, Coimbatore, Tamil Nadu-641005.","Project Name: CASAGRAND EDENSARegistration of Non High Rise (NHRB) Residential Group Development comprising Block Nos. 1 to 55: Ground Floor + First Floor each with 55 dwelling units, Block No.56: Stilt Floor + 5 Floors with 55 dwelling units and Block No. 57(Amenity Block): Ground Floor + 2 Floors comprised in Survey No. 446/2A4A3 & 446/2B3 of Veerapandi Village, Tiruppur South Taluk, Tiruppur Corporation, Tiruppur District.","The Assistant Director, DTCP, Tiruppur District issued Technical Clearance in B.P/DTCP NO: 104/2026 and Planning permission in LP/TCP[TD] TLPA NO.24/2026 in Letter No. SWP/BPA/0742636/2025, dated 09/03/2026. The Commissioner, Tiruppur Corporation issued Building Permission in  032/BL/2026/00118 in Letter No. 032/CP/25-26/0192286( B.A.No.032/BPA/2026/00092), dated - 23.03.2026.","06.06.2028","Promoter Details                                                                     Project Details                                                                     Location of Site: Latitude-11.061177;Longitude-77.369849;","",""
"108","TNRERA/29/BLG/0108/2026                                 dated 28-03-2026","M/s. ARUN HOMES, Plot No.29, Subramaniapuram 2nd Street, Kolathur, Chennai, Tamil Nadu-600099.","Project Name: WESTIN ENCLAVERegistration for Proposed Construction of a Stilt + 5 Floors Residential Building with 15 dwelling units at Plot Nos. 26, 27 & 28 comprised in Survey. No. 206/9A & 206/9B of Nolambur Village, Maduravoyal Taluk, within the limits of Greater Chennai corporation Chennai District.","The Assistant Planner, CMDA Chennai district issued Planning Permission No.OL-PP/NHRB/0382/2025 in letter no. CMDA/PP/NHRB/C/0566/2025 dated 29/09/2025.Greater Chennai Corporation, issued building Permission letter no. CEBA/WDCN11/00458/2025 dated 18/11/2025.","17.11.2030","Promoter Details                                                                     Project Details                                                                     Location of Site: Latitude-13.074034;Longitude-80.167674;","",""
"109","TNRERA/16/BLG/0109/2026                                 dated 28-03-2026","SENTHILKUMAR, Door No.157, 8th Cross,  Ganapathy Nagar,, Srirangam, Tiruchirappalli, Tamil Nadu-620005.","Project Name: APPLE GARDENRegistration for Stilt Floor + 5  Floors with 10 dwelling units at comprised in Survey No. 2019/178,  Block No. 42 ,Thimmarayasamuthiram Village, Srirangam Taluk, Tiruchirappalli District.","The Joint Director, DTCP,  Tiruchirappalli issued planning permission in  P.P.No. 48/2025 vide Letter No. SWP/BPA/459274/2025  Dated 09/04/2025. The Assistant Commissioner , Tiruchirappalli Corporation issued building permission in Letter No. 86/CP/25-26/0003525  Dated 13/05/2025.","30.12.2026","Promoter Details                                                                     Project Details                                                                     Location of Site: Latitude-104613.6;Longitude-784047.7;","",""
"110","TNRERA/29/BLG/0110/2026                                 dated 28-03-2026","1. M/s. PUSHKAR PROPERTIES PRIVATE LIMITED and 2. Tmt. V. VIJAYARANI, Door No.F 205, Ethiraj House, New No.26, F Block 1st Street, Anna Nagar East, Chennai, Chennai, Tamil Nadu-600102.","Project Name: 176@DEFENCE COLONYRegistration of Stilt floor + 5 floors (Height- 18.30m) residential building with 9 dwelling units Availing Premium FSI at Plot No176, Defence colony, 13th cross street, Ekkatuthangal, Chennai-60032 comprised in Old S.No.163/1 ,New S.No.163/1D of Nandambakkam Village, within the limits of Greater Chennai Corporation, Chennai District.","CMDA accorded Planning Permission in OL-PP/NHRB/0494/2025 (Planning Permit No. OL-02439) in Letter No. CMDA/PP/NHRB/S/0538/2025, dated 17/12/2025. Greater Chennai Corporation issued Building Permission in Letter No. CEBA/WDCN12/00054/2026, dated 17/02/2026.","30.03.2028","Promoter Details                                                                     Project Details                                                                     Location of Site: Latitude-13.025706;Longitude-80.2201856;","",""
"111","TNRERA/29/BLG/0111/2026                                 dated 28-03-2026","M/S. SUBIKSHA HOUSING PRIVATE LIMITED, Mr T K CHANDRASEKARAN LAND OWNER, Mr T K SASIDHARAN LAND OWNER, Door No.1/15, 3rd FLOOR, APPAVOO APARTMENT, VEENUS COLONY 2nd STREET,, ALWARPET Village , CHENNAI, Chennai, Tamil Nadu-600018.","Project Name: SUBIKSHA RADHARegistration for  Stilt Floor + 5 Floors Residential Building (Height-18.30m) with 15 Dwelling Units availing premium FSI TOD benefit at DoorNo.378/26 part, Arcot Road, Kodambakkam, Chennai comprised in Old T.S.No.73/2, New T.S.No.73/1(as per document) and T.S.No.73/3 & 73/4(as per patta), Block No.29 of Puliyur Village, Egmore Taluk within the Limits of Greater Chennai Corporation,Chennai District.","CMDA issued planning permission in P.P.No.OL-PP/NHRB/0320/2025  vide Letter No. CMDA/PP/NHRB/C/0047/2025, Dated 08/08/2025.Greater Chennai corporation  issued building permission in Letter No.CEBA/WDCN10/00376/2025 Dated 09/09/2025.","30.12.2030","Promoter Details                                                                     Project Details                                                                     Location of Site: Latitude-13.054220;Longitude-80.229760;","","Change of Project Bank A/c No: Collection A/c No.924020049123536, Separate A/c No.923020066885889, Transaction A/c No.923020066885876"
"112","TNRERA/35/BLG/0112/2026                                 dated 28-03-2026","DAC DEVELOPERS PVT LTD (GPA), G. BALACHANDAR (LAND OWNER), G, SIVAKUMAR (LAND OWNER), Plot No.1451-G, Garden Avenue, Thiruvalluvar Nagar, Mogappair, Chennai, Chennai, Chennai, Tamil Nadu-600102.","Project Name: LUXE BY DACRegistration for Stiltfloor + 4 floors + 5th floor (Part) (Height – 18.30m) Residential with 58 Dwelling units for Affordable Housing withIndoor Games & Gym at Mudichur Road, Perungalathur, Chennai, comprised in S.No.246/6A1B, 246/6A2,246/6B1B & 246/6B2 of Perungalathur Village, Chengalpattu District.","Chennai Metropolitan Development Authority issued planning permission in Letter No. OL-PP/NHRB/0026/2026 vide letter No. CMDA/PP/NHRB/S/0863/2025  dated 20/01/2026. Commissioner, Tambaram Corporation  issued building permission in Letter No. 009/BL/2026/04/056/00279  dated: 10-03-2026.","31.01.2030","Promoter Details                                                                     Project Details                                                                     Location of Site: Latitude-12.919266;Longitude-80.085933;","",""
"113","TNRERA/29/BLG/0113/2026                                 dated 28-03-2026","Vishranthi Homes Private Limted, Door No.45, KB. Dasan Road, Vinayaga Towers, 1st Floor,, Teynampet Village , Chennai, Taluk.Mylapore, Chennai, Tamil Nadu-600018.","Project Name: TEJASRegistration for High-Rise Building Consists of Stilt Floor(part) & Ground Floor (part) + 10 Floors Residential Building (36.00m Height) with 10 Dwelling Units Availing Premium FSI at Plot No. 24, Old Door No.92, New Door No. 16, Poes Gardens, Chennai-600086, Comprised in R.S. No. 1567/30, Block No. 31 of Mylapore Village, Mylapore Taluk within the Limits of Greater Chennai Corporation,Chennai District.","CMDA issued planning permission in P.P.No.OL-PP/HRB/0038/2025 vide Letter No. CMDA/PP/HRB/S/0809/2024 Dated 19-09-2025.Greater Chennai Corporation  issued building permission in Letter No.CEBA/WDCN09/00434/2025  Dated 13/10/2025.","31.12.2030","Promoter Details                                                                     Project Details                                                                     Location of Site: Latitude-13.043501;Longitude-80.253219;","",""
"114","TNRERA/11/BLG/0114/2026                                 dated 28-03-2026","M/s.NIVASAN HOMES PRIVATE LIMITED, ii)G. Srinivasan, Door No.14/2, Plot No.(Opp:Tirupur Textiles), Ground Floor, Avinashi Road, peelamedu Village , Coimbatore, Coimbatore, Tamil Nadu-641004.","Project Name: NIVASAN VAKULAMRegistration for Block 1: Semi - Basement Floor + Ground Floor + 3rd  Floor residential building with 28 dwelling units and Watchman Booth comprised in T.S.No: 25/6, Block No: 20, Ward No: 25, Vilankurichi village, Coimbatore Corporation/ North Taluk, Coimbatore District.","The Joint Director, T&CP, Coimbatore District issued Planning Permission No. 916/2025 in Lr ROC No. SWP/BPA/659823/2025 dated 18.12.2025. The Commissioner, Coimbatore City Municipal Corporation issued building License No. 162/BL/2026/02/024/00152 Permission in Lr No: 162/BPA/2025/02492 dated 02.02.2026.","31.03.2029","Promoter Details                                                                     Project Details                                                                     Location of Site: Latitude-11.033024707173457;Longitude-77.01582298319335;","",""
"115","TNRERA/35/BLG/0115/2026                                 dated 28-03-2026","M/S DRA AADITHYA SOUTH CITY PROJECTS PVT LTD, Door No.New No 109, 111 & 113, Old No 76/1, 77 & 78, DRA HOMES, Lloyds Road (Avvai Shanmugam Salai),, Royapettah Village , Chennai, Tamil Nadu-600014.","Project Name: ""DRA Marina 100""Registration for Construction of Ground floor + 12 Floors Residential Building with 100 dwelling units comprised in S.No. 13/1A, New S.No. 13/1A1, 13/1A2 & 13/1A3 of Egattur Village, Thiruporur Taluk, Chengalpattu District.","The Assistant Director, T&CP, Chengalpattu District issued Planning permission No. SWP/B.P/M.L.P.A.(CD-5)No. 13/2026 in Letter No. SWP/BPA/452450/2025 dated 28/01/2026.  The President, Egattur Village Panchayat issued Building permission in Letter No. 111/2026 dated 18/02/2026.","05.02.2031","Promoter Details                                                                     Project Details                                                                     Location of Site: Latitude-12.835668;Longitude-80.230577;","",""
"116","TNRERA/7/BLG/0116/2026                                 dated 01-04-2026","R SIVASUBRAMANI, Door No.5/136C, STATE BANK OFFICERS COLONY 2,, MEYYANUR Village , Taluk.SALEM WEST, Salem, Tamil Nadu-636004.","Project Name: VIJAYA HIGH VIEWRegistration of Stilt + 5 Floors Residential Apartment Building With 25 Dwelling Units comprised in Old S.F.No.130/4C7A - Ward W - Block 50 - T.S.No.46/2 of Jari Kondalampatti Village, Salem City Municipal Corporation, Salem South Taluk, Salem District.","The Assistant Director, T&CP, Salem District issued Planning permission No. 116/2024 in Letter No.  SWP/BPA/392236/2024 dated 19/12/2024. The commissioner, Salem City Municipal Corporation issued Building permission  in Letter No. 049/CP/25-26/0044061 dated 17/07/2025.","30.12.2027","Promoter Details                                                                     Project Details                                                                     Location of Site: Latitude-11.635222;Longitude-78.124639;","",""
"117","TNRERA/29/BLG/0117/2026                                 dated 01-04-2026","1.Mr.B.Ashwin Ganesh and 2.Mr.B.Aswin Kumar, 2nd Floor, Flat No.1, AGS Complex, Brindavan Street, Mylapore, Chennai, Tamil Nadu-600004.","Project Name: KURINJIRegistration for Stilt Floor + 3 Floors Residential Building with 12 Dwelling at Plot No.42 & 50 (Pt), New Door No.36, Old Door No.24, Masilamani Road, Balaji Nagar, Royapettah at comprised in R.S.No.623/6, Block No.10 & R.S.No.629/10, Block No.11 of Mylapore Village, Chennai District.","CMDA issued Planning Permission No.OL-PP/NHRB/0366/2025 in Letter No.CMDA/PP/NHRB/S/0720/2025 dated 23/09/2025. Greater Chennai Corporation issued Building Permission No.CEBA/WDCN09/00435/2025 dated 16/10/2025.","31.12.2027","Promoter Details                                                                     Project Details                                                                     Location of Site: Latitude-13.049466;Longitude-80.265885;","",""
"118","TNRERA/30/BLG/0118/2026                                 dated 06-04-2026","M/s. SR& CO, Thally Road, Hosur, Taluk.Chennai, Krishnagiri, Tamil Nadu-635109.","Project Name: S R HABITATRegistration for Stilt + 4 Floors with 16 dwelling units comprised in S.Nos. S.F.No 547/2A1A1A1Apt, 548/1A1A1Apt, 551/1A1A1pt of Onnalvadi Village,  Hosur  Taluk, Krishnagiri District.","Deputy Director, T&CP, Krishnagiri District issued planning permission in Letter No. SWP/BPA/623460/2025 dated 22/10/2025. Executive Officer, Onnalvadi Viilage Panchayat issued building permission in Letter No.  24/2025-26 dated 05/11/2025.","05.11.2030","Promoter Details                                                                     Project Details                                                                     Location of Site: Latitude-12.804929;Longitude-77.843611;","",""
"119","TNRERA/2/BLG/0119/2026                                 dated 06-04-2026","CASA GRANDE GRACE PRIVATE LIMITED, New No.111, Old No. 59 , NPL Devi, L B Road, Thiruvanmiyur, Chennai - 600041, CHENNAI, Chennai, Tamil Nadu-600041.","Project Name: CASAGRAND VENTRARegistration for High Rise Group Development Residential building consisting of 2 Blocks, wherein Block No. 1: withExtended Basement Floor + Ground floor part/ Stilt floor part + 20 floors (256 dwelling units) with club house usein Ground floor part & 1st floor part (A.V room, Kids play area, Change room, Gym, Board Game, Video Games &etc.,), Block No. 2: Stilt + 4 floors (23 dwelling units) and open swimming pool at Ground level Totally 279 dwellingunits). Gaining access from Poonamallee By-Pass Road, Senneerkuppam, Chennai - 600 077. Comprised inSurvey nos: 72/1A, 73/4C1B and 77/2D of Senneerkuppam village, Poonamallee Taluk, Tiruvallur District.","Chennai Metropolitan Development Authority issued planning permission in OL-PP/HRB/0011/2026 vide letter No. CMDA/PP/HRB/N/0799/2025 dated 24/03/2026.President, Senneerkuppam Village panchayat  issued building permission in Letter No. Roc No: 01/2026, Dated 30/03/2026.","24.04.2030","Promoter Details                                                                     Project Details                                                                     Location of Site: Latitude-13.054777;Longitude-80.120988;","",""
"120","TNRERA/1/BLG/0120/2026                                 dated 06-04-2026","M/s.THE NEST, Door No.15/6, Kamarajar Nagar 4th Street, Choolaimedu Village , Chennai, Chennai, Tamil Nadu-600094.","Project Name: NEST FABRegistration for construction of Stilt Floor + 5 Floors Residential building (Affordable Housing with Height-18.30m) with 49 Dwelling units(Gym & Indoor Games at 5th Floor) at 9.22m wide Approved layout Road, Varadharajapuram, Chennai Comprised in Old S.No.25/2 &New S.No.25/2A part(as per document), New.S.No.25/2A1(as per patta) of Varadharajapuram Village, KundrathurTaluk within the limits of Kundrathur Panchayat Union Kancheepuram District.","CMDA issued Planning Permission No. OL-PP/NHRB/0121/2026 issued in letter No. CMDA/PP/NHRB/C/1014/2025 dated 11/03/2026. The President, Varadharajapuram Village, Kundrathur Panchayat Union, Kancheepuram District approved the layout in letter Roc.No.61/2025-2026 dated 14/03/2026.","30.04.2028","Promoter Details                                                                     Project Details                                                                     Location of Site: Latitude-12.887564;Longitude-80.054308;","",""
"121","TNRERA/16/BLG/0121/2026                                 dated 06-04-2026","M/s ROYAL SHELTER, 2nd floor,J.PTower,7th cross(East),Thillainagar, Tiruchirappalli, Tiruchirappalli, Tamil Nadu-620018.                                                                        Sri Rajagopal Tondaiman, Pudukkottai Palace, Old Door no.4,  New door no.22 Collector’s Office road, Cantonment, Tiruchirappalli, Tiruchirappalli, Tamil Nadu-620001.","Project Name: Royal Windgates Phase IIIRegistration for Proposed Construction of Residential Apartment Stilt + 5 Floor in Plot No: 05, 06 & 07 in the Layout Royal Windgates Phase-3 with 32 dwelling units comprised in Survey T.S.No.1/1A Part, Block-05, Ward-AB, Golden Rock Zone, K. Abhisekapuram Village,Ponmalai Division, Tiruchirapallicorporation, Tiruchirapalli District.","The Joint Director, T&CPTiruchirapalli district issued Planning Permission No.K. V/N.O.E.No.487/2024 in letter no. SWP/BPA/304475/2024 dated 16/05/2025.The Assistant Commissioner, issued building Permission letter no. K.V.NO:086/CP/25-26/0087128 B.A.NO:086/BPA/2026/00012 dated 06/02/2026.","30.09.2028","Promoter Details                                                                     Project Details                                                                     Location of Site: Latitude-104819.2;Longitude-784032.4;","",""
"122","TNRERA/29/BLG/0122/2026                                 dated 06-04-2026","Ms PALANIAPPA BUILDERS AND DEVELOPERS rep by its Partner Mr L SENTHIL KUMAR, NO: 3-A, JOHN DESIKAR STREET, NANGANALLUR, CHENNAI 600 061, CHENNAI, Chennai, Tamil Nadu-600061.                                                                        ABY THOMAS, NO 13/27, FIRST STREET, SECRETARIAT COLONY KILPAUK, KILPAUK, CHENNAI 600 010, CHENNAI, Chennai, Tamil Nadu-600010.                                                                        CHERIAN THOMAS, NO 13/27, FIRST STREET, SECRETARIAT COLONY KILPAUK, KILPAUK, CHENNAI 600 010, CHENNAI, Chennai, Tamil Nadu-600010.","Project Name: THARAYILRegistration for Construction of  Stilt Floor + 4 Floors Residential Building with 12 dwelling units at plot No.31 in Vanchinathan Street, Balaiah Garden, Madipakkam Chennai Comprised in Old S.No.220/1 and 220/28 As per Patta New Survey No. 220/139 of Madipakkam -1 Village, with in the Limits of Greater Chennai Corporation, Chennai District.","CMDA Planning Permission No.OL-PP/NHRB/0516/2025 issued in letter No. CMDA/PP/NHRB/S/0980/2025 dated 30/12/2025. The Greater Chennai Corporation issued Building Permission No. CEBA/WDCN14/00012/2026 dated 19/01/2026.","29.12.2033","Promoter Details                                                                     Project Details                                                                     Location of Site: Latitude-12.966981;Longitude-80.197907;","",""
"123","TNRERA/29/BLG/0123/2026                                 dated 06-04-2026","Kaadosh Properties Private Limited, Door No.4/318, 3rd Floor, Shenoy Square, OMR Kottivakkam, Chennai, Tamil Nadu-600041.","Project Name: Kaadosh CullinanRegistration for  StiltFloor + 4 Floors + 5th Floor part (Height - 18.30m) Residential Building with 66 Dwelling Units (Indoor Games,Association Room & Swimming Pool at 5th floor level) Availing Premium FSI with TOD Benefit at Pazhandi Amman Koil Street & Karneegar street, Adambakkam, Chennai – 600 088 comprised in Old S.No.113/7,T.S.No.6/2 & 8/2, Block No.11, Ward - G of Adambakkam Village within the Limits of Greater Chennai Corporation, Chennai District.","CMDA issued planning permission in P.P.No.OL-PP/NHRB/0066/2026 vide  Letter No. CMDA/PP/NHRB/S/0617/2025 Dated 12/02/2026. Greater Chennai Corporation issued building permission in Letter No.CEBA/WDCN12/00078/2026  Dated 25/02/2026.","31.03.2029","Promoter Details                                                                     Project Details                                                                     Location of Site: Latitude-12.995272098848345;Longitude-80.20135680334995;","","Change of Project Bank: AU Small Finance Bank Limited, Besant Nagar Branch, Chennai - 600090 (Collection A/c No.2602270112921137, Separate A/c No.2602270112917710, Transaction A/c No.2602270115868880)"
"124","TNRERA/11/BLG/0124/2026                                 dated 06-04-2026","AURAA LIVING SPACE PRIVATE LIMITED, Door No.NO.12/27, P - BLOCK, KOVAIPUDHUR Village , COIMBATORE, Coimbatore, Tamil Nadu-641042.                                                                        N SENTHIL PRABHU, Door No.NO.50/37, JUBILEE ROAD, WEST MAMBALAM, Chennai, Tamil Nadu-600033.","Project Name: SAMPOORNA DHAYARegistration for Stilt + 5 Floors with 10 dwelling units at Ward:Q, Block No:07 comprised  T.S.No.58,62, Site No.2 & 3 of Sanganoor Village Coimbatore District.","Joint Director, T&CP, Coimbatore  issued planning permission in Letter No. SWP/BPA/542080/2025  dated 17/06/2025. The Commissioner, Coimbatore Corporation issued building permission in Letter No. 162/BL/2025/03/043/01456, Dated 30/07/2025.","30.06.2028","Promoter Details                                                                     Project Details                                                                     Location of Site: Latitude-11.033294;Longitude-76.940974;","",""
"125","TNRERA/20/BLG/0125/2026                                 dated 10-04-2026","SRI RAMABHAKTA REAL ESTATES LLP, No.5/89-4A, Chettiyar Park Road, M.M.Street,, KODAIKANAL, Dindigul, Tamil Nadu-624101.","Project Name: AREX ATRIUMRegistration for Stilt + 5 Floors residential building with 39 dwelling units comprised in S.No. 121/1B of Thiruparakundram Village, Thiruparakundram Taluk, Madurai District.","Assistant Director, T&CP, Madurai Corporation issued planning permission in Letter No.  SWP/BPA/007032/2023 dated 17/05/2023.  Assistant Operational Engineer ( Planning), Madurai Corporation issued building permission in Letter No. 115/BL/2023/02731, Dated 16/08/2023.","15.08.2028","Promoter Details                                                                     Project Details                                                                     Location of Site: Latitude-9.8847863;Longitude-78.0582352;","",""
"126","TNRERA/35/BLG/0126/2026                                 dated 10-04-2026","SRI ANANDHAM CONSTRUCTIONS, Door No.28, Dr.Soundrambal street, Lakshmipuram,, Chrompet, Chennai, Tamil Nadu-600044.","Project Name: SRISHTI ANANDHAMRegistration for Stilt Floor +3 Floors Residential building with 15 dwelling units at New Door No. 28, Dr. Soundarammal Street, Lakshmipuram, Chrompet, Chennai - 44 comprised in Survey No. 314/17B of Thiruneermalai Village, Pallavaram Taluk, Within the limits of Tambaram Municipal Corporation, Chengalpattu District.","CMDA issued Planning Permission in OL-PP/NHRB/0226/2025 in Planning Permit No. OL-01884 vide Letter No. CMDA/PP/NHRB/S/0223/2024, dated 16/06/2025. The Tambaram Municipal Corporation issued Building Permission No. 009/BL/2025/01/031/00752 in Letter No. 009/CP/25-26/0058367, dated 10/07/2025.","31.12.2026","Promoter Details                                                                     Project Details                                                                     Location of Site: Latitude-12.958102;Longitude-80.131198;","",""
"127","TNRERA/35/BLG/0127/2026                                 dated 10-04-2026","M/s. Russel Foundations Private Limited (Promoter) , 2) K.Russelian (Land Owner) , 3) S.Kovandhan Subramanian (Land Owner) , 4) R.Poorani (Land Owner) , 5) M.Vinayaga Sundar (Land Owner) , 6) M.Lakshmi Revathi (Land Owner) , 7) B.Manjula Balakrishnan (Land Owner) , 8) M.Lakshmipathi (Land Owner) , 9) T.Mahadevan Thangavel (Land Owner) , 10) C.R.Raja Rajeshwari (Land Owner) , 11) J.Hariprasad Jayakumar (Land Owner) , 12) D.Samuel Jebaraj (Land Owner) , 13) S.Rachel Jebaraj (Land Owner) , 14) V.Veerappan Kumbakarnan (Land Owner) , 15) L.Bhuvaneshwari (Land Owner), No.1-A , Force Station Road , East Tambaram, Chennai - 600  059, Chengalpattu, Tamil Nadu-","Project Name: LIONS GATERevised Registration for Group Housing Development with 4 Blocks ; Block A – Stilt Floor + 3 Floors + 4th Floor (part) + 5th Floor (part) Residential building with 19 dwelling units and Association Room , Yoga Room , Kids Play Room , Library , GYM and Swimming pool at 5th Floor level ; Block B – Stilt Floor + 5 Floors  Residential building with 33 dwelling units ; Block C – Stilt Floor + 4 Floors + 5th Floor (part) Residential building with 38 dwelling units ; Block D – Stilt Floor + 4 Floors  Residential building with 32 dwelling units ; Totally 122 dwelling unit at Madambakkam , Chennai. Comprised in S.Nos. 716/1D1 , 716/1D2 , 716/3 , 716/4 , 716/5  of  Madambakkam  Village , Tambaram Taluk , Chengalpattu District.","The Assistant  Director ,  CMDA , Chennai has issued revised planning permission vide letter No. CMDA/PP/NHRB/S/0436/2025 dated 11.11.2025. The  Commissioner , Tambaram  City  Municipal  Corporation has issued revised building permission vide letter No. 009/BL/2026/05/069/00061 dated 21.01.2026.","02.12.2026","Promoter Details                                                                     Project Details                                                                     Location of Site: Latitude-12.898755;Longitude-80.142886;","",""
"128","TNRERA/35/BLG/0128/2026                                 dated 10-04-2026","M/s. Felixa Builder Private Limited., Old No. 18, New No. 14, 1St Floor , Door No. 16 , Balaram Road , Adyar, Chennai - 600  020, Chennai, Tamil Nadu-","Project Name: FELIXA RAVERAARegistration for Group Development Residential Building consists of Block 01 - Ground Floor + 1st Floor with 20 dwelling units , Block 02 - Ground Floor + 1st Floor with 8 dwelling units , Block 03 - Ground Floor + 1st Floor with 8 dwelling units , Block 04 - Ground Floor + 1st Floor with 15 dwelling units , Block 05 - Ground Floor + 1st Floor with 3 dwelling units , Block 06 - Ground Floor + 1st Floor with 16 dwelling units , Block 07 - Ground Floor + 1st Floor with 18 dwelling units , Block 08 - Ground Floor + 1st Floor with 2 dwelling units , Block 09 - Ground Floor + 1st Floor with 14 dwelling units , Block 10 - Ground Floor + 1st Floor with 2 dwelling units , Block 11 - Ground Floor + 1st Floor with 11 dwelling units , Block 12 (Club House) - Basement Floor +  Ground Floor +  2nd Floor , Block 13 (Retail Shop) - Ground Floor and by totaly 117 dwelling units. Comprised in S.Nos. 478/1A1A1A1A1 , 478/1A1B , 478/1A2B  of  Thaiyur 'A' Village , Thiruporur  Taluk  , Chengalpattu District.","The  Assistant  Director , T&CP , Chengalpattu  District  has issued planning permission vide letter No.  SWP/BPA/777400/2026   dated 18.03.2026. The President , Thaiyur  Village  Panchayat has issued building permission vide letter No. 68/2025-26  dated 23.03.2026.","31.03.2029","Promoter Details                                                                     Project Details                                                                     Location of Site: Latitude-12.783621;Longitude-80.193971;","",""
"129","TNRERA/29/BLG/0129/2026                                 dated 10-04-2026","CHAITANYA FOUNDATIONS PRIVATE LIMITED, ”Banyan View”, 3rd Floor 39  Karpagam Gardens, 1st Road  Adyar, Chennai, Tamil Nadu-600020.","Project Name: RAJSHRIRegistration for Stilt Floor + 4 Floors + 5th Floor Part (Height 18.30 m) Residential Building with 10 dwelling units Availing Premium FSI with TOD Benefit at New Door No. 13, Old Door No. 5, Nageswara Rao Road, Nungambakkam, Chennai District.","CMDA issued planning permission in Letter No. P.P.No.OL-PP/NHRB/0355/2025 vide  Lr.No.CMDA/PP/NHRB/C/0441/2025  Dated 16-09-2025. Greater Chennai corporation  issued building permission in Letter No. CEBA/WDCN09/00410/2025 Dated 30/09/2025.","31.08.2027","Promoter Details                                                                     Project Details                                                                     Location of Site: Latitude-13.058265;Longitude-80.245658;","",""
"130","TNRERA/35/BLG/0130/2026                                 dated 10-04-2026","REVISTA HOLDINGS PVT LTD, Door No.NO 3, CLUB ROAD, CHETPET, Chennai, Tamil Nadu-600031.","Project Name: TULIVE FLORARegistration for Stilt floor + 1st floor + 2nd & 3rd floor (Part) + 4th & 5th floor (Height - 18.30m) Residential Building with 45 dwelling units for Affordable Housing at Plot No. 2 (CMDA approved Subdivision No. 137/2021), Mudichur, Chennai - 600 043 comprised in S.No.292/1, 293/1 & 315/1 (Document), S.No.292/1, 293/1A & 315/1A (Patta) of Mudichur Village within the limits of St. Thomas Mount Panchayat Union, Chennai District.","CMDA accorded Planning Permission in  OL-PP/NHRB/0418/2025 (Planning Permit No. OL-02259) in Letter No. CMDA/PP/NHRB/S/0439/2025, dated 24/10/2025. The Executive Officer/ Village Panchayat President of Mudichur Village Panchayats issued Building Permission in Letter ROC. No. 25/2025-2026, dated 23.03.2026.","31.03.2029","Promoter Details                                                                     Project Details                                                                     Location of Site: Latitude-12906291;Longitude-80068139;","",""
"131","TNRERA/11/BLG/0131/2026                                 dated 10-04-2026","M/s Dhiya Foundation Pvt Ltd, No 22/1, PRR Nagar,  PN Pudur, Coimbatore, Tamil Nadu-641041.","Project Name: Dhiya's Sai RishabhamRegistration for stilt + 5 floors (Block A - Residential Building with 70 dwelling units, Block B- Commercial Building) comprised in S.No. 25/1A,25/1B,28/1B2, 28/3 & 49/2B of Thudiyalur Village, Coimbatore city corporation/ North Taluk, Coimbatore District.","The Joint Director, T&CP, Coimbatore District issued Planning permission No. 152/2026 in Letter No. SWP/BPA/756012/2026 dated 19/02/2026. The Commissioner, Coimbatore city Municipal corporation issued Building permission No. 162/BL/2026/04/001/00380 in Letter No. 162/CP/25-26/0396828 dated 05/03/2026.","31.12.2030","Promoter Details                                                                     Project Details                                                                     Location of Site: Latitude-11.074042;Longitude-76.939749;","",""
"132","TNRERA/1/BLG/0132/2026                                 dated 10-04-2026","M/s.NEST ZONE INDIA PRIVATE LIMITED, Kamarajar Nagar 4th Street, Choolaimedu Village , Chennai, Chennai, Tamil Nadu-600094.","Project Name: NEST HARMONYRegistration for Proposed Construction of Stilt Floor + 5 Floors Residential Building with 123 dwelling units (Gym & Indoor Games at 5th Floor) at Plot No.19, Lakshmi Nagar Layout Road, Varadharajapuram, Chennai comprised in Old S.No.24/1 & New S.No.24/1C and Old S.No.25/2 & New S.No.25/2A Part  (as per document), New S.No.25/2A2 (as per patta) of Varadharajapuram Village, Kundrathur Taluk within the limits of Kundrathur Panchayat Union, Chennai District.","The Assistant Planner, CMDA Chennai district issued Planning Permission No.OL-PP/NHRB/0127/2026 in letter no. CMDA/PP/NHRB/C/0993/2025 dated 13.03.2026. The President Varadharajapuram Village, Kundrathur Taluk Within the limits of Kundrathur Panchayat Union Chennai district issued building Permission letter no. 63/2025-26 dated 17.03.2026.","30.09.2028","Promoter Details                                                                     Project Details                                                                     Location of Site: Latitude-12.887281;Longitude-80.054955;","",""
"133","TNRERA/29/BLG/0133/2026                                 dated 15-04-2026","M/s.THE NEST, Door No.15/6, Kamarajar Nagar 4th Street, Choolaimedu, Chennai, Tamil Nadu-600094.","Project Name: NEST BEYONCERegistration for Stilt Floor + 5 Floors  Residential Building with 118 Dwelling units for Affordable Housing with Gym & Indoor Games Room at Karanai Road, Ottiyambakkam, Chennai comprised in Old S.No.296/3 (Pt) & 297/1B (Pt) (Document), New S.No.296/3A & 297/1B1 (Patta) of Ottiyambakkam Village within the Limits of St.Thomas Mount Panchayat Union, Chennai District.","CMDA issued Planning Permission No.OL-PP/NHRB/0118/2026 in Letter No.  CMDA/PP/NHRB/S/1036/2025, Dated 11/03/2026. The President, Ottiyambakkam Village Panchayat, issued Building Permission in Letter ROC No. CMDA/PP/NHRB/S/1036/2025, Dated 20/03/2026.","30.09.2028","Promoter Details                                                                     Project Details                                                                     Location of Site: Latitude-12.871115;Longitude-80.200224;","",""
"134","TNRERA/2/BLG/0134/2026                                 dated 16-04-2026","M/s.DANUB HOMES PRIVATE LIMITED, New No.111, Old No. 59 , NPL Devi, L B Road,, Thiruvanmiyur,, Chennai, Tamil Nadu-600041.","Project Name: CASAGRAND ZODIACRegistration for High Rise Residential cum Commercial (Club House) use Group Development Building consisting of 3 blocks, In Block-1 Combined Stilt floor (Meant for parking) + Combined 1st Floor (Meant for parking) over &above with 3 Towers, wherein Tower – A & B: 2nd floor to 14th floor with 221 dwelling units in each Tower (442dwelling units), In Tower – C: 2nd Floor to 6th Floor with amenities (i.e. Club house use and open Swimming pool at 2nd floor level); Block-2: Stilt floor (Meant for parking) + 1st Floor to 14th Floor with 182 dwelling units; Block-3:Stilt floor (Meant for parking) + 1st Floor to 14th Floor with 140 dwelling units; Totally 764 dwelling units including Premium FSI. Abutting Periya Koladi Road, Comprised in S.Nos. 42/1, 49/1, 51/1, 52/1A, 52/2, 53/2 of Koladi Village, Poonamallee taluk, Thiruvallur District.","The CMDA, Planning Permission No. OL- PP/HRB/0012/2026 issued in letter No. CMDA/PP/HRB/N/0898/2025 dated.27.03.2026. The Commissioner, Tiruverkadu Municipality, issued Building License No.015/BL/2026/00019 in letter No.015/BPA/2026/00051 dated.06.04.2026.","27.04.2029","Promoter Details                                                                     Project Details                                                                     Location of Site: Latitude-13.08561;Longitude-80.13389;","",""
"135","TNRERA/29/BLG/0135/2026                                 dated 16-04-2026","M/s.SANNAREDDY HOMES, Mahathma Gandhi Road, Besant Nagar, Chennai, Chennai, Tamil Nadu-600090.                                                                        Balasubrahmanian, Rukmani Road Kalakshetra Colony Besant Nagar, Chennai, Chennai, Tamil Nadu-600090.                                                                        K Pannagasaayanam, Vallalar Street VGP Shanthi Nagar Nagathaman Koil Pallaikaranai, Chennai, Chennai, Tamil Nadu-600100.                                                                        Lalitha Venugopal, Rukmani Road Kalakshetra Colony Besant Nagar, Chennai, Chennai, Tamil Nadu-600090.                                                                        H Sankar Narayanan, Urur Olcott Kuppam Road 5th Avenue Besant Nagar, Chennai, Chennai, Tamil Nadu-600090.                                                                        M V Shyamala, Urur Olcott Kuppam Road 5th Avenue Besant Nagar, Chennai, Chennai, Tamil Nadu-600090.                                                                        Shaji Vinod K L P, Nediyasalai Arumanai PO Sahayanagar Vilavancode, Kanniyakumari, Chennai, Tamil Nadu-629151.                                                                        Rekaha Vinod alias Rekha T, Nediyasalai Arumanai PO Sahayanagar Vilavancode, Kanniyakumari, Chennai, Tamil Nadu-629151.                                                                        S Karthik, Jeevarathinam Nagar Shanthi Colony Adyar, Chennai, Chennai, Tamil Nadu-600020.                                                                        Babu Nagarajan, Rukmani Road Kalakshetra Colony Besant Nagar, Chennai, Chennai, Tamil Nadu-600090.                                                                        V Murali, 21st Cross Street Besant Nagar, Chennai, Chennai, Tamil Nadu-600090.                                                                        V Venkataramani, Rukmani Road Kalakshetra Colony Besant Nagar, Chennai, Chennai, Tamil Nadu-600090.                                                                        Shyamala Venkataramani, Rukmani Road Kalakshetra Colony Besant Nagar, Chennai, Chennai, Tamil Nadu-600090.                                                                        S Sripriya, 21st Cross Street Indira Nagar Adyar, Chennai, Chennai, Tamil Nadu-600020.                                                                        Ranjani Sabarinathan, Rukmani Road Kalakshetra Colony Besant Nagar, Chennai, Chennai, Tamil Nadu-600090.                                                                        T R Sriram, Rukmani Road Kalakshetra Colony Besant Nagar, Chennai, Chennai, Tamil Nadu-600090.                                                                        Suganthi Sriram, Rukmani Road Kalakshetra Colony Besant Nagar, Chennai 60, Chengalpattu, Tamil Nadu-600090.","Project Name: SHREYAS BY SANNAREDDY HOMESRegistration for Stilt floor + 4 floors (Height – 16.0m) Residential Building with 14 dwelling units at Plot No.10 & 11, New Door No.45 & 47, Old Door No.25 & 26, Rukmani Road, Kalachatra Colony, Besant Nagar,  Comprised in Old S.No.161/2 & 161/3 (Part), and T.S.No.21, Block No.51 of Thiruvanmiyur Village, Chennai District.","CMDA issued Planning Permission No. OL-PP/NHRB/0402/2025 in Lr No.CMDA/PP/NHRB/S/0695/2025 dated 15/10/2025. Greater Chennai Corporation issued building permission in Lr No.CEBA/SWCN13/00457/2025 dated 05/11/2025.","14.10.2033","Promoter Details                                                                     Project Details                                                                     Location of Site: Latitude-12.994473;Longitude-80.266950;","",""
"136","TNRERA/11/BLG/0136/2026                                 dated 17-04-2026","M/s.NOVASCAPE REALTY VENTURES LLP, Door No 10, Karupannan Street, Surampatti Nall Road,  Rajakadu, Erode, Tamil Nadu-638001.","Project Name: Up Town by NovascapeRegitration for Block : 1 - (Stilt Floor + First floor + Second floor + Third floor + Fourth floor + Fifth floor) Residentail Building with 50 Dwelling units, Block : 2 - (Stilt Floor + First floor + Second floor + Third floor + Fourth floor + Fifth floor) Residentail Building with 35 Dwelling units, Block : 3 - (Stilt Floor + First floor + Second floor + Third floor) Commercial Building with (Parking, Community Hall, Kids Play area + Gym, Swimming Pool) at comprised in Survey Nos.422/4A2, 422/5A2 & 422/5B2 of Keeranatham Village, Annur Taluk, Coimbatore District.","The Joint Director, T&CP, Coimbatore District issued Planning Permission No.827/2025 in Letter No.SWP/BPA/0642888/2025 dated 27/11/2025. The President, Keeranatham Village Panchayat issued Building Permission in Letter Roc No.250/2025-2026 dated 13/01/2026.","27.11.2032","Promoter Details                                                                     Project Details                                                                     Location of Site: Latitude-11.108773;Longitude-76.999218;","",""
"137","TNRERA/29/BLG/0137/2026                                 dated 17-04-2026","KANISHKAA FOUNDATION, FLAT NO 2A & 2B, PLOT NO 13(5) VRIKSHAH HOUSE OF JAYAM VINAYAGAM STREET, MANDAVELIPAKKAM, CHENNAI, Chennai, Tamil Nadu-600028.","Project Name: SHIRINIVOS APARTMENTSRegistration for Promoter share of Flats - 1A & 1B of Stilt floor + 5 floors (Height – 18.30m) Residential Building with 10 Dwelling units Availing Premium FSI with TOD Benefit at New Door No.19, Old Door No.37, Cenotaph Road 1st Lane, Teynampet, Chennai 600018, comprised in Old R.S.No.3847/12, 3847/16, 3447/17, 3847/18 & 3847/21 (Document), New R.S.No.3847/59 (Patta), Block No.76 of Mylapore Village, Chennai District.","CMDA issued planning permission in OL-PP/NHRB/0455/2025 vide letter No. CMDA/PP/NHRB/S/0744/2025  dated 15-11-2025. GCC issued building permission in Letter No. CEBA/WDCN09/0521/2025  dated 15/11/2025.","31.03.2027","Promoter Details                                                                     Project Details                                                                     Location of Site: Latitude-14.646688;Longitude-23.794694;","",""
"138","TNRERA/5/BLG/0138/2026                                 dated 17-04-2026","P J PURUSHOTHAMAN, 33/1, Officers Line, Roundtana,, Vellore, Tamil Nadu-632001.                                                                        P J DEVARAJAN, 11/H Officers Line, Roundtana,, Vellore, Tamil Nadu-632001.                                                                        P J RUKMANGADHAN, 11M, Officers Line, Roundtana,, Vellore, Tamil Nadu-632001.","Project Name: RAJ N RAMRegistration of Stilt Floor (Parking) + 4 Floors (12 Dwelling Units) comprised in T.S.No. 313/3G, 313/5, 313/6 & 313/7 Ward 5, Block No. 7, Velapadi Village, Vellore Taluk/ City Municipal corporation, Vellore District.","The joint Director, T&CP, Vellore District issued Planning permission No. B.P./VELLORE-LPA/P.P.NO.17/2024 in Letter No. SWP/ BPA/ 127889/ 2024 dated 22/04/2025. The Commissioner, Vellore city Municipal corporation issued Building permission No. 035/BL/2024/00487 in Letter No. 35/CP/24-25/0001336 dated 21/08/2024","15.01.2027","Promoter Details                                                                     Project Details                                                                     Location of Site: Latitude-12.907108;Longitude-79.132456;","",""
"139","TNRERA/29/BLG/0139/2026                                 dated 20-04-2026","NISHA PURSOTHAMAN, 45/32 A BLOCK ANNA NAGAR, anna nagar chennai, Taluk.CHENNAI, Chennai, Tamil Nadu-600102.                                                                        SHEENA PURSOTHAMAN, 45/32 A BLOCK ANNA NAGAR, CHENNAI, Chennai, Tamil Nadu-600102.","Registration for construction of Basement Floor (Puzzle Parking) + Ground Floor & First Floor (Shop) and 2nd Floor Office (Commercial Building) at Plot No.663 Old Door No.103, New Door No.85, D-Block, 2nd Avenue & 1st Avenue Road, Anna Nagar East, Chennai District Comprised in Old S.No. 2/1B PT, T.S.No. 7/1PT, New T.S.No-3, Block No-6, Periyakukudal Village, Aminjikarai Taluk, Chennai District.","CMDA Planning Permit No. B/NHRB/24/2020 issued in letter No. PP/NHRB/N/512/2019 dated 24/01/2020. The Greater Chennai Corporation issued building permission No. CEBA/WDCN08/00335/2020 dated 22/09/2020.","Completed","Promoter Details                                                                     Project Details                                                                     Location of Site: Latitude-130506.8;Longitude-801327.8;","","Completed"
"140","TNRERA/35/BLG/0140/2026                                 dated 25-04-2026","M/s. CASAGRAND ASTUTE PRIVATE LIMITED, New No.111, Old No. 59 , NPL Devi, L B Road, Thiruvanmiyur, Chennai - 600041, CHENNAI, Chennai, Tamil Nadu-600041.","Project Name: CASAGRAND ESTIARegistration for construction of Basement Floor + Ground Floor + 4 Floors + 5th Floor (Part) Residential Building with 173 Dwelling units Availing Premium FSI with Swimming pool, Kids Play Rooms, Gym, AV room and Indoor Games Room at Vengambakkam and Nedunkundram, Chennai comprised in Old S.No.31/3D, 31/3E, 32, 33/4, 33/5, New S.Nos.31/3D, 31/3E1, 32, 33/4A, 33/4B, 33/4C, 33/5A, & 33/5B of Vengambakkam Village within the limits St.Thomas Mount Panchayat Union and Old S.Nos. 577/1 & 577/1A (Document), S.No.577/39 (Patta) of Nedunkundram Village within the limits of Kattankulathur Panchayat Union, Chengalpattu District."," CMDA Planning Permission No.OL-PP/NHRB/0040/2026, Planning Permit No. OL-02624 and  issued in letter No.CMDA/PP/NHRB/S/0507/2025 dated 30/01/2026. The President, Vengambakkam Village Panchayat, Chengalpattu District issued in Building Permission letter Roc.No.CMDA/PP/NHRB/S/0507/2025  Dt:08.04.2026.","31.03.2029","Promoter Details                                                                     Project Details                                                                     Location of Site: Latitude-12.88167;Longitude-80.132212;","",""
"141","TNRERA/29/BLG/0141/2026                                 dated 25-04-2026","M/s.CEEBROS PROPERTY DEVELOPMENT PRIVATE LIMITED Rep by its MANAGING DIRECTOR C.SUBBA REDDY (DEVELOPER) & Thiru.R.SRIDHAR (LAND OWNER), Flat No.19/1, THIRD CROSS STREET, RAJA ANNAMALAIPURAM, CHENNAI 600 028, Door No.19/1,, THIRD CROSS STREET, RAJA ANNAMALAIPURAM, MYLAPORE, Chennai, Tamil Nadu-600028.","Project Name: SRI RAMACHANDRARegistration for Stilt Floor + 4 Floors + 5th Floor part Residential Building (Height- 18.30m) with 9 Dwelling Units at Plot No.A47, Old Door No.36, New Door No.25, 10th Avenue, Ashok Nagar, Chennai comprised in R.S.No.52, Block No.57 of Kodambakkam(part 2) Village, Mambalam Taluk within the limits of Greater Chennai Corporation, Chennai District.","The CMDA issued planning permission No.OL-PP/NHRB/0015/2026 in Letter No.CMDA/PP/NHRB/C/0844/2025 dated 12/01/2026. The Greater Chennai Corporation issued building permission in Letter No.CEBA/WDCN10/00033/2026 dated 27/01/2026.","31.12.2030","Promoter Details                                                                     Project Details                                                                     Location of Site: Latitude-13.034641;Longitude-80.214786;","",""
"142","TNRERA/29/BLG/0142/2026                                 dated 25-04-2026","M/S. KCEE PROPERTIES PRIVATE LIMITED, Door No.8/19, 8/19, FIRST FLOOR, 2ND STREET, RAGHAVAN COLONY,ASHOK NAGAR, CHENNAI., ASHOK NAGAR Village , Chennai, Taluk.Chennai, Chennai, Tamil Nadu-600083.                                                                        SHANTHI RAVINDRAN, Door No.3/1, P.V.KOVIL STREET, ROYAPURAM Village , CHENNAI, ROYAPURAM, Chennai, Tamil Nadu-600013.                                                                        GIRIJA CHANDRAMOHAN, Door No.10-5-599, EAST NEHRUNAGAR, SECUNDERABAD Village , SECUNDERABAD, Hyderabad, Telangana-500026.                                                                        RAVI H RAVIKUMAR, Door No.3/1, P.V.KOVIL STREET, ROYAPURAM Village , ROYAPURAM,CHENNAI, Chennai, Tamil Nadu-600013.","Project Name: KCEE VARUNIRegistration for Stilt floor + 5 floors Residential Building with 10 Dwelling units Availing Premium FSI with TOD Benefit at Plot No.34, New Door No.7, Old Door No.4, Padmavathi Road, Jeypore Nagar, Gopalapuram, Chennai comprised in Old R.S.No.67, 67/2, 69, 69/3 & 82 (Document) and R.S.No.67/64 (Patta), Block No.4 of Mylapore Village within the limits of Greater Chennai Corporation, Chennai District.","CMDA Planning Permission No.OL-PP/NHRB/0489/2025 issued in letter No. CMDA/PP/NHRB/S/0755/2025 dated 15/12/2025. Greater Chennai Corporation issued Building Permission No. CEBA/WDCN09/00544/2025 dated 31/12/2025.","31.12.2029","Promoter Details                                                                     Project Details                                                                     Location of Site: Latitude-13.053813;Longitude-80.256387;","",""
"143","TNRERA/7/BLG/0143/2026                                 dated 25-04-2026","SHIVA ASSOCIATES, Flat No.179/L-7,SRI LAKSHMI HOMES, Door No.179/L-7, SRI NAGAR COLONY, NARASOTHIPATTY Village , SALEM, Taluk.SALEM WEST, Salem, Tamil Nadu-636004.","Project Name: SAKURA ENCLAVERegistration for Stilt + 3 Floors with 12 dwelling units at  (Old S.No.61/1, 61/2, 61/3, 61/5, 61/6 pt) - New Ward C - Block 6  comprised in T.S.No.148/6  Reddiyur Village, Salem West Taluk, Salem District.","Assistant Director, T&CP, Salem District issued planning permission in Letter No. SWP/BPA/0014671/2023 dated 08/08/2024. Commissioner, Salem Corporation issued building permission in Letter No. 0049/BL/2025/00007 dated 06/01/2025.","30.12.2026","Promoter Details                                                                     Project Details                                                                     Location of Site: Latitude-11.685556;Longitude-78.133667;","",""
"144","TNRERA/35/BLG/0144/2026                                 dated 25-04-2026","M/s.Sagar Grandhi Constructions, C-10, Block C, 5th Floor, Sagar Classic Apartment,  Classic Farms Road, 4th Street, Sholinganallur,, Chennai, Tamil Nadu-600119.                                                                        Maruthikumar Nallamallai, C-10, Block C, 5th Floor, Sagar Classic Apartment,  Classic Farms Road, 4th Street, Sholinganallur,, Chennai, Tamil Nadu-600119.","Project Name: SAGAR THE ONERegistration for Stilt Floor + 5 Floors (Height – 18.30m) Residential Building with 20 dwelling units for Affordable Housing at Plot Nos.29, 30, 35 & 36, (CMDA Approved Layout – 132/1990) Indira Priyadarshini Nagar Annexe, Perumbakkam, Chennai comprised in Old S.No.455/1A1A2 (Document), New S.No.455/1A1A2A, 455/27 & 455/26 (Patta) of Perumbakkam Village, Tambaram Taluk, Chennai District.","CMDA issued Planning Permission No.OL-PP/NHRB/0274/2025 in Letter No.CMDA/PP/NHRB/S/0508/2025 dated 18/07/2025. The President, Perumbakkam Village Panchayat issued Building Permission in Letter Roc No.1 dated 11/12/2025.","17.07.2033","Promoter Details                                                                     Project Details                                                                     Location of Site: Latitude-12.903594;Longitude-80.207420;","",""
"145","TNRERA/11/BLG/0145/2026                                 dated 25-04-2026","M s SREE DAKSHA INFRASTRUCTURE PRIVATE LIMITED, MARUTHAMALAI MAIN ROAD, VADAVALLI VILLAGE Village , Taluk.PERUR, Coimbatore, Tamil Nadu-641046.","Project Name: SREE DAKSHA'S BEATRIZRegistration for Residential apartment multistory building Block-A, Basement -1 & 2 Stilt Floor + 7 Floors, Block B - Ground Floor  with Total 92 Dwelling units, comprised in  Old Survey No. 294/1PART and 294/2 of T.S No. 18/4 & 18/5  of Block No.02, Villankurichi Village,  Coimbatore North Taluk, Coimbatore District.","The Joint Director, DTCP, Coimbatore issued planning permission in  P.P.No.282/2026  vide  Letter No. SWP/BPA/624890/2025 Dated 02/04/2026. The Commissioner, Coimbatore city Municipal Corporation  issued building permission in Letter No. 162/BL/2026/02/024/00563 Dated 11/04/2026.","30.04.2031","Promoter Details                                                                     Project Details                                                                     Location of Site: Latitude-11.04188;Longitude-77.01348;","",""
"146","TNRERA/35/BLG/0146/2026                                 dated 25-04-2026","M/s. DAC DEVELOPERS SPV3 PVT LTD, Flat No. A-1, Ground Floor, No.19, K-Block, 1st Main Road, Anna nagar East, CHENNAI, Chennai, Tamil Nadu-600102.","Project Name: THE LORD'S BY DACRegistration of Ground + 1st floors for Villa No: 1 To 6, 7A To 11, 14, 16 To 117 and Stilt + 3 Floors for Villa No.15 at S.No:217/5, 217/6, 217/7A, 217/7B, 217/8, 217/9, 217/10, 217/11A, 217/11B, 217/12, 217/13, 217/14, 217/15A, 217/15B, 217/16, 217/17, 217/18, 217/19, 218/1, 218/2, 218/3A, 218/3B, 218/4, 218/5, 218/6, 218/7A, 218/7B, 218/9, 218/10, 218/11A, 218/11B, 218/12, 218/13, 218/14, 218/15, 218/16, 218/17, 218/18, 218/19A, 218/19B, 218/20, 218/21, 218/22A, 218/22B, 218/23, 218/24, 220/1, 220/2, 220/3, 220/4, 220/5, 220/6, 220/11A, 220/11B, 220/12, 220/13, Pudupakkam Village, Vandalur Taluk, Chengalpattu District.","The President, Pudupakkam Panchayat   issued building permission in Letter No. Villa No.1	Lr.No.SWP/SCM/DTCP/RP/0383395/2026	Dt.04.03.2026, Villa No.2 Lr.No.SWP/SCM/DTCP/RP/0383457/2026	Dt.04.03.2026 , Villa No.3	Lr.No.SWP/SCM/DTCP/RP/0383456/2026	Dt.04.03.2026, Villa No.4	Lr.No.SWP/SCM/DTCP/RP/0383484/2026	Dt.04.03.2026, Villa No.5	Lr.No.SWP/SCM/DTCP/RP/0383497/2026	Dt.04.03.2026, Villa No.6 Lr.No.SWP/SCM/DTCP/RP/0383519/2026	Dt.04.03.2026, Villa No.7A	Lr.No.SWP/SCM/DTCP/RP/0389387/2026	Dt.11.03.2026, Villa No.9	Lr.No.SWP/SCM/DTCP/RP/0389362/2026	Dt.11.03.2026, Villa No.10	Lr.No.SWP/SCM/DTCP/RP/0389348/2026	Dt.11.03.2026, Villa No.11	Lr.No.SWP/SCM/DTCP/RP/0389295/2026	Dt.11.03.2026, Villa No.14	Roc No:79/2025-26	Dt.28.03.2026, Villa No.15	Roc No:69/2025-26	Dt.19.02.2026, Villa No.16	Lr.No.SWP/SCM/DTCP/RP/0383562/2026	Dt.04.03.2026, Villa No.16A	Lr.No.SWP/SCM/DTCP/RP/0383634/2026	Dt.04.03.2026, Villa No.18	Lr.No.SWP/SCM/DTCP/RP/0378165/2026	Dt.26.02.2026, Villa No.19	Lr.No.SWP/SCM/DTCP/RP/0378181/2026	Dt.26.02.2026, Villa No.20	Lr.No.SWP/SCM/DTCP/RP/0383656/2026	Dt.04.03.2026, Villa No.21	Lr.No.SWP/SCM/DTCP/RP/0384133/2026	Dt.05.03.2026, Villa No.22	Lr.No.SWP/SCM/DTCP/RP/0384159/2026	Dt.05.03.2026, Villa No.23	Lr.No. SWP/SCM/DTCP/RP/0384181/2026	Dt.05.03.2026, Villa No.24	Lr.No.SWP/SCM/DTCP/RP/0384202/2026	Dt.05.03.2026, Villa No.25	Lr.No.SWP/SCM/DTCP/RP/0384214/2026	Dt.05.03.2026, Villa No.25A	Lr.No.SWP/SCM/DTCP/RP/0384282/2026	Dt.05.03.2026, Villa No.27	Lr.No.SWP/SCM/DTCP/RP/0384303/2026	Dt.05.03.2026, Villa No.28	Lr.No.SWP/SCM/DTCP/RP/0378199/2026	Dt.26.02.2026, Villa No.29	Lr.No.SWP/SCM/DTCP/RP/0356316/2026	Dt.29.01.2026, Villa No.30	Lr.No.SWP/SCM/DTCP/RP/0378218/2026	Dt.26.02.2026, Villa No.31	Lr.No.SWP/SCM/DTCP/RP/0384933/2026	Dt.06.03.2026, Villa No.32	Lr.No.SWP/SCM/DTCP/RP/0385058/2026	Dt.06.03.2026, Villa No.33	Lr.No.SWP/SCM/DTCP/RP/0385079/2026	Dt.06.03.2026, Villa No.34	Lr.No.SWP/SCM/DTCP/RP/0378234/2026	Dt.26.02.2026, Villa No.34A	Lr.No.SWP/SCM/DTCP/RP/0385109/2026	Dt.06.03.2026, Villa No.36	Lr.No.SWP/SCM/DTCP/RP/0385138/2026	Dt.06.03.2026, Villa No.37	Lr.No.SWP/SCM/DTCP/RP/0385184/2026	Dt.06.03.2026, Villa No.38	Lr.No.SWP/SCM/DTCP/RP/0385254/2026	Dt.06.03.2026, Villa No.39	Lr.No.SWP/SCM/DTCP/RP/0385274/2026	Dt.06.03.2026, Villa No.40	Lr.No.SWP/SCM/DTCP/RP/0385316/2026	Dt.06.03.2026, Villa No.41	Lr.No.SWP/SCM/DTCP/RP/0385328/2026	Dt.06.03.2026, Villa No.42	Lr.No.SWP/SCM/DTCP/RP/0385350/2026	Dt.06.03.2026, Villa No.43	Lr.No.SWP/SCM/DTCP/RP/0385376/2026	Dt.06.03.2026, Villa No.43A	Lr.No.SWP/SCM/DTCP/RP/0385423/2026	Dt.06.03.2026, Villa No.45	Lr.No.SWP/SCM/DTCP/RP/0385457/2026	Dt.06.03.2026, Villa No.46	Lr.No.SWP/SCM/DTCP/RP/0385504/2026	Dt.06.03.2026, Villa No.47	Lr.No.SWP/SCM/DTCP/RP/0385526/2026	Dt.06.03.2026, Villa No.48	Lr.No.SWP/SCM/DTCP/RP/0385849/2026	Dt.07.03.2026, Villa No.48A	Lr.No.SWP/SCM/DTCP/RP/0385862/2026	Dt.07.03.2026, Villa No.50	Lr.No.SWP/SCM/DTCP/RP/0385877/2026	Dt.07.03.2026, Villa No.51	Lr.No.SWP/SCM/DTCP/RP/0385919/2026	Dt.07.03.2026, Villa No.52	Lr.No.SWP/SCM/DTCP/RP/0378244/2026	Dt.26.02.2026, Villa No.52A	Lr.No.SWP/SCM/DTCP/RP/0385963/2026	Dt.07.03.2026, Villa No.54	Lr.No.SWP/SCM/DTCP/RP/0378263/2026	Dt.26.02.2026, Villa No.55	Lr.No.SWP/SCM/DTCP/RP/0378289/2026	Dt.26.02.2026, Villa No.56	Lr.No.SWP/SCM/DTCP/RP/0378322/2026	Dt.26.02.2026, Villa No.57	Lr.No.SWP/SCM/DTCP/RP/0378344/2026	Dt.26.02.2026, Villa No.57A	Lr.No.SWP/SCM/DTCP/RP/0378389/2026	Dt.26.02.2026, Villa No.59	Lr.No.SWP/SCM/DTCP/RP/0385989/2026	Dt.07.03.2026, Villa No.60	Lr.No.SWP/SCM/DTCP/RP/0386010/2026	Dt.07.03.2026, Villa No.61	Lr.No.SWP/SCM/DTCP/RP/0375878/2026	Dt.25.02.2026, Villa No.61A	Lr.No.SWP/SCM/DTCP/RP/0375890/2026	Dt.25.02.2026, Villa No.63	Lr.No.SWP/SCM/DTCP/RP/0386032/2026	Dt.07.03.2026, Villa No.64	Lr.No.SWP/SCM/DTCP/RP/0386059/2026	Dt.07.03.2026, Villa No.65	Lr.No.SWP/SCM/DTCP/RP/0386084/2026	Dt.07.03.2026, Villa No.66	Lr.No.SWP/SCM/DTCP/RP/0386193/2026	Dt.07.03.2026, Villa No.66A	Lr.No.SWP/SCM/DTCP/RP/0386213/2026	Dt.07.03.2026, Villa No.68	Lr.No.SWP/SCM/DTCP/RP/0386233/2026	Dt.07.03.2026, Villa No.69	Lr.No.SWP/SCM/DTCP/RP/0386918/2026	Dt.09.03.2026, Villa No.70	Lr.No.SWP/SCM/DTCP/RP/0387239/2026	Dt.09.03.2026, Villa No.70A	Lr.No.SWP/SCM/DTCP/RP/0387294/2026	Dt.09.03.2026, Villa No.72	Lr.No.SWP/SCM/DTCP/RP/0387315/2026	Dt.09.03.2026, Villa No.73	Lr.No.SWP/SCM/DTCP/RP/0387372/2026	Dt.09.03.2026, Villa No.74	Lr.No.SWP/SCM/DTCP/RP/0387402/2026	Dt.09.03.2026, Villa No.75	Lr.No.SWP/SCM/DTCP/RP/0387462/2026	Dt.09.03.2026, Villa No.75A	Lr.No.SWP/SCM/DTCP/RP/0387504/2026	Dt.09.03.2026, Villa No.77	Lr.No.SWP/SCM/DTCP/RP/0387544/2026	Dt.09.03.2026, Villa No.78	Lr.No.SWP/SCM/DTCP/RP/0378400/2026	Dt.26.02.2026, Villa No.79	Lr.No.SWP/SCM/DTCP/RP/0387574/2026	Dt.09.03.2026, Villa No.79A	Lr.No.SWP/SCM/DTCP/RP/0387819/2026	Dt.10.03.2026, Villa No.81	Lr.No.SWP/SCM/DTCP/RP/0387832/2026	Dt.10.03.2026, Villa No.82	Lr.No.SWP/SCM/DTCP/RP/0387847/2026	Dt.10.03.2026, Villa No.83	Lr.No.SWP/SCM/DTCP/RP/0387864/2026	Dt.10.03.2026, Villa No.84	Lr.No.SWP/SCM/DTCP/RP/0387877/2026	Dt.10.03.2026, Villa No.84A	Lr.No.SWP/SCM/DTCP/RP/0387895/2026	Dt.10.03.2026, Villa No.86	Lr.No.SWP/SCM/DTCP/RP/0387921/2026	Dt.10.03.2026, Villa No.87	Lr.No.SWP/SCM/DTCP/RP/0387954/2026	Dt.10.03.2026, Villa No.88	Lr.No.SWP/SCM/DTCP/RP/0387977/2026	Dt.10.03.2026, Villa No.88A	Lr.No.SWP/SCM/DTCP/RP/0388002/2026	Dt.10.03.2026, Villa No.90	Lr.No.SWP/SCM/DTCP/RP/0388034/2026	Dt.10.03.2026, Villa No.91	Lr.No.SWP/SCM/DTCP/RP/0388061/2026	Dt.10.03.2026, Villa No.92	Lr.No.SWP/SCM/DTCP/RP/0388079/2026	Dt.10.03.2026, Villa No.93	Lr.No.SWP/SCM/DTCP/RP/0388109/2026	Dt.10.03.2026, Villa No.93A	Lr.No.SWP/SCM/DTCP/RP/0388236/2026	Dt.10.03.2026, Villa No.95	Lr.No.SWP/SCM/DTCP/RP/0388262/2026	Dt.10.03.2026, Villa No.96	Lr.No.SWP/SCM/DTCP/RP/0388286/2026	Dt.10.03.2026, Villa No.97	Lr.No.SWP/SCM/DTCP/RP/0388308/2026	Dt.10.03.2026, Villa No.97A	Lr.No.SWP/SCM/DTCP/RP/0388364/2026	Dt.10.03.2026, Villa No.99	Lr.No.SWP/SCM/DTCP/RP/0388386/2026	Dt.10.03.2026, Villa No.100	Lr.No.SWP/SCM/DTCP/RP/0388416/2026	Dt.10.03.2026, Villa No.101	Lr.No.SWP/SCM/DTCP/RP/0388435/2026	Dt.10.03.2026, Villa No.102	Lr.No.SWP/SCM/DTCP/RP/0388451/2026	Dt.10.03.2026, Villa No.103	Lr.No.SWP/SCM/DTCP/RP/0388493/2026	Dt.10.03.2026, Villa No.104	Lr.No.SWP/SCM/DTCP/RP/0388521/2026	Dt.11.03.2026, Villa No.105	Lr.No.SWP/SCM/DTCP/RP/0388827/2026	Dt.11.03.2026, Villa No.106	Lr.No.SWP/SCM/DTCP/RP/0388834/2026	Dt.11.03.2026, Villa No.107	Lr.No.SWP/SCM/DTCP/RP/0388867/2026	Dt.11.03.2026, Villa No.108	Lr.No.SWP/SCM/DTCP/RP/0388877/2026	Dt.11.03.2026, Villa No.109	Lr.No.SWP/SCM/DTCP/RP/0388910/2026	Dt.11.03.2026, Villa No.110	Lr.No.SWP/SCM/DTCP/RP/0388957/2026	Dt.11.03.2026, Villa No.111	Lr.No.SWP/SCM/DTCP/RP/0388987/2026	Dt.11.03.2026, Villa No.112	Lr.No.SWP/SCM/DTCP/RP/0378421/2026	Dt.26.02.2026, Villa No.113	Lr.No.SWP/SCM/DTCP/RP/0389022/2026	Dt.11.03.2026 ,Villa No.114	Lr.No.SWP/SCM/DTCP/RP/0378440/2026	Dt.26.02.2026 ,Villa No.115	Lr.No.SWP/SCM/DTCP/RP/0389059/2026	Dt.11.03.2026 Villa No.116	Lr.No.SWP/SCM/DTCP/RP/0389176/2026	Dt.11.03.2026, Villa No.117	Lr.No.SWP/SCM/DTCP/RP/0389205/2026	Dt.11.03.2026.","30.03.2031","Promoter Details                                                                     Project Details                                                                     Location of Site: Latitude-12.813911;Longitude-80.205422;","",""
"147","TNRERA/35/BLG/0147/2026                                 dated 25-04-2026","M/s.SYLVANUS BUILDERS AND DEVELOPERS LIMITED, Door No.4, 5, SIGMA CORPORATE PARK, NR MANN PARY PLOT, BODAKDEV, Ahmedabad, Gujarat-380059.","Project Name: Aurum Villa Phase 3Registration for Residential Building with Block -1: Ground + 1 Floor with 2 Dwelling Units,  Block -2: Ground + 1 Floor with 2 Dwelling Units,  Block -3: Ground + 1 Floor with 4 Dwelling Units,  Block -4: Ground + 1 Floor with 20 Dwelling Units,  Block -5: Ground + 1 Floor with 6 Dwelling Units,  Block -6: Ground + 1 Floor with 10 Dwelling Units,  Block -7: Ground + 1 Floor with 14 Dwelling Units,  Block - 8: Ground + 2 Floor & Ground + 1 Floors with 8 Dwelling Units,  Block -9: Ground + 1 Floor with 8 Dwelling Units,  Block -10: Ground + 1 Floor with 10 Dwelling Units,  Block -11: Ground + 1 Floor with 1 Dwelling Unit,  Block -12: Ground + 1 Floor & Ground + 2 Floors with 7 Dwelling Units (Totally 12 Blocks with 92 Dwelling Units) comprised in Survey No.190/13B2, 14B2, 15A, 15B, 16A1, 16B1, 16B2, 16B3, 192/1A, 1B, 2, 10,193/1A, 1B and 193/9A1 of Pudupakkam Village, Vandalur Taluk, Chengalpattu District.","Assistant Director, T&CP, Chengalpattu District, issued Planning Permission No. SWP/B.P/M.L.P.A (CD-5) No.94/2025. in Letter No. SWP/BPA/227111/2024, Dated 26/08/2025. The President,  Pudupakkam Village Panchayat  issued Building Permission in Letter ROC No. 49, Dated 19/04/2026.","30.09.2033","Promoter Details                                                                     Project Details                                                                     Location of Site: Latitude-124825.3;Longitude-801238.5;","",""
"148","TNRERA/29/BLG/0148/2026                                 dated 25-04-2026","SANJAY JAYAPAL, Door No.No.78/132, Dr.R.K.SALAI, MYLAPORE, MYLAPORE Village , Taluk.MYLAPORE, Chennai, Tamil Nadu-600004.                                                                        N JAYAPALAN, Door No.10/192, Harichandra Colony 3rd Cross Street, injambakkam Village , Chennai, Tamil Nadu-600115.                                                                        P K BANUMATHI, Door No.10/192, Harichandra Colony 3rd Cross Street, injambakkam Village , Chennai, Tamil Nadu-600115.                                                                        HANSA JAYAPALAN, Door No.10/192, Harichandra Colony 3rd Cross Street, injampakkam Village , Chennai, Tamil Nadu-600115.","Project Name: SANBEES HOTEL PVT LTDRegistration for Ground floor (part) / Stilt floor (part) +2 floors Air Conditioned Cinema Theatre with 9 screens commercial building at East Coast Road (ECR), Injambakkam, Chennai in S.No.165/21B (as per Document), S.No.165/176A1, 165/176A2, 165/176A3, 165/176A4, 165/176A5, 165/176A6, 165/176A7, 165/176A8 (as per patta) of Injambakkam Village, Chennai District.","CMDA issued Planning Permission No.B/NHRB/455 A to D /2019 in Letter No.B1/22297/2018 dated 16/12/2019. Greater Chennai Corporation issued Building Permission in Letter No. CEBA/WDCN15/00417/2020 dated 21/12/2020.","Completed","Promoter Details                                                                     Project Details                                                                     Location of Site: Latitude-12.931980;Longitude-80.252118;","","Completed"
"149","TNRERA/29/BLG/0149/2026                                 dated 25-04-2026","M/s.THE NEST, Door No.15/6, Kamarajar Nagar 4th Street, Choolaimedu, Chennai, Tamil Nadu-600094.","Project Name: NEST UNIQUERegistration for Stilt Floor + 5 Floors (Height - 18.30m) Residential Building with 79 Dwelling units for Affordable Housing with Gym & Indoor Games Room at Karanai Road, Ottiyambakkam, Chennai comprised in S.No.276/7A1 of Ottiyambakkam Village within the Limits of St.Thomas Mount Panchayat Union, Tambaram Taluk, Chengalpattu District.","The CMDA issued planning permission No.OL-PP/NHRB/0119/2026 in Letter No.CMDA/PP/NHRB/S/0055/2026 dated 11/03/2026. The President, St.Thomas Mount Panchayat,Chengalpattu District issued building permission in Letter No.CMDA/PP/NHRB/S/0055/2026 dated 20/03/2026.","30.09.2028","Promoter Details                                                                     Project Details                                                                     Location of Site: Latitude-12.866788;Longitude-80.199649;","",""
"150","TNRERA/35/BLG/0150/2026                                 dated 25-04-2026","My Viva Housing Private Limited, Plot No.Flat No.2, Tannery Street, Pallavaram Village , Chennai, Chennai, Tamil Nadu-600043.                                                                        Krishna Kumar, Flat No.CE201, KEH NARIYAS, Kalyanaraman Street,, Dharga Road,  Zamin Pallavaram, Chennai, Tamil Nadu-600043.                                                                        -, -, Chennai, Tamil Nadu-600074.                                                                        -, -, Chennai, Tamil Nadu-600074.                                                                        -, -, Kancheepuram, Tamil Nadu-600044.","Project Name: VIVA VestaRegistration for  Stilt floor + 3 Floors Residential with 16 Dwelling units at Panneer Selvam Main Road and Elango Street, Zamin Pallavaram, Chennai 600043, comprised in Old S.No.159/1, 159/2 & 159/3 (Document) and T.S.No.50/2, Block No.19, Ward – C of Zamin Pallavaram Village, Pallavaram Taluk within the limits of Tambaram Municipal Corporation, Chengalpattu District.","CMDA issued Planning Permission No.OL-PP/NHRB/0365/2025 in Letter No.  CMDA/PP/NHRB/S/0464/2025, Dated 23/09/2025. The Commissioner, Tambaram City Municipal Corporation, issued Building Permission in Letter No. 009/BL/2025/02/021/01091, Dated 11/11/2025.","31.12.2028","Promoter Details                                                                     Project Details                                                                     Location of Site: Latitude-12.957419;Longitude-80.1701;","",""
"151","TNRERA/11/BLG/0151/2026                                 dated 25-04-2026","M/S. Sri Gujan Builder and Developers, Flat No.SITE NO. 1 AND 12, BHARGAVA TOWER, DR. NIRMALARANI GARDEN, MARUTHAMALAI MAIN ROAD, COIMBATORE Village , COIMBATORE, Coimbatore, Tamil Nadu-641041.                                                                        Narmadha, Plot No.16, Senthil Nagar, Samganoor Road, Coimbatore North Village , Coimbatore, Coimbatore, Tamil Nadu-641006.                                                                        Hariharan, Plot No.16, Senthil Nagar, Sanganoor Road,, Coimbatore North Village , Coimbatore, Coimbatore, Tamil Nadu-641006.","Project Name: GUJANS PARIPALANA PHASE IV BLOCK - 3Registration for Stilt Floor + 5 Floors with 42 Dwelling Units comprised in Survey No.144/1B2, 144/2A1B, 144/1B1B, 144/2A1A2,144/1B1A2, 144/1B1A1B, 144/14A1B, 144/14A2, 144/15, 144/2A1A1B, 144/14B, 144/16 of Madampatti Village, Perur Taluk,Coimbatore District.","The Joint Director, T&CP, Coimbatore District issued Planning Permission No. 142/2025 in Application No.SWP/BPA/481138/2025 Dated 28/03/2025. The President issued Building Permission in Letter ROC No. 13, Dated 30/04/2025.","27.03.2033","Promoter Details                                                                     Project Details                                                                     Location of Site: Latitude-10.939045;Longitude-76.866411;","",""
"152","TNRERA/11/BLG/0152/2026                                 dated 25-04-2026","M/s. Unitd Living Space LLP, Door No.496 , B - 13, Plot No.GRAND CAG CENTRAL, NAVA INDIA, AVINASHI ROAD, Coimbatore, Tamil Nadu-641  004.","Project Name: MUH 49.2Registration for Residential building consists of Block A2 - Stilt Floor + 5 Floors with 40 dwelling units , Block B2 - Stilt Floor + 5 Floors with 116 dwelling units (Recreational Club at 1st Floor) , Block C2 - Stilt Floor + 5 Floors with 40 dwelling units and by totally 196 dwelling units. Comprised in S.No. 488/2  of  Chinnavedampatti  Village , Coimbatore North Taluk , Coimbatore District.","The  Joint  Director , T&CP , Coimbatore District  has issued planning permission vide letter No. SWP/BPA/711567/2025   dated 23.02.2026. The  Commissioner , Coimbatore City Municipal Corporation has issued building permission vide letter No. 162/BL/2026/04/003/00478  dated 19.03.2026.","22.02.2034","Promoter Details                                                                     Project Details                                                                     Location of Site: Latitude-11.07934;Longitude-76.97781;","",""
"153","TNRERA/1/BLG/0153/2026                                 dated 25-04-2026","M/s. Asset Tree Homes, Plot No. 20, Zion Complex , 2nd Floor, Pammal Main Road, Pammal, Chennai, Tamil Nadu-600075.","Project Name: ATH MERLION Phase IIRegistration for Stilt floor + 5 floors(Height – 18.30m) Residential Building with 25 dwelling units for Affordable Housing and Association Room atPlot Nos.13, 14, 15, 16 & 17 (CMDA Approved Layout No.202/2023), Maansarovar Nagar Phase II, Rendamkattalai, Chennai 600128 comprised in Old S.No.239/1 & 239/3 (Document), New S.No.239/1D, 239/1E,239/1F, 239/1G, 239/1H & 239/3D (Patta) of Rendamkattalai Village, within the limit of Kundrathur PanchayatUnion Kancheepuram District.","CMDA issued planning permission in Letter No. OL-PP/NHRB/0126/2025 vide letter No. CMDA/PP/NHRB/C/0084/2025 dated 07-04-2025. President, Kundrathur Village pancahayat issued building permission in Letter No. 12/2025 dated: 23/10/2025","30.12.2028","Promoter Details                                                                     Project Details                                                                     Location of Site: Latitude-12.996224;Longitude-80.115966;","",""
"154","TNRERA/29/BLG/0154/2026                                 dated 25-04-2026","Asif Ali, Door No.245, 8th Cross Street,  Arulananda Nagar, Thanjavur, Thanjavur, Tamil Nadu-613007.                                                                        Fathima Begum, Door No.245, 8th Cross Street, Arulananda Nagar, Thanjavur, Thanjavur, Tamil Nadu-613007.","Registration for Stilt floor (Mechanized Pit Puzzle Parking) + 3 Floors Commercial (Office) Building (14.00m Height) availing Premium FSI with TOD Benefits at Plot No. 4951, Old Door No. AC-64/1, New Door No. 254/1, AC Block 4th Avenue and 5th Avenue, Anna Nagar, Chennai – 600040, Comprised in Old S.No. 69 part, 73 part & 74 part, T.S.No. 158, Block No. 1B of Naduvakkarai Village, Chennai District.","CMDA issued planning permission inOL-PP/NHRB/0219/2024 vide letter No. CMDA/PP/NHRB/N/0136/2024 dated 28/05/2024. GCC issued building permission in Letter No. CEBA/WDCN08/00274/2024 dated 25/06/2024.","Completed","Promoter Details                                                                     Project Details                                                                     Location of Site: Latitude-13.082761804999919;Longitude-80.21034671685649;","","Completed"
"155","TNRERA/11/BLG/0155/2026                                 dated 28-04-2026","M/s Dhiya Foundation Pvt Ltd, Mrs. Vijaya Rani & Mr. Sreejith Koorkaparambil, No 22/1, PRR Nagar, PN Pudur, Coimbatore Village , Coimbatore, Coimbatore, Tamil Nadu-641041.","Project Name: Dhiya's UshasRegistration for Stilt + 5 Floors with 10 dwelling units at Ward No:P (16) - Block No:26, T.S.No:52 at Telungupalayam Village, Coimbatore District.","Joint Director, T&CP, Coimbatore District issued planning permission in Letter No. SWP/BPA/791631/2026 dated 02/03/2026. Commissioner Coimbatore Corporation issued building permission in Letter No. 162/BL/2026/03/043/00484 dated 20/03/2026.","31.12.2030","Promoter Details                                                                     Project Details                                                                     Location of Site: Latitude-11.028588;Longitude-76.936138;","",""
"156","TNRERA/1/BLG/0156/2026                                 dated 28-04-2026","CASA GRANDE HOMES PRIVATE LIMITED, New No.111, Old No. 59 , NPL Devi, L B Road, Thiruvanmiyur, Chennai - 600041, CHENNAI, Chennai, Tamil Nadu-600041.","Project Name: CASAGRAND HIGHCITY PHASE - IRegistration for HighRise Group Development with Extended Combined Double Basement floor (Block: 1 - 4 & Club House)Consisting of Block 1: Ground Floor + 22 Floors (252 Dwelling Unit), Block 2: Ground Floor + 22 Floors (343Dwelling Unit), Block 3: Ground Floor + 22 Floors (252 Dwelling Unit), Block 4: Ground Floor + 22 Floors (252Dwelling Unit), and Block 5: Club House : Ground Floor + 2 Floors and Open Swimming Pool (Totally 1099Dwelling Units) S.No.182/1A, 1B, 2, 195/2A1, 2A2, 2B1, 2B2, 196/1, 2, 3, 197/1, 2, 3, 4, 198/1, 2, 3, 199,200/3A1, 4, 202/5, 6, 203/1, 2, 3, 204/1A, 1B, 3 , 205/2A, 214/2A, 215/1A, 2A, 216/1, 1B, 2, 217/1, 218/1, 2A, 2B,219/1A, 1B, 1C, 2A1, 2A2, 2B1, 2B2, 3A, 3B, 4B, 221/1A, 2A1, 2B1, 222/1A, 387/2A, 2B, 389/1, 2, 390/1, 2,400/1B, 2B, 3A1B, 401/1A, 402/1A, 1B, 2, 403/1, 2, 404/1A, 1B, 2, 405/1B, 2A, 2B AND 409/2 of Pazhanthandalam Village, Kundrathur Taluk, Kancheepuram District.","Chennai Metropolitan Development Authority issued planning permission in OL-PP/HRB/0015/2026 vide letter No. CMDA/PP/HRB/S/0891/2025 dated 17/04/2026. President, Pazanthandalam Village Panchayat issued building permission in Letter No.  2/2026-2027 dated: 21/04/2026.","17.05.2030","Promoter Details                                                                     Project Details                                                                     Location of Site: Latitude-12.960902;Longitude-80.086312;","","Revised Project Completion Date: Block 1 - 17.05.2030; Block 2 - 17.02.2030; Block 3 - 17.11.2029; Block 4 - 17.08.2029; Block 5 - 17.08.2029;"
"157","TNRERA/11/BLG/0157/2026                                 dated 28-04-2026","M/s. INFINIUM SHELTERS LLP, Door No. 1733/1, 2nd Floor, Trichy Road, Olymbus, Ramanathapuram, Coimbatore, Tamil Nadu-641045.","Project Name: INFINIUM ONELIFE VEDAPATTIRegistration of Group House Residential Building - 6 Blocks (Block A to C: Ground + 5 floors, Block D: Ground+ 3 floors, Block E: Ground + 1 floor, Block F: Ground floor with 156 dwelling units ) comprised in S.F.No.188/1 of Vedapatti Village, Perur Taluk, Coimbatore District.","The Joint Director, T&CP, Coimbatore District issued Planning permission No. 02/2026 in Letter No. SWP/BPA/670472/2025 dated 06/01/2026. The Executive Officer, Vedapatti Town Panchayat issued Building permission No.15/2025-26 in Letter No. 23/2026 dated 11/02/2026.","11.02.2031","Promoter Details                                                                     Project Details                                                                     Location of Site: Latitude-10.983721;Longitude-76.905648;","",""
"158","TNRERA/11/BLG/0158/2026                                 dated 28-04-2026","M/s.EIVAA HOMESS INDIA LLP (PARTNER:GOPINATH), 50, IVA AGAM, VAZHIYAMPALAYAM Village , Coimbatore, Tamil Nadu-641048.                                                                        M/s.EIVAA HOMESS INDIA LLP (PARTNER:GOPINATH), 50 IVA AGAM, VAZHIYAMPALAYAM Village , Coimbatore, Tamil Nadu-641048.","Project Name: AURORARegistration for Block : 1, 2, 3, 4, 5, 6, 7, 9, 11, 12, 14, 15, 16, 18, 19, 20, 21, 22, 24, 25, 27, 28, 30, 31, 33, 34, 36, 37, 38, 39, 41, 42, 43, 45, 46 - (Ground Floor + First Floor Residential building with 35 dwelling units), Block : 47 - Club House (Ground Floor + First Floor) at comprised in Survey No.66/1A, 66/2A1, 66/2A2, 66/2B2B & 66/1B2B of Kalapatty Village (West), Coimbatore North Taluk, Coimbatore District.","The Joint Director, T&CP, Coimbatore District issued Planning Permission No.182/2026 in Letter No.SWP/BPA/681021/2025 dated 27/02/2026. The Commissioner, Coimbatore City Muicipal Corporation issued Building Permission in Letter No.162/BL/2026/02/005/00481 dated 20/03/2026.","30.12.2027","Promoter Details                                                                     Project Details                                                                     Location of Site: Latitude-110532.7;Longitude-770131.1;","",""
"159","TNRERA/29/BLG/0159/2026                                 dated 29-04-2026","M/s.CHAITANYA EASTLYN (Developer), 39, KARPAGAM GARDEN 1ST MAIN ROAD, ADYAR, Chennai, Tamil Nadu-600020.                                                                        P.G.Ramkumar (Land owner), NO.9 ANNA AVENUE, BAKTHAVATCHAVALAM NAGAR EXTENSION, ADYAR, Chennai, Tamil Nadu-600020.","Project Name: BRINDAVANRegistration for Revised Planning Permission for Stilt Floor + 5 Floors (Height – 18.25m) Residential Building with 16 dwelling units at Plot No.4 (Pt) & 5, New Door No.9, Old Door No.14, Anna Avenue, Bakthacatchalam Nagar Extension, Adayar, Chennai - 600020, comprised in Old S.No.15/5 (pt), T.S.No.46/4 & 46/27, Block No.16 of Pallipattu Village within the limit of Greater Chennai Corporation, Saidapet Taluk, Chennai District.","The CMDA issued planning permission No.OL-PP/NHRB/0474/2025 in Letter No.CMDA/PP/NHRB/S/0796/2025 dated 28/11/2025. The Greater Chennai Corporation issued building permission in Letter No.CEBA/WDCN13/00522/2025 dated 17/12/2025.","31.08.2027","Promoter Details                                                                     Project Details                                                                     Location of Site: Latitude-13.003684;Longitude-80.255506;","","This Registration revises the earlier Registration given in Registration No. TN/29/Building/0508/2024 dated 22/10/2024"
"160","TNRERA/2/BLG/0160/2026                                 dated 05-05-2026","KVPS Property Developers Private Limited, Door No.4-ABC, Sathyamoorthy Street,, Tirunelveli Town, Tirunelveli, Tamil Nadu-627006.","Registration for Group development of High Rise Commercial buildings with 2 Blodks in which Block A: Extended Basement Floor (Meant for Parking) + Ground Floor + 1 floor to 7h Floor (for Retail Shop use) + 8th Floor & 9th floor part are for Office Building; Block B : Basement Floor (STP, Sump & Pump room) + Stit Floor (Meant for Parking) + 1* Floor (Dining Hall) + 2d floor to gth Floor for Dormitory use and MLCP (9 Level with Car parking 160 Nos.), abutting C.T.H. road (formerly M.T.H. Road), Padi, Chennai - 600 050, Comprised in old S.Nos.3/1, 4/1 & 2 of Kakapallam Village, T.S. Nos.44/2, 44/3, 45/1 & 46/2, Block No. 81, Ward - E of Ambathur Town, Ambathur Taluk, Thiruvallur District.","CMDA issued planning permission in PP/HRB/01/2025/A TO L  vide letter No.CMDA/PP/HRB/N/0714/2021 dated 03/04/2025. GCC issued building permission in Letter No. CEBA/WDCN07/00168/2025, Dated 21/04/2025.","31.03.2026","Promoter Details                                                                     Project Details                                                                     Location of Site: Latitude-130604.9;Longitude-801118.8;","","Revised Project Completion Date: 31.12.2026"
"161","TNRERA/29/BLG/0161/2026                                 dated 05-05-2026","M/s. Sreshta Cityscapes Private Limited (POA) , 2) Girija Subramaniam (Land Owner) , 3) Aravind Subramaniam (Land Owner) , 4) Atul Aravind (Land Owner), Door No.6/21, Krishnaswamy Avenue, Chennai - 600  004, Chennai, Tamil Nadu-","Project Name: Sreshta MaudgalyaRegistration for Stilt Floor + 4 Floors + 5th Floor part Residential Building with 18 Dwelling Units at New Door No.13, Old Door No.24(Previously Door No.48), Sri Nagar Colony Cross Street & Temple Avenue, Sri Nagar Colony, Chennai Comprised in Old T.S.No.95 , Old Block No.4 , New T.S.No.6 , New Block No.08 of  Venkatapuram  Village , Guindy  Taluk , Chennai District.","The  Assistant Planner , CMDA , Chennai has issued planning permission vide letter No. CMDA/PP/NHRB/C/1000/2025  dated 09.03.2026. The Executive Engineer (T.P.) , Greater Chennai Corporation has issued building permission vide letter No. CEBA/WDCN13/00132/2026  dated 23.03.2026.","31.03.2030","Promoter Details                                                                     Project Details                                                                     Location of Site: Latitude-130052;Longitude-130050;","",""
"162","TNRERA/30/BLG/0162/2026                                 dated 05-05-2026","M/s. S.R & Co, Door No.1845/5, 1st Floor , Krishnagiri Bye Pass Road, Hosur Town, Krishnagiri, Tamil Nadu-635  109.                                                                        Krishnagiri, Tamil Nadu-","Project Name: SR HEIGHTSRegistration for  Residential building of Block - 1 - Basement Floor + Stilt / Ground Floor + 11 Floors with 88 dwelling units , Block - 2 (DG Room) - Ground Floor. Comprised in T.S.No.125/1 , Block - 37 , Ward - B of  Hosur Town , Hosur  Taluk , Krishnagiri District.","The  Deputy  Director , T&CP , Krishnagiri  District. The  Deputy  Director , T&CP , Krishnagiri  District has issued planning permission vide letter No. SWP/ BPA /0489673/2025 dated  08.09.2025. The  Commissioner , Hosur  City  Municipal  Corporation has issued building permission vide letter No.  153/BL/2025/00133 dated 27.11.2025.","31.01.2030","Promoter Details                                                                     Project Details                                                                     Location of Site: Latitude-12.723907;Longitude-77.811632;","",""
"163","TNRERA/13/BLG/0163/2026                                 dated 05-05-2026","M/s. Sri Veda Vinayagar Foundations Private Limited, 33, Banadurai South Street,, Kumbakonam, Thanjavur, Tamil Nadu-612001.","Project Name: ANVITA FLATSRegistration of (Ground Floor + 3 Floors)  with 18 Dwelling units in Door No: 41/23 - T.S. No.865 & 866 - Ward No: 1 - Block No: 24 , Banadurai North Street ,  Kumbakonam Town , Kumbakonam Corporation , Thanjavur District.","The Assistant Director, T&CP, Thanjavur District issued planning permission in P.P.No.SWP/DTCP/TNJ/KLPA/BP No. 105/2025 vide Letter No. SWP/BPA/717486/2025-TD4, Dated 12/12/2025. The Commissioner, Kumbakonam corporation issued building permission in Letter No. 105/BPA/2025/00104  Dated 09/01/2026.","31.12.2027","Promoter Details                                                                     Project Details                                                                     Location of Site: Latitude-10.965186;Longitude-79.3823;","",""
"164","TNRERA/11/BLG/0164/2026                                 dated 05-05-2026","M/s Tanny Shelters Private Limited and Mrs. Vigneshwari Ramu, Door No.No. 43, Tanny's Comcentre, 4th Floor, Bharathi Park 8th cross,  Saibaba Colony, Coimbatore, Tamil Nadu-641011.","Project Name: Tanny's CAG TECH PARKRegistration for 3 Basement Floors + Ground Floor + 14 Floors Office Building at Survey Nos. 522/2A2, 522/2B1, 523/1B, 523/2A of Sarkarsamakulam Village / Town Panchayat, Annur Taluk, Coimbatore District.","The Joint Director, T&CP, Coimbatore District issued planning permission No. 599/2025 in Letter No. SWP/BPA/491419/2025 dated 13/09/2025. The Executive officer,  Sarkarsamakulam Town Panchayat issued building permission in Letter No. 294-2025/15-09-2025, Dated 07/11/2025.","07.11.2030","Promoter Details                                                                     Project Details                                                                     Location of Site: Latitude-11.106954;Longitude-77.024855;","",""
"165","TNRERA/29/BLG/0165/2026                                 dated 11-05-2026","M/s. Beaver Construction Company (Promoter) , 2) Thiruloga Chandra Kumar (Land Owner) , 3) L.Shiva Prasad (Land Owner) , 4) J.Ramkumar (Land Owner), No.6 A , Beaver’s Narayani , GF , 3 Mambalam, Chennai, Chennai, Tamil Nadu-600033.","Project Name: SHIVALAYARegistration for Stilt Floor (Parking) + 5 Floors Residential Building with 10 dwelling units availing premium FSI with TOD Benefit at Door No.38, Plot No-73, T.M. Sundarajan Road/West Circular Road, Mandavelipakkam, Chennai Comprised in old R.S.No.4434, New R.S.No. 4311/84 (Patta) Block No: 97, of  Mylapore Village, Mylapore Taluk, Chennai District.","CMDA issued Planning Permission No.OL-PP/NHRB/0388/2025 in letter No. CMDA/PP/NHRB/S/0146/2025 dated 30-09-2025. Greater Chennai Corporation, issued building permission No. CEBA/WDCN09/00517/2025 dated 10/12/2025.","30.06.2027","Promoter Details                                                                     Project Details                                                                     Location of Site: Latitude-13.06;Longitude-80.11;","",""
"166","TNRERA/35/BLG/0166/2026                                 dated 13-05-2026","M/s. BHOOMI AND BUILDINGS PRIVATE LIMITED, Door No.No.6, Padmanabha Nagar, 2nd street, Adyar Village , Chennai, Chennai, Tamil Nadu-600020.","Project Name: CITY SCAPERegistration for Stilt + 5 Floors Residential Building 100 dwelling units Comprised in New S.No. 4/1E1A, Old S.No. 4, of Navalur Village Panchayat, Thiruporur Panchayat Union and Taluk, Chengalpattu District.","The Assistant Director, DTCP, Planning permission No. SWP/B.P/M.L.P.A (CD-5) No.111/2025. issued in Online reference No. SWP/BPA/ 004874/2022 dated 28/10/2025. The President, Navalur Village and Panchayat, Thiruporur Panchayat Union, Thiruporur Taluk, Chengalpattu District issued building permission No.06/2024/ dated 23/02/2026.","31.12.2029","Promoter Details                                                                     Project Details                                                                     Location of Site: Latitude-12.851356;Longitude-80.227477;","",""
"167","TNRERA/1/BLG/0167/2026                                 dated 14-05-2026","M/s.SHRIRAM PROPERTIES LIMITED, Door No.No. 9, Lakshmi Neela Rite Choice, 1st Floor,  Bazullah Road, T. Nagar, Chennai - 600017, Chennai, Tamil Nadu-","Project Name: Shriram Santrupthi - Phase 2Registration for Ground Floor + 1st Floor with total 12 dwelling units for Plot No. 66, 70, 71, 72, 74, 75, 76, 81, 83, 84, 85, 86 (Total 12 Plots) comprised in S.No.215/2D, 3B, 6C, 7A3, 7B, 8, 9A, 10A, 216/1A1C, 1A2, 1B1, 4C, and 5C of  Vallarpuram Village, Sriperambudhur Taluk, Kancheepuram District."," The President, Valarpuram Village Panchayat, Sriperambudhur Panchayat Union issued building permission as per the Resolution No. 109 dated 06.02.2026.","05.02.2028","Promoter Details                                                                     Project Details                                                                     Location of Site: Latitude-13.028444;Longitude-79.969944;","","Change of Project Bank: SBM Bank (India) Limited, Mylapore Branch, Chennai - 600004 (Collection A/c No.20022600034964, Separate A/c No.20022600034973, Transaction A/c No.20022600034982)"
"168","TNRERA/35/BLG/0168/2026                                 dated 16-05-2026","M/s.GOLDEN PLANET SENIOR HERITAGE HOMES PRIVATE LIMITED, Door No.31/10,  ""ANANDA NILAYAM"", ARYA GOWDA ROAD, Chennai, Tamil Nadu-","Project Name: RISHI - PHASE IRegistration for  Block -1 With Ground Floor +1 Floors Residential Building with 20 Dwelling Units, Block -2 With Ground Floor +1 Floors Residential Building with 20 Dwelling Units, Block -3 with Ground Floor +1 Floors Residential Building with 20 Dwelling Units, Block - 4 with Stilt Floor + 5 Floors Residential Building with 70 Dwelling Units, Block- 5, 6, 7 with Ground Floor Commercial Building Comprised in Survey No.34/4C1A, 34/4C2, 34/5A1, 34/5B, 35/5A1 & 35/5B1 of Melakuppam Village,Thirukazhukundram Taluk, Chengalpattu District.","The Assistant Director, T&CP, Chengalpattu District issued Planning Permission No.521/2025 in Letter ROC No. SWP/BPA/0488864/2025, Dated 03/12/2025. The President, Kadambadi Village Panchayat, issued issued Building Permission in Letter ROC No.3, Dated 27/03/2026.","31.12.2028","Promoter Details                                                                     Project Details                                                                     Location of Site: Latitude-12.6041130;Longitude-80.1242730;","",""
"169","TNRERA/29/BLG/0169/2026                                 dated 16-05-2026","M/s.HRPL HOMES AND INFRASTRUCTURES PVT LTD, Door No.12, 9TH AVENUE 46TH STREET ASHOK NAGAR CHENNAI, MYLAPORE Village , CHENNAI, Chennai, Tamil Nadu-600083.                                                                        Ms P VASANTHI, Door No.OLD NO 6 NEW NO 11, THIRU VI KA THIRD STREET ROYAPETTAH HIGH ROAD MYLAPORE, CHENNAI, Chennai, Tamil Nadu-600004.                                                                        Ms SOWMYA, Door No.OLD NO 6 NEW NO 11, THIRU VI KA THIRD STREET ROYAPETTAH HIGH ROAD MYLAPORE, CHENNAI, Chennai, Tamil Nadu-600004.","Project Name: HARMONY MAHALAKSHMIRegistration for Proposed Construction of a Stilt Floor + 4 Floors + 5 Floors Part Residential Building with 15 dwelling units at Plot No.5 &6 comprised in Old S. No: 162/10pt and T.S. No: 8/1 & 8/2, Block No.49, Ward 1of Thiruvanmiyur Village, Velachery Taluk, Chennai District.","The Assistant Planner, CMDA Chennai district issued Planning Permission No.OL-PP/NHRB/0107/2026in letter no. CMDA/PP/NHRB/S/0581/2025 dated 09.03.2026.Greater Chennai Corporation issued Building Permission No. CEBA/WDCN13/00149/2026dated 01.042026.","31.12.2030","Promoter Details                                                                     Project Details                                                                     Location of Site: Latitude-12.993648;Longitude-80.262047;","",""
"170","TNRERA/11/BLG/0170/2026                                 dated 16-05-2026","M/s.Upasana Estates and Communities LLP, Door No.96, A1, Mohana Apartments, Arcot Road,, Virugambakkam, Chennai, Tamil Nadu-600092.","Project Name: VEDAANTA PREMAMRegistration for Affordable Residential Apartment Building of Stilt Floor + 4 Floors with 16 Dwelling Units in Site No.9 & 10 in Approved layout No.107/2023, Comprised in S.F.No.773/6D2G & 773/6D2E of Othakalmandapam Village, Madukkarai Taluk, Coimbatore District.","The Joint Director, T&CP, Coimbatore District issued planning permission in Letter No.SWP/BPA/422791/2024 dated 25/01/2025. The Executive Officer, Othakalmandapam Town Panchayat issued building permission in Letter No.81/2025 dated 04/04/2025.","30.11.2030","Promoter Details                                                                     Project Details                                                                     Location of Site: Latitude-10.882188;Longitude-77.016900;","",""
"171","TNRERA/29/BLG/0171/2026                                 dated 16-05-2026","BLUEMOON PROPERTIES, Door No.NO 15/4, 1ST FLOOR 12TH AVENUE, Chennai, Tamil Nadu-600083.                                                                        TNHB, Flat No.1, H54, South Avenue Road, Kamaraj Nagar, Thiruvanmiyur, Chennai, Chennai, Chennai, Tamil Nadu-600041.                                                                        Malathi, Flat No.3, H54, South Avenue Road, Kamaraj Nagar, Thiruvanmiyur, Chennai, Chennai, Chennai, Tamil Nadu-600041.                                                                        Karthik, Flat No.4, H54, South Avenue Road, Kamaraj Nagar, Thiruvanmiyur, Chennai, Chennai, Tamil Nadu-600041.                                                                        Swarnalatha, Flat No.5, H54, South Avenue Road, Kamaraj Nagar, Thiruvanmiyur, Chennai, Chennai, Tamil Nadu-600041.                                                                        Chithiralega, Flat No.6, H54, South Avenue Road, Kamaraj Nagar, Thiruvanmiyur, Chennai, Chennai, Tamil Nadu-600041.                                                                        H N Ram Mohan Rao, Flat No.7, H54, South Avenue Road, Kamaraj Nagar, Thiruvanmiyur, Chennai, Chennai, Tamil Nadu-600041.                                                                        Raghunathan, Flat No.8, H54, South Avenue Road, Kamaraj Nagar, Thiruvanmiyur, Chennai, Chennai, Tamil Nadu-600041.                                                                        Harshika, Flat No.8, H54, South Avenue Road, Kamaraj Nagar, Thiruvanmiyur, Chennai, Chennai, Tamil Nadu-600041.                                                                        J Indra Rani, Flat No.8, H54, South Avenue Road, Kamaraj Nagar, Thiruvanmiyur, Chennai, Chennai, Tamil Nadu-600041.                                                                        K S Ramasubramanian, Flat No.9, H54, South Avenue Road, Kamaraj Nagar, Thiruvanmiyur, Chennai, Chennai, Tamil Nadu-600041.                                                                        Suraksha, Flat No.9, H54, South Avenue Road, Kamaraj Nagar, Thiruvanmiyur, Chennai, Chennai, Tamil Nadu-600041.                                                                        Gowri, Flat No.10, H54, South Avenue Road, Kamaraj Nagar, Thiruvanmiyur, Chennai, Chennai, Tamil Nadu-600041.                                                                        Anilkumar Sinha, Flat No.11, H54, South Avenue Road, Kamaraj Nagar, Thiruvanmiyur, Chennai, Chennai, Tamil Nadu-600041.                                                                        Shanmugam, Flat No.11, H54, South Avenue Road, Kamaraj Nagar, Thiruvanmiyur, Chennai, Chennai, Tamil Nadu-600041.                                                                        SP Kannathal, Flat No.12, H54, South Avenue Road, Kamaraj Nagar, Thiruvanmiyur, Chennai, Chennai, Tamil Nadu-600041.                                                                        Sasikala Ramalingam, Flat No.14, H54, South Avenue Road, Kamaraj Nagar, Thiruvanmiyur, Chennai, Chennai, Tamil Nadu-600041.                                                                        Vijay Chandar, Flat No.14, H54, South Avenue Road, Kamaraj Nagar, Thiruvanmiyur, Chennai, Chennai, Tamil Nadu-600041.                                                                        Aarthi, Flat No.15, H54, South Avenue Road, Kamaraj Nagar, Thiruvanmiyur, Chennai, Chennai, Tamil Nadu-600041.                                                                        A Frank Jennings, Flat No.16, H54, South Avenue Road, Kamaraj Nagar, Thiruvanmiyur, Chennai, Chennai, Tamil Nadu-600041.                                                                        Saranya Ravindran, Flat No.17, H54, South Avenue Road, Kamaraj Nagar, Thiruvanmiyur, Chennai, Chennai, Tamil Nadu-600041.                                                                        Chitra, Flat No.18, H54, South Avenue Road, Kamaraj Nagar, Thiruvanmiyur, Chennai, Chennai, Tamil Nadu-600041.                                                                        Dominic Prakash, Flat No.19, H54, South Avenue Road, Kamaraj Nagar, Thiruvanmiyur, Chennai, Chennai, Tamil Nadu-600041.                                                                        Ramakrishnan, Flat No.20, H54, South Avenue Road, Kamaraj Nagar, Thiruvanmiyur, Chennai, Chennai, Tamil Nadu-600041.                                                                        Abilash Cyril Zacharish, Flat No.21, H54, South Avenue Road, Kamaraj Nagar, Thiruvanmiyur, Chennai, Chennai, Tamil Nadu-600041.                                                                        Rama, Flat No.22, H54, South Avenue Road, Kamaraj Nagar, Thiruvanmiyur, Chennai, Chennai, Tamil Nadu-600041.                                                                        K Pradeep, Flat No.23, H54, South Avenue Road, Kamaraj Nagar, Thiruvanmiyur, Chennai, Chennai, Tamil Nadu-600041.                                                                        Senthilkumaran, Flat No.23, H54, South Avenue Road, Kamaraj Nagar, Thiruvanmiyur, Chennai, Chennai, Tamil Nadu-600041.                                                                        Alageswari, Flat No.24, H54, South Avenue Road, Kamaraj Nagar, Thiruvanmiyur, Chennai, Chennai, Tamil Nadu-600041.                                                                        Shenbaghalakshmi R S, Flat No.24, H54, South Avenue Road, Kamaraj Nagar, Thiruvanmiyur, Chennai, Chennai, Tamil Nadu-600041.                                                                        Amudha V, Flat No.24, H54, South Avenue Road, Kamaraj Nagar, Thiruvanmiyur, Chennai, Chennai, Tamil Nadu-600041.                                                                        Vinodhini Karthik, Flat No.24, H54, South Avenue Road, Kamaraj Nagar, Thiruvanmiyur, Chennai, Chennai, Tamil Nadu-600041.                                                                        Rama Suresh, Flat No.24, H54, South Avenue Road, Kamaraj Nagar, Thiruvanmiyur, Chennai, Chennai, Tamil Nadu-600041.                                                                        Rama Ramesh, Flat No.2, H54, South Avenue Road, Kamaraj Nagar Thiruvanmiyur, Chennai, Chennai, Tamil Nadu-600041.                                                                        Swaminathan Venkataramani, Flat No.13, H54, South Avenue, Kamaraj  Nagar, Thiruvanmiyur, Chennai, Chennai, Tamil Nadu-600041.","Project Name: BLUEMOON SEA BREEZERegistration of Stilt floor+ 5 floors Residential Building with 35 Dwelling units at Door No. H 54, South Avenue Road, Kamaraj Nagar, Thiruvanmiyur comprised in Old S.No.78/4,5,16pt and T.S.No.71, Block No.40, of Thiruvanmiyur Village, Chennai District.","CMDA issued Planning permission No. OL-PP/NHRB/0076/2026 in Letter No.  CMDA/PP/NHRB/S/0543/2025 dated 20/02/2026. Greater Chennai Corporation issued Building permission in Letter No. CEBA/WDCN13/00092/2026 dated 17/03/2026.","31.03.2028","Promoter Details                                                                     Project Details                                                                     Location of Site: Latitude-12.981759;Longitude-80.257256;","",""
"172","TNRERA/29/BLG/0172/2026                                 dated 16-05-2026","M/s.ANIRUDH FOUNDATION PRIVATE LIMITED, Plot No.4/10,Lakshmi Nagar,10th Street, Nanganallur, CHENNAI, Chennai, Tamil Nadu-600061.                                                                        ARVIND, Plot No.C-17, Door No.15/12, 5th Main Road, Nanganallur, CHENNAI, Chennai, Tamil Nadu-600061.                                                                        B SHEKAR, Plot No.C-17, Door No.15/12, 5th Main Road, Nanganallur, CHENNAI, Chennai, Tamil Nadu-600061.                                                                        D SEKAR, Plot No.C-17, Door No.15/12, 5th Main Road, Nanganallur, CHENNAI, Chennai, Tamil Nadu-600061.                                                                        S RAJESWARI, Plot No.C-17, Door No.15/12, 5th Main Road, Nanganallur, CHENNAI, Chennai, Tamil Nadu-600061.                                                                        S REVATHY, Plot No.C-17, Door No.15/12, 5th Main Road, Nanganallur, CHENNAI, Chennai, Tamil Nadu-600061.                                                                        G DHARMARAJA SUBRAMANIAN, Plot No.C-17, Door No.15/12, 5th Main Road, Nanganallur, CHENNAI, Chennai, Tamil Nadu-600061.                                                                        Y KRISHNAMBAL, Plot No.C-17, Door No.15/12, 5th Main Road, Nanganallur, CHENNAI, Chennai, Tamil Nadu-600061.                                                                        R KRISHNAN, Plot No.C-17, Door No.15/12, 5th Main Road, Nanganallur, CHENNAI, Chennai, Tamil Nadu-600061.                                                                        S SURESH, Plot No.C-17, Door No.15/12, 5th Main Road, Nanganallur, CHENNAI, Chennai, Tamil Nadu-600061.                                                                        M PADMAPRIYA, Plot No.C-17, Door No.15/12, 5th Main Road, Nanganallur, CHENNAI, Chennai, Tamil Nadu-600061.                                                                        V MAHADEVAN, Plot No.C-17, Door No.15/12, 5th Main Road, Nanganallur, CHENNAI, Chennai, Tamil Nadu-600061.                                                                        R GANESAN, Plot No.C-17, Door No.15/12, 5th Main Road, Nanganallur, CHENNAI, Chennai, Tamil Nadu-600061.                                                                        R V RAGHAVAN, Plot No.C-17, Door No.15/12, 5th Main Road, Nanganallur, CHENNAI, Chennai, Tamil Nadu-600061.                                                                        R VENKATARAMANI, Plot No.C-17, Door No.15/12, 5th Main Road, Nanganallur, CHENNAI, Chennai, Tamil Nadu-600061.                                                                        M RAGHAVI, Plot No.C-17, Door No.15/12, 5th Main Road, Nanganallur, CHENNAI, Chennai, Tamil Nadu-600061.                                                                        K SIVAJOTHI, Plot No.C-17, Door No.15/12, 5th Main Road, Nanganallur, CHENNAI, Chennai, Tamil Nadu-600061.                                                                        S LAKSHMIPRABHA, Plot No.C-17, Door No.15/12, 5th Main Road, Nanganallur, CHENNAI, Chennai, Tamil Nadu-600061.                                                                        V SRIPRIYA, Plot No.C-17, Door No.15/12, 5th Main Road, Nanganallur, CHENNAI, Chennai, Tamil Nadu-600061.                                                                        A SUBRAMANIAM, Plot No.C-17, Door No.15/12, 5th Main Road, Nanganallur, CHENNAI, Chennai, Tamil Nadu-600061.","Project Name: AANIRUDH JAGATHGURURegistration for Proposed Construction of a Stilt Floor(Parking) + 5 Floors Residential Building with 15 dwelling units at Plot No.C-17 comprised in Old S. No: 39/2 and T.S. No: 3, Block No.19, Ward B of Nanganallur Village, Chennai District.","The Assistant Planner, CMDA Chennai district issued Planning Permission No.OL-PP/NHRB/0100/2026 in letter no. CMDA/PP/NHRB/S/1052/2025 dated 04.03.2026.Greater Chennai Corporation issued Building Permission No. CEBA/WDCN12/00126/2026 dated 25.03.2026.","03.05.2032","Promoter Details                                                                     Project Details                                                                     Location of Site: Latitude-12.982313;Longitude-80.187037;","",""
"173","TNRERA/11/BLG/0173/2026                                 dated 18-05-2026","M/s.ARTIN BUILDERS INDIA PRIVATE LIMITED, Door No.12/3, Artin Avenue, Kamaraj Road, Mahalingapuram, Pollachi, Coimbatore, Tamil Nadu-642002.","Project Name: ARTIN LUXURY ABODERegistration for Residential Apartment Building Stilt Floor + Fifth Floor with 20 Dwelling Units Comprised in T.S.No.6/2, Block No.16, Ward - H,  Pollachi Municipality, PollachiI Taluk, Coimbatore District.","The Joint Director, T&CP, Coimbatore District issued planning permission in Letter No.SWP/BPA/708556/2025 dated 17/12/2025. The Commissioner, Pollachi Municipality issued building permission in Letter No.076/BL/2026/00003 dated 05/01/2026.","01.01.2031","Promoter Details                                                                     Project Details                                                                     Location of Site: Latitude-103957.8;Longitude-770122.2;","",""
"174","TNRERA/29/BLG/0174/2026                                 dated 21-05-2026","M/s.Sivarams Homes Preetha Foundation, Flat No.G1, Door No.GR Phase 3B, Plot No.81/2, Ground Floor, VGP Pushpa Nagar, Chennai Village , Chennai - 600100, Chennai, Tamil Nadu-","Project Name: Sivarams Homes Preetha Foundation's BethelRegistration for Stilt floor + 5 floors Residential Building with 15 dwelling units at Plot No.16 & 18, AGS Colony 2nd Main Road, Velachery, comprised in Old S.No.609/1 (Document) and T.S.No.44, Block No.151 of Velachery Village, Chennai District.","CMDA issued Planning Permission No: OL-PP/NHRB/0315/2025 in Lr No: CMDA/PP/NHRB/S/0145/2025 dated 02/08/2025. Greater Chennai Corporation issued building permission in Lr No: CEBA/WDCN13/00383/2025 dated 27/09/2025.","01.08.2030","Promoter Details                                                                     Project Details                                                                     Location of Site: Latitude-12.97877168744343;Longitude-80.2095033783;","",""
"175","TNRERA/11/BLG/0175/2026                                 dated 21-05-2026","REVANTHA SERVICES PRIVATE LIMITED, Door No.34A, KAMARAJ ROAD, Coimbatore, Tamil Nadu-641018.","Project Name: REVANTHA SKYDENRegistration for Stilt Floor + 5 Floors with 24 Dwelling Units comprised in Survey No. 246/2A2 of Approved Layout No.LP/DTP No. 1093/93 – Amalgamation of Site No. 79,80,81,82 of Kalapatti (West) Village, Coimbatore North Taluk, Coimbatore District.","The Joint Director, T&CP, Coimbatore District, issued Planning Permission No.894/2025 in Application No. SWP/BPA/705062/2025, Dated 10/12/2025. The Commissioner, Coimbatore Corporation, issued Building Permission in Letter No. 162/BL/2026/02/008/00078, Dated 20/01/2026.","31.07.2027","Promoter Details                                                                     Project Details                                                                     Location of Site: Latitude-110348.8;Longitude-770128.7;","",""
"176","TNRERA/11/BLG/0176/2026                                 dated 21-05-2026","M/s.RR HOUSING INDIA PRIVATE LIMITED, Door No.26,   RR Sai Complex, Amsa Layout, R.S.Puram, Coimbatore, Tamil Nadu-641002.","Project Name: RR IYALRegistration for Basement Floor + Stilt Floor + 5 Floors Residential Building with 60 Dwelling Units comprised in Old S.F.No.504/1 pt, T.S. No: 4/4, Ward AD, Block No. 12, Uppilipalayam Village, Coimbatore South Taluk, Coimbatore District.","The Joint Director,T&CP, Coimbatore District issued Planning Permission No.255/2026 in Application No. SWP/BPA/751234/2026, Dated 20/03/2026. The Commissioner, Coimbatore corporation issued Building Permission in Letter No. 162/BL/2026/02/061/00663, Dated 11/05/2026.","31.10.2028","Promoter Details                                                                     Project Details                                                                     Location of Site: Latitude-10.995691;Longitude-76.017357;","",""
"177","TNRERA/11/BLG/0177/2026                                 dated 21-05-2026","M/s.TNCD LLP, Plot No.TS No 114/2, Kamaraj Road, Uppilipalayam Village , Coimbatore, Taluk.Coimbatore South Taluk, Coimbatore, Tamil Nadu-641015.","Project Name: CENTRAL CITYRegistration for Basement+ Stilt+5 Floors RCC Residential Apartment Building (Affordable Housing) with 80 Dwelling units comprised in S.FNo: 279/3A, Kalapatty West Village, Coimbatore Corporation, Coimbatore North Taluk, Coimbatore District.","The Joint Director, DTCP, Coimbatore issued planning permission in P.P.No.154/2026 vide  Letter No.  SWP/BPA/714016/2025  dated 19/02/2026. The Commissioner, Coimbatore City Municipal Corporation issued building permission in Letter No. 162/BL/2026/02/008/00587 Dated 18/04/2026.","30.04.2031","Promoter Details                                                                     Project Details                                                                     Location of Site: Latitude-11.068441;Longitude-77.034944;","",""
"178","TNRERA/29/BLG/0178/2026                                 dated 21-05-2026","M/s.ESCAPADE SERVICES LLP, No.25, Ganapathy Colony 3rd Street, Chennai, Tamil Nadu-600018.","Project Name: Arihant VenturaRegistration for High Rise Building (HRB) consisting of Block 1: Extended Basement floor (Pit parking, STP Pump room) + Stilt floor (2 level Mechanical puzzle parking) + 1st floor to 7 floors for IT/ITES Building and Block 2: Ground floor Utility Building (Meter Room, Generator Room & Driver’s toilet) at Developed Plot No.29 (NP), TANSIDCO Industrial Estate, Guindy comprised in T.S.No.14/29, Block No.2 of Alandur Guindy Village, Guindy Taluk, Chennai District.","CMDA issued Planning Permission No.OL-PP/HRB/0029/2025 in Letter No.CMDA/PP/HRB/S/0766/2024 dated 03/07/2025. Greater Chennai Corporation issued Building Permission in Letter No.CEBA/WDCN13/00297/2025 dated 17/07/2025.","31.03.2027","Promoter Details                                                                     Project Details                                                                     Location of Site: Latitude-13.025206;Longitude-80.208293;","",""
"179","TNRERA/16/BLG/0179/2026                                 dated 21-05-2026","Morais Developers Private Limited, Door No.24D, Mahalakshmi Nagar, K Sathanoor Village , K K Nagar, Taluk.Trichy East, Tiruchirappalli, Tamil Nadu-620021.","Project Name: MORAIS BLISSRegistration for Stilt Floor + 5 Floors with 46  Dwelling units comprised in Survey Number 205/8C1A1E, 205/8C1A1C, 205/10, 208/1A2A1A3 & 208/1A2B1A1A2, Plot No. 360 & 360A at Morais City Extension - I, Keelakurichi Village & Panchayat, Thiruverumbur Panchayat Union, Thiruverumbur Taluk, Tiruchirappalli District.","The Joint Director, DTCP, Tiruchirappalli District issued planning permission in P.P.No.179/2025 vide  Letter No. SWP/BPA/660854/2025, Dated 18/12/2025. The Special Officer / Executive Officer, Thiruverumbur Block Panchayat  issued building permission in Letter No.SWP/BPA/660854/2025 Dated 28/04/2026.","27.01.2031","Promoter Details                                                                     Project Details                                                                     Location of Site: Latitude-10.755876;Longitude-78.723825;","",""
"180","TNRERA/11/BLG/0180/2026                                 dated 21-05-2026","M/s.Sri Gujan Builder and Developers, Flat No.SITE NO. 1 AND 12, BHARGAVA TOWER, DR. NIRMALARANI GARDEN, MARUTHAMALAI MAIN ROAD,, Coimbatore Village , Coimbatore - 641041, Coimbatore, Tamil Nadu-                                                                       E.Narmadha, Plot No.16, Senthil Nagar, Samganoor Road, Coimbatore North Village , Coimbatore - 641006, Coimbatore, Tamil Nadu-                                                                       -, Plot No.-, -, - Village , -, Coimbatore, Tamil Nadu--.","Project Name: GUJANS PARIPALANA PHASE IV BLOCK - 4Registration for Affordable Residential Apartment Building with Stilt + 5 floors with 24 Dwelling units at  Plot Nos: 8W, 9, 10, 11W comprised in S.No. 144/6, 144/9, 144/11, 144/19, 144/14A1A1B, 144/14A1A2 of  Madampatti Village, Coimbatore District.","The Joint Director, T&CP, Coimbatore District issued planning permission in  P.P.No. 173/2025 vide Letter No. SWP/BPA/480701/2025, Dated 28/03/2025.The President, Madampatti Village Panchayat  issued building permission in Letter No. 14, Dated 30/04/2025.","27.03.2033","Promoter Details                                                                     Project Details                                                                     Location of Site: Latitude-10.939212;Longitude-76.865723;","",""
"181","TNRERA/29/BLG/0181/2026                                 dated 21-05-2026","M/S RAMS REAL ESTATES LIMITED, Door No.6/13, Equinox, Block 2, Plot No.2nd Floor, North Avenue, KESAVAPERUMALPURAM, RAJA ANNAMALAIPURAM Village , CHENNAI, Taluk.MYLAPORE, Chennai, Tamil Nadu-600028.                                                                        MrS BHAGAVATHI MURUGARAJU, Flat No.A1 APOLLO TWINS APARTMENT, Door No.119, PERIYAR PATHAI, CHOOLAIMEDU Village , CHENNAI, Chennai, Tamil Nadu-600094.                                                                        MAHALINGAM RAJU, Door No.83, PUMP ROOM ROAD KARAMBUR, KARUNILAM Village , CHENGALPET, Chengalpattu, Tamil Nadu-603204.                                                                        U AYUB KHAN, Door No.98, VTH BLOCK 11TH STREET, ANNA NAGAR Village , CHENNAI, Chennai, Tamil Nadu-600040.                                                                        BABY JANAKI RATNA, Door No.6/18, VARGHESE AVENUE, ASHOK NAGAR Village , CHENNAI, Chennai, Tamil Nadu-600083.                                                                        MOHAMED MASOOD V H M, Door No.1748, PETTAI THENVADAI STREET PETTAI, KADAYANALLUR Village , THIRUNELVELI, Tirunelveli, Tamil Nadu-627751.                                                                        DR V ANAND, Door No.51/16, EKAMBARANATHAR SANNATHI STREET, KANCHIPURAM, Kancheepuram, Tamil Nadu-631502.                                                                        V ARUNACHALAM, Door No.57, DWARAKA KONGU NAGAR, KALAPATTI Village , COIMBATORE, Coimbatore, Tamil Nadu-641048.                                                                        M G NAAGESH, Door No.6/2 SRI RAMAR STREET, DEVARAJ NAGAR, SALIGRAMAM Village , CHENNAI, Chennai, Tamil Nadu-600093.                                                                        D B GOPINATH, Door No.5, JANAKIRAM NAGAR 3RD CROSS STREET, PERUNGUDI Village , CHENNAI, Chennai, Tamil Nadu-600096.                                                                        VIJIKRISHNAN, Door No.16/11, 2ND LINK STREET, CIT COLONY MYLAPORE Village , CHENNAI, Chennai, Tamil Nadu-600004.","Project Name: RAMS APOLLORegistration for  Stilt Floor + 2Floors + 3rd Floor part (Height 12.30m) Residential Building with 14 dwelling units at Old Door No.119, New Door No. 53, Periyar Pathai, Choolaimedu, Chennai, comprised in T.S. No.78, Block No. 1 of Puliyur village, Egmore  Taluk within the limits of Greater Chennai Corporation, Chennai District.","CMDA  issued planning permission in P.P.No.OL-PP/NHRB/0062/2026 vide Letter No. CMDA/PP/NHRB/C/0966/2025  Dated 12-02-2026. Greater Chennai Corporation issued building permission in Letter No. CEBA/WDCN08/00069/2026, Dated 24/02/2026.","31.12.2029","Promoter Details                                                                     Project Details                                                                     Location of Site: Latitude-13.05858;Longitude-80.21407;","","Change of Project Bank A/c No: Collection A/c No.44948793710, Separate A/c No.44948791258"
"182","TNRERA/29/BLG/0182/2026                                 dated 21-05-2026","TNUHDB, Division VII, teynampet, Taluk.Mambalam, Chennai, Tamil Nadu-600018.","Project Name: Appavoo Nagar & Subbupillaithottam Phase-IRegistration for High Rise Group Development building consisting of 4 Blocks, Block 1:Stilt floor + 6 floors with 120 dweliing units; Block 2: Stilt floor + 6 floors with 120 dwelling units; Block 3:Stilt floor + 6 floors with 114 dwelling units Block 4:Stilt floor + 6 floors with 72 dwelling units (Totally 426 dwelling units) Residential Building at Appavoo Nagar & Subbupillaithottam Phase-I, Mambalam, Chennai in Old Survey No.3/1 pt, T.S.No.3/3, Block No.29 of Mambalam Village, Mambalam Taluk, Chennai District.","CMDA issued Planning Permission No.PC/HRB/01 (A to J)/2025 in Letter No.C3(S)/292/2023 dated 07/01/2026. Greater Chennai Corporation issued Building permission in Letter No.CEBA/WDCN13/00080/2026 dated 24/02/2026.","23.02.2031","Promoter Details                                                                     Project Details                                                                     Location of Site: Latitude-40.7600000;Longitude-73.9840000;","",""
"183","TNRERA/29/BLG/0183/2026                                 dated 21-05-2026","M/s.CASAGRAND PREMIER BUILDER LIMITED, New No.111, Old No. 59 , NPL Devi, L B Road, Thiruvanmiyur, Chennai - 600041, CHENNAI, Chennai, Tamil Nadu-600041.","Project Name: CASAGRAND AQUAGROVERegistration for Proposed construction of High Rise Group Development with Extended 2nd Basement Floor for Block – 1, Combined Extended 1st Basement Floor for Block – 1,2 & 3; Block 1: Ground Floor + 26 Floors (188 Dwelling Units), Block 2: Ground Floor + 26 Floors (188 Dwelling Units), Block 3: Ground Floor + 28 Floors (168 Dwelling Units) with Club House at Ground Floor and Open Swimming Pool, (Totally 544 Dwelling Units), Ambattur Puzhal Main Road, Chennai  Comprised in Survey Nos: 48/1A1B, 49/1A, 50/1A1, 50/1A2, 50/1B, 50/1C, 50/2A, 50/2B, 52/1A, 52/1B, 52/2A, 52/2B, 52/3A, 52/3B, 52/4B1, 52/4B2, 52/4B3 & 53/3A of Soorapattu Village, Madhavaram Taluk, Chennai District.","CMDA, Planning Permission No. OL-PP/HRB/0020/2026 and Permit No. OL-03071 issued in letter No.CMDA/PP/HRB/N/0771/2025 dated 12/05/2026. Greater Chennai Corporation issued Building Permit No. CEBA/WDCN03/00195/2026 dated 14/05/2026.","12.06.2030","Promoter Details                                                                     Project Details                                                                     Location of Site: Latitude-13.152897;Longitude-80.193483;","",""
"184","TNRERA/29/BLG/0184/2026                                 dated 21-05-2026","GAZY MAG PRIVATE LIMITED, New No.111, Old No. 59 , NPL Devi, L B Road, Thiruvanmiyur, Chennai - 600041, CHENNAI, Chennai, Tamil Nadu-600041.","Project Name: CASAGRAND VIENNARegistration for Proposed construction of High-Rise Group Development Residential building consist of 4 Blocks with Extended cum Combined double basement floors (meant for parking & Pump room); Block-1 : Ground floor (part)/Stilt floor(part) + 1st floor to 10th floor + 11th floor with 77 dwelling units with Swimming pool at terrace floor level; Block-2:Ground floor + 1st floor to 5th floor with 9 dwelling units, Block-3: Ground floor + 1st floor & 2nd Floor with 6 dwelling units, Block-4: Ground floor + 1st floor to 5th floor with 6 dwelling units, totally 98 dwelling units abuttingat Lattice bridge High Road Comprised in New T.S.No:2/183, 2/184,2/185 & 2/186 (old T.S.No:2/5, 2/9, 2/159 &2/160) (Old.s.nos:64part, 66/1part, 67/1part, 71/1part, 72part & 73part) in Block No. 22 of Urur village, Velachery taluk, Chennai District.","The Assistant Planner, CMDA Chennai district issued Planning Permission No.OL-PP/NHRB/0018/2026 in letter no. CMDA/PP/HRB/S/0163/2026 dated 12/05/2025.Greater Chennai Corporation, issued building Permission letter no. CEBA/WDCN13/00194/2026 dated 15/05/2026.","12.12.2029","Promoter Details                                                                     Project Details                                                                     Location of Site: Latitude-13.001997;Longitude-80.257046;","",""
"185","TNRERA/29/BLG/0185/2026                                 dated 23-05-2026","M/S. KCEE PROPERTIES PRIVATE LIMITED, Door No.8/19, FIRST FLOOR, 2ND STREET, RAGHAVAN COLONY, ASHOK NAGAR Village , Chennai, Tamil Nadu-600083.                                                                        CHITRA KAILASH, Flat No.G1, 55TH STREET, ASHOK NAGAR, Chennai, Tamil Nadu-600083.                                                                        K RAJAGOPALAN, Flat No.G1, 55TH STREET, ASHOK NAGAR, Chennai, Tamil Nadu-600083.                                                                        PADMA KRISHNAMURTHY, Flat No.G1, 55TH STREET, ASHOK NAGAR, Chennai, Tamil Nadu-600083.                                                                        VARALAKSHMI MEKALAI, Flat No.4, Door No.52/72, 53RD STREET, ASHOK NAGAR, Chennai, Tamil Nadu-600083.                                                                        MARAGATHAVALLI, Door No.46/22, 4TH AVENUE,ASHOK NAGAR, Chennai, Tamil Nadu-600083.                                                                        M S SRIVIDHYA, Door No.46/22, 4TH AVENUE,ASHOK NAGAR, Chennai, Tamil Nadu-600083.                                                                        N S VENKATARAMANAN, Door No.16/17, 1ST STREET, PARAMESWARI NAGAR, ADYAR, CHENNAI, Chennai, Tamil Nadu-600020.                                                                        M S SRIKANTH, Flat No.G5, 55TH STREET, ASHOK NAGAR, Chennai, Tamil Nadu-600083.","Project Name: KCEE KALPAVRIKSHARegistration of Stilt Floor + 5 Floors Residential Building with 9 Dwelling Units at Door No.3/F1 to 3/F6, G Block, 55th Street,Ashok Nagar, comprised in T.S. No.8/7, Block No.71 of Kodambakkam(part 2) Village, Mambalam Taluk, Chennai District.","CMDA issued Planning permission No. OL-PP/NHRB/0018/2026 in Letter No. CMDA/PP/NHRB/C/0823/2025 dated 13/01/2026. Greater Chennai Corporation issued Building permission  in Letter No. CEBA/WDCN10/00049/2026 dated 14/02/2026.","31.01.2030","Promoter Details                                                                     Project Details                                                                     Location of Site: Latitude-13.032018;Longitude-80.213017;","",""
"186","TNRERA/29/BLG/0186/2026                                 dated 27-05-2026","M/s ANUGRAGHA BUILDERS, Plot No.858 & 860, SAI ELINAA, PLOT NO 858 & 860, 5TH MAIN ROAD, RAM NAGAR SOUTH, MADIPAKKAM, CHENNAI 600 091, MADIPAKKAM Village , Chennai, Tamil Nadu-","Project Name: SAI PRESTIGERegistration for developer share of flats No.1B, 2A, 2B, 4A, 5B (Total 5 Flats) with Stilt Floor + 5 Floors with 10 dwelling units at Plot No.439 & 440, 2nd Main Road, Kamakoti Nagar, Pallikaranani comprised in S.No.645/12 & 645/22 of Pallikaranai Village within the limit of Greater Chennai Corporation Chennai District.","CMDA Planning Permission No. OL-PP/NHRB/0221/2025 issued in Letter No. CMDA/PP/NHRB/S/0333/2025 dated 13/06/2025. The Greater Chennai Corporation, issued Building Permission No. CEBA/WDCN14/00305/2025 dated 21/07/2025.","31.12.2030","Promoter Details                                                                     Project Details                                                                     Location of Site: Latitude-125623.7;Longitude-801249.7;","",""
"187","TNRERA/35/BLG/0187/2026                                 dated 27-05-2026","M/s.SHRIPROP STRUCTURES PVT LTD, lAKSHMI NEELA RITE CHOICE CHAMPER, NO.9, BAZZULLAH ROAD, T.NAGAR,, Chennai, Tamil Nadu-600017.","Project Name: SHRIRAM GREEN MEADOWSRegistration for Tower - 8; Stilt Floor + 7 Floors with 112 Dwelling Units and Tower 27: Stilt Floor + 7 Floors with 112 Dwelling Units; Totally 224 dwelling Units Comprised in S.No.16/4A, 4B; 65/4, 5A, 5B; 76/4, 5; 77/1A, 1B, 2B, 2C1, 2C2, 3A, 3B; 78/1, 2; 79/1, 2; 80/1, 2; 81/1, 2; 82; 83; 85; 86/1B, 1C, 2A, 2B; 87/1A, 1B1, 1B2, 2A, 2B, 2C; 88/1, 2, 3; 89/2, 3A, 3B, 3C, 4A, 4B; 90; 95/4, Perumattunallur Village, Vandalure Taluk, Chengalpattu District.","The Deputy Director, T&CP, Chengalpattu District issued planning permission in Letter No.783/2012/C.D.3 dated 08/12/2014.  The President, Perumattunallur panchayat, kattankolathur panchayat Union issued building permission in Letter No.25(4) 2024-2025 dated 11/12/2024.","27.10.2030","Promoter Details                                                                     Project Details                                                                     Location of Site: Latitude-12.814055;Longitude-80.081573;","",""
"188","TNRERA/29/BLG/0188/2026                                 dated 27-05-2026","M/s.RAMANIYAM REALTORS LLP, Door No.14/67, III Main Road, Gandhi Nagar, Adyar,, Chennai - 600020, Chennai, Tamil Nadu-                                                                       ., Mumbai suburba, Maharashtra-                                                                       ., Chennai, Tamil Nadu-                                                                       ., Chennai, Tamil Nadu-                                                                       Mumbai suburba, Maharashtra-                                                                       ., Chennai, Tamil Nadu-                                                                       ., Chennai, Tamil Nadu-                                                                       ., Chennai, Tamil Nadu-                                                                       ., Chennai, Tamil Nadu-                                                                       ., Mumbai City, Maharashtra-                                                                       ., Palakkad, Kerala-                                                                       ., Palakkad, Kerala-                                                                       ., Chennai, Tamil Nadu-                                                                       ., Chennai, Tamil Nadu-                                                                       ., Chennai, Tamil Nadu-                                                                       ., Chennai, Tamil Nadu-                                                                       ., Chennai, Tamil Nadu-                                                                       ., Bangalore Rural, Karnataka-                                                                       ., Chennai, Tamil Nadu-                                                                       ., Chengalpattu, Tamil Nadu-                                                                       ., Chennai, Tamil Nadu-                                                                       ., Chennai, Tamil Nadu-                                                                       ., Chennai, Tamil Nadu-                                                                       ., Chennai, Tamil Nadu-","Project Name: RAMANIYAM ANANTIYARegistration for Promoter share of Flat Nos.202, 302, 402, 103, 203, 403, 503, 803, 104 (9 Flats) in the High Rise Building (HRB) consisting of Stilt floor + 9 Floors Residential Building with 30 Dwelling units of height 30.0m abutting Gandhi Nagar First Main road, along with Durga bai Desh Mukh Road, Adyar,Chennai, comprised in Plot No.161, Door No. 107/49, Old S.No: 49 /1 Part, R.S No.40 as per document and T.S.No.40 as per Patta, Block No.1 of Urur Village, Velachery Taluk, within the limit of Greater Chennai Corporation, Chennai District.","The CMDA issued planning permission No.OL-PP/HRB/0013/2026 in Letter No.CMDA/PP/HRB/S/0265/2025 dated 02/04/2026. The Greater Chennai Corporation issued building permission in Letter No.CEBA/WDCN13/00161/2026 dated 13/04/2026.","31.12.2029","Promoter Details                                                                     Project Details                                                                     Location of Site: Latitude-13.00860;Longitude-80.25870;","",""
"189","TNRERA/20/BLG/0189/2026                                 dated 02-06-2026","Southern Buildcon Private Limited, Door No.Plot No 5 RS No 225/1B1B Shop 2,, Moovendar Nagar 2nd Street,, Madurai North Village , Madurai, Madurai, Tamil Nadu-625014.                                                                        BEKAE PROPERTIES PRIVATE LIMITED, 603 KESHAVA 6TH FLOOR, BANDRA KURLA COMPLEX, BANDRA Village , BANDRA (E), Bhandara, Maharashtra-400051.                                                                        SOURA CAPITAL PRIVATE LIMITED, KOTHARI BUILDINGS 4TH FLOOR, 114, MAHATMA GANDHI SALAI, NUNGAMBAKKAM Village , Chennai, Tamil Nadu-600034.","Project Name: BVK BrindhavanRegistration for High Rise building with Residential cum Commercial units with  Block 1: Stilt Floor Cum Ground Floor + 9 Floors (Ground + 2 Floors Commercial space and  7 Floors residential flats with  14 Nos dwelling units) , Block 2: Stilt + 9 Floors Residential flats 43  Dwelling units  (Total 57 Flats +3 Commercial space) Total 60 dwelling  units Bibikulam Village, Madurai North Taluk, Madurai District.","The Assistant Director, DTCP, Madurai   issued planning permission in  P.P.No.22/2026 vide Letter No.  SWP/BPA/0347048/2024   Dated 19.01.2026 . The Assistant Executive Engineer, Madurai City Municipal Corporation issued building permission in Letter No. 115/CP/25-26/0136030 Dated 09/04/2026.","08.04.2031","Promoter Details                                                                     Project Details                                                                     Location of Site: Latitude-9.950309;Longitude-78.125757;","",""
"190","TNRERA/29/BLG/0190/2026                                 dated 02-06-2026","M/s. JMB Construction and Infrastructure LLP, 55, R Block, 6th Avenue, Anna Nagar, Chennai, Tamil Nadu-600040.","Project Name: JMB ALAYA changed to JMB RRM ALAYARegistration of Stilt floor (Parking) + 5 floors Residential Building with 10 dwelling units comprised in Old S.No. 8124/1, T.S.No. 8124/3 & 8124/5, Block No: 107, of Theyagarayar Nagar Village, Chennai District.","CMDA issued Planning permission No. OL-PP/ NHRB/ 0104/ 2026 in Letter No. CMDA/ PP/ NHRB/ C/ 0811/ 2025 dated 06-03-2026. The Greater Chennai Corporation issued Building permission  in Letter No:CEBA/ WDCN09/ 00135/ 2026 dated 26/03/2026.","31.03.2028","Promoter Details                                                                     Project Details                                                                     Location of Site: Latitude-10.98597;Longitude-50.986478;","",""
"191","TNRERA/29/BLG/0191/2026                                 dated 04-06-2026","M/s. SHRIRAM PROPERTIES LIMITED, Lakshmi Neela Rite Choice Chamber 1st Floor, New No.9, Bazullah Road, T.Nagar, Chennai, Tamil Nadu-600017.","Project Name: SHRIRAM STELLARRegistration of Extended Double Basement floor (Parking) + Ground floor (BMS Room, Association Room, ATM,Badminton court (Double floor height), Squash court ( Double floor height), Commercial space (Shop) + FirstFloor (Multipurpose Hall, Mini Theatre, SPA & Saloon, Yoga & Aerobics, Indoor Games, Business Centre room,Pre Function area) + 2nd floor to 16 floors Residential Building with 135 Dwelling Units at Poonamallee HighRoad, Old Survey No. 152 part, 153/3 part, T.S.No.2/1, Ward No.- 001, Block No 35 of Koyambedu Village,Aminjikarai Taluk, Chennai District.","CMDA issued Planning permission No. OL-PP/HRB/0017/2026 in Letter No. CMDA/PP/HRB/S/0864/2025 dated 12/05/2026.  The Greater Chennai Corporation issued Building permission in Letter No. CEBA/WDCN10/00207/2026 dated 20/05/2026.","22.10.2032","Promoter Details                                                                     Project Details                                                                     Location of Site: Latitude-801130.3;Longitude-130429.4;","",""
"192","TNRERA/35/BLG/0192/2026                                 dated 08-06-2026","M/s. Pacifica Builders Pvt Ltd , 2) M/s. Sylvanus Builders And Developers Ltd, 4 , 5 Sigma – I , behind Rajpath Rangoli Road, near Mann Party Plot , Bodakdev , Ahmedabad,, AHMEDABAD, Ahmedabad, Gujarat-380  059.","Project Name: BLISS TOWER (TOWER A1-A2)Registation for Block A1 - Lower Combined Basement Floor + Upper Combined Basement Floor + Stilt Floor + 19 Floors with 170 dwelling units , Block A2 -  Lower Combined Basement Floor + Upper Combined Basement Floor  + Stilt Floor + 19 Floors with 132 dwelling units. Comprised in S.Nos. 89/1A1A , 89/3A2 , 90/1A2 , 90/1B , 90/2A , 90/2B2A1 , 90/2B2A2 , 90/2B2B , 100/4 , 100/5 , 100/6 , 100/7 , 105 , 106/1A ,106/1B , 106/2 , 106/3 , 106/4 , 107/1, 110 , 111/2B , 112/1 , 112/ 2 , 112/ 3 , 112/4 , 112/5 , 112/6 , 112/7 , 113/3 , 113/4 , 113/5 , 117/1A , 117/1B1 , 117/1B2 , 117/2 , 117/3 , 117/4 , 123/1 , 123/2 , 124 , 125/1A , 125/1B , 125/2A , 125/2B1 , 125/2B2 , 125/3 , 127/1A , 127/1B , 127/2 , 129/1 , 129/2A , 129/2B , 129/3 , 130/1 ,  130/2 , 130/3 , 130/4 , 131, 132/1B1 , 132/1B2 , 132/1B3 , 132/2A , 132/2B , 132/3A , 132/3B1 , 132/3B2 , 132/4 , 133/1B1A , 133/1B1B , 145/1 , 145/2 , 145/3 , 145/4 , 146 , 147/1A1 , 147/1A2 , 147/1B , 147/2A , 147/2B , 148/1 , 148/2 , 148/3 , 148/4A , 148/4B , 148/5 , 149 , 150 , 151 , 152/1 , 152/2 , 153/1A , 153/1B1 , 153/1B2 , 153/2 , 154/1A , 154/1B , 154/2 , 155/1 , 155/2 , 155/3 , 172/1, 172/2 , 173/1 , 173/2A , 173/2B , 174/1 , 174/2 , 174/3A , 174/3C , 175 , 176/1 ,  176/2A , 176/ 2C , 176/3A , 176/3C , 176/4A , 176/4C , 176/5A ,  176/5C , 177/1 , 177/2A , 177/2C , 177/3 , 178/1A , 178/1C , 178/2A , 178/2B1 , 179 , 180/1 , 180/2A , 180/2B , 180/3A , 180/3C , 180/4A , 180/4C , 180/5A , 180/5B , 180/6 , 181/1 , 182/1 , 182/2A , 183/1 , 183/ 2 , 183/3 , 183/4 , 183/5 , 183/6A1 , 184/1A1 , 184/1A3 , 184/3A , 185/1 , 186 , 187 , 188 , 189/1 , 189/ 2A , 190/3A , 196/5A , 198/1 , 199/1A1 , 199/1A3 , 199/1B , 199/1C , 199/2 , 199/3 , 200 , 201/1 , 201/3 , 202/1 , 202/3 , 203 , 204 , 205 , 206/1 , 206/2 , 207/1 , 207/2A , 207/2B , 208 , 209/1 , 209/2B , 211/2A , 211/2B , 212/1 , 212/4 , 213 in Padur Village , Tiruporur  Taluk and Panchayat union and S.Nos. 198/10 , 199/5A1 , 199/5A2 in Pudupakkam Panchayat & Village , Vandalur Taluk , Chengalpattu District.","The  Assistant  Director , T&CP , Chengalpattu District  has issued revised planning permission vide letter No. SWP/BPA/041216/2023  dated 25.03.2025. The  President ,  Padur Viilage Panchayat has issued building permission vide letter No. 34/2025-2026   dated 03.09.2025.","31.12.2030","Promoter Details                                                                     Project Details                                                                     Location of Site: Latitude-124825.9;Longitude-801257.4;","",""
"193","TNRERA/29/BLG/0193/2026                                 dated 08-06-2026","M/s. HRPL Homes And Infrastructures Pvt  Ltd (Promoter)., Door No.12, 9TH AVENUE 46TH STREET ASHOK NAGAR, CHENNAI - 600  083, Chennai, Tamil Nadu-                                                                       D.Ramachandran (Land Owner), Flat No.FLAT NO. 7 , Rams Sri Krishna Apartment, Door No.43 ,, 12th Avenue, CHENNAI - 600  083, Chennai, Tamil Nadu-                                                                       P.R.Balakrishnan (Land Owner), Flat No.FLAT NO. B10, ALACRITY AASHIANA, Door No.21, VENUS COLONY, 2ND CROSS STREET, ALWARPET, CHENNAI - 600  018, Chennai, Tamil Nadu-                                                                       Vidya Balakrishnan (Land Owner), Door No.NO.118, PULIPANDIAN STREET, JAIHINDPURAM, MADURAI SOUTH, Madurai, Tamil Nadu-625  011.                                                                        D.Venkatesan (Land Owner), Flat No.FLAT NO.2 RAMS FLAT, Door No.13, 12TH AVENUE, ASHOK NAGAR, CHENNAI - 600 083, Chennai, Tamil Nadu-                                                                       R.Sathish (Land Owner), Flat No.1B, SAI RANG APARTMENTS, Door No.15, 6TH CROSS STREET, TRUSTPURAM, KODAMBAKKAM, CHENNAI - 600  024, Chennai, Tamil Nadu-                                                                       R.Alamelu (Land Owner), Flat No.1B, SAI RANG APARTMENTS, Door No.15, 6TH CROSS STREET, TRUSTPURAM, KODAMBAKKAM, CHENNAI - 600024, Chennai, Tamil Nadu-                                                                       R.Mithra (Land Owner), Flat No.15 , 1B, Door No.Sai Ranga Apartment , 6th Cross Street ,, Trustupuram , Kodambakkam, Chennai - 600 024,                                                                        C.Velan (Land Owner), Flat No.FLAT 7, RAMS FLAT, Door No.13, 12TH AVENUE, ASHOK NAGAR, CHENNAI - 600 083, Chennai, Tamil Nadu-                                                                       T.M.Parthasarathy (Land Owner), Door No.M20, THIRD STREET, TAMIL NAGAR, RAMAPURAM, CHENNAI - 600  089, Chennai, Tamil Nadu-                                                                       L.Vijayalakshmi (Land Owner), Door No.M20, THIRD STREET, TAMIL NAGAR, RAMAPURAM, CHENNAI - 600  089, Chennai, Tamil Nadu-                                                                       P.Mahalakshmi (Land Owner), Flat No.FLAT NO. 5 RAMS FLAT, Door No.13, 12TH AVENUE, ASHOK NAGAR, CHENNAI - 600  083, Chennai, Tamil Nadu-                                                                       Karpagam Narayanan (Land Owner), Door No.4, 77TH STREET, ASHOK NAGAR, CHENNAI - 600  083, Chennai, Tamil Nadu-                                                                       FLAT 7, RAMS FLAT, Chennai, Tamil Nadu-                                                                       FLAT 7, RAMS FLAT,","Project Name: HARMONY RAMPRASADRegistration for Stilt Floor + 5 Floors Residential building  with 17 dwelling units at Plot Nos. C 731 , C 732 , New Door No.11 ,Old Door No.42 & 43 , 12th Avenue , Ashok Nagar , Chennai - 600 083. Comprised in T.S.Nos.14 & 15 , Old S.Nos.274/2 Part , Block No.75  of  Kodambakkam Part - 2 Village , Mambalam Taluk , Chennai District.","The  Assistant Planner , CMDA , Chennai has issued planning permission vide letter No. CMDA/PP/NHRB/C/0110/2026   dated 07.04.2026. The Executive Engineer (T.P.) , Greater Chennai Corporation , Chennai has issued building permission vide letter No. CEBA/WDCN10/00166/2026  dated 17.04.2026.","31.12.2030","Promoter Details                                                                     Project Details                                                                     Location of Site: Latitude-13.030778;Longitude-80.209941;","",""
"194","TNRERA/29/BLG/0194/2026                                 dated 08-06-2026","M/s.LANCOR HOLDINGS LIMITED, Door No.New No.58, Old No.104, V T N Square, New No.58, Old No.104, G N Chetty Road, T Nagar, Chennai - 600 017, T Nagar Village , Chennai - 600017, Chennai, Tamil Nadu-","Project Name: “Lancor Ananya”Registration for High Rise Residential Building with extended Basement Floor (for parking use) + Stilt Floor (for parking use) + 1st Floor + 2nd Floor (for Association room & Dwelling units) + 3rd Floor to 12th Floor + 13th Floor part (for Gym & Dwelling units). Totally 48 dwelling units and Open Swimming Pool on the 13th Floor at Old No.5, New No.15, Bakthavatchalam Road (Warren Road) and Abhiramapuram 2nd Street, Mylapore, Chennai - 600004, comprised in R.S. No. 3580/4 part, New R.S No. 3580/35, (as per Patta), Block No. 71, Mylapore Village, Mylapore Taluk, Chennai District.","CMDA issued Planning Permission No. OL-PP/HRB/0008/2026 in Lr No. CMDA/PP/HRB/S/0422/2025 dated 13.03.2026. Greater Chennai Corporation issued Building Permission in CEBA/WDCN09/00141/2026 dated 27/03/2026.","31.12.2030","Promoter Details                                                                     Project Details                                                                     Location of Site: Latitude-13.034500;Longitude-80.260312;","",""
"195","TNRERA/35/BLG/0195/2026                                 dated 08-06-2026","Ms HANU HOMES, NO: 9D, JEYACHANDRAN NAGAR 3RD MAIN ROAD, JALLADIYANPET, MEDAVAKKAM,, Chennai, Tamil Nadu-600100.","Project Name: HANU LUXE PALACERegistration for Stilt floor + 4 floors + 5th floor (Part) Residential Building with 66 Dwelling units at Nookampalayam Main Road, Chennai comprised in Survey No.9/1D5A, 9/1D5B, 9/1D5C, 9/1D5D & 9/1D5E of Arasankazani Village, Sholinganallur Taluk, Chennai District.","CMDA issued Planning Permission No.OL-PP/NHRB/0126/2026 in Letter No.CMDA/PP/NHRB/S/0087/2026 dated 13/03/2026. The President, Arasankazani Village Panchayat issued Building Permission in Letter No.Roc No.CMDA/PP/NHRB/S/0087/2026 dated 28/03/2026.","12.03.2034","Promoter Details                                                                     Project Details                                                                     Location of Site: Latitude-12.88061;Longitude-80.197502;","",""
"196","TNRERA/29/BLG/0196/2026                                 dated 08-06-2026","M/s. ASV CONSTRUCTIONS PVT LTD, Door No.59, ORMES ROAD KILPAUK,  PURASAIWAKKAM, Chennai, Tamil Nadu-600010.                                                                        C N RAGHAVENDRAN, New No. 6, Old No. 53, Bishops Garden, Off Greenways Road, Raja Annamalaipuram, Chennai, Tamil Nadu-600028.                                                                        C R ARVIND, New No. 6, Old No. 53, Bishops Garden, Off Greenways Road, Raja Annamalaipuram, Chennai, Tamil Nadu-600028.","Project Name: ASV CRN BUSINESS PARKRegistration of Multistoried Building with Basement Floor + Stilt Floor + 8 Floors + 9th Floor (part) office Purpose at Door No. 13 comprised in New S.No. 33/2C2B, 33/2C2C and 33/3C2 of Nandambakkam Village, Alandur Taluk, Chennai District.","CMDA issued Planning permission No. C/PP/MSB/47 (A to E) /2018 in Letter No. C3(S)/9525/2016 dated 22/11/2018.Greater Chennai Corporation issued Building permission in Letter No. CEBA/ WDCN12/ 00064/ 2019 dated 19/03/2019.","Completed","Promoter Details                                                                     Project Details                                                                     Location of Site: Latitude-13.017709;Longitude-80.188217;","","Completed"
"197","TNRERA/29/BLG/0197/2026                                 dated 08-06-2026","Ms JKB HOUSING PRIVATE LIMITED, Door No.4/5, Second Main Road Venkatasubramania Nagar, Valasaravakkam, Chennai, Tamil Nadu-600087.                                                                        S CHELLASAMY, Flat No.A2, GANAPATHY APARTMENT, GANAPATHY STREET, WEST MAMBALAM, Chennai, Tamil Nadu-600033.                                                                        SARASWATHI BALAN, Flat No.B1, Door No.23, RAMAN STREET, T NAGAR, Chennai, Tamil Nadu-600017.                                                                        RAJENDRAN, Flat No.B1, Door No.23, Ashreya, Old No.11, New No.23, raman Street,, T Nagar, Chennai, Tamil Nadu-600017.                                                                        M SUBRAMANIAN, Door No.4, Sreemathy Apartment, Anandan Street, T Nagar, Chennai, Tamil Nadu-600017.                                                                        G SHUBA, Door No.159/120A, Jains Amirth Kalash B-3, 2nd Block, Strahans Road Pattalam, Perambur Barracks, Chennai, Tamil Nadu-600012.                                                                        SHIRANEE SAMUEL, Door No.v -75/1, Golden Tiffancy, 4th Main Road,, Anna Nagar, Chennai, Tamil Nadu-600040.                                                                        SHERENE SATYA, Door No.V-75/1, Golden Tiffancy, 4th Main Road,, Anna Nagar, Chennai, Tamil Nadu-600040.                                                                        SHARMINI SAMUEL, Syndicate Bank Colony, Anna Nagar Western Extn, Chennai, Tamil Nadu-600101.                                                                        SUNITHRA SWAROOP ANAND, Door No.V-75/1, Golden Tiffancy 4th Main Road, Anna Nagar, Chennai, Tamil Nadu-600040.                                                                        SUDHARSHINI JOHN, Door No.11, Garden City Apartment 318, Vallivar Kottam High Road,, Nungambakkam, Chennai, Tamil Nadu-600034.                                                                        R DEVARAJ, Door No.33/16, West End Street, Gopalapuram, Chennai, Tamil Nadu-600086.                                                                        R SIVARAMAN, Door No.2/8, Ganapathy Street, West Mambalam, Chennai, Tamil Nadu-600033.                                                                        P SURYARAJ, Door No.71, Ganapathy Street, West Mambalam, Chennai, Tamil Nadu-600033.                                                                        D DHANASEKARAN, Plot No.304, MIG Phase 2, 2nd Cross Street, 3rd Main Road, Nolambur, Mogappair West, Chennai, Tamil Nadu-600037.                                                                        P T ALAMELU, Flat No.302, Pavani Park Apartment, Magunta Layout Main Road, Near More Super Market, Nellore, Sri Potti Sri Ramulu Nellore, Andhra Pradesh-524003.                                                                        PADMINI MOHAN RAJAN, Flat No.13/6, B2, Rajparis Ruby Flat, 3rd Cross Street, Sterling Road, Nungambakkam, Chennai, Tamil Nadu-600034.                                                                        K S VITTAL, Flat No.E1, Door No.91, Jains Green Acres Block No.15, Dharga Road,, Zamin Pallavaram, Chennai, Tamil Nadu-600043.                                                                        D NATARAJAN, Flat No.D2, Door No.2, Ganapathy Street, West Mambalam, Chennai, Tamil Nadu-600033.                                                                        N DHARANYA, Flat No.D2, Door No.2, Ganapathy Street, West Mambalam, Chennai, Tamil Nadu-600033.                                                                        T CHANDRASEKHARAN, Plot No.44, MCN Nagar Extn, Thorapakkam, Chennai, Tamil Nadu-600097.                                                                        PALANIAPPAN V R, Door No.9G, R M M L Street, Karuthaoorani, Devakottai, Sivagangai, Tamil Nadu-630302.                                                                        K S RAVICHANDRAN, Door No.1F, Nahar Jai madhav Flats, sannathi Street, Sadagopan Nagar, jalladianpet, Medavakkam, Chennai, Tamil Nadu-600100.                                                                        GAJALA RAMESH, Door No.D3/137, Parameshwar Vihar, 67, Arcod Road,, Saligramam, Chennai, Tamil Nadu-600093.","Project Name: JKB GANAPATHRegistration for Stilt Floor + 5 Floors (Height 18.30 m) Residential Building with 24 dwelling units at Door No. 71, 71/2 Ganapathy Street, West Mambalam, Chennai – 600 033, comprised in Old T.S.No. 30/1, New T.S. No. 30/5 & 30/9, Block No. 48 of Puliyur village, Chennai District.","CMDA isssued Planning Permission No. OL-PP/NHRB/0311/2025 in Lr No. CMDA/PP/NHRB/C/0408/2025 dated 30/07/2025.Greater Chennai Corporation issued building permission in Lr No. CEBA/WDCN10/00354/2025 dated 21/08/2025.","31.12.2027","Promoter Details                                                                     Project Details                                                                     Location of Site: Latitude-13.04314;Longitude-80.22470;","","This Registration revises the earlier Registration given in Registration No. TN/29/Building/0055/2025 dated 13/02/2025"
"198","TNRERA/11/BLG/0198/2026                                 dated 09-06-2026","M/s Prince Property Management Services, Door No.New No.61 ( Old No.17 ), ORMES ROAD, KILPAUK Village , Taluk.EGMORE, Chennai, Tamil Nadu-600010.","Project Name: PRINCE PROPERTY MANAGEMENT - PRINCE BLOSSOMRegistration for Block : 2 (Stilt Floor + Fifth Floor Residential building with 60 dwelling units), Block : 3 (Stilt Floor + Fifth Floor Residential building with 115 dwelling units ), Block : 4 (Stilt Floor + Fifth Floor Residential building with 15 dwelling units ), Block : 5 (Stilt Floor + Fifth Floor Residential building with 60 dwelling units), Amenities Block : (Ground Floor + Fourth Floor) Totally 250 dwelling units at comprised in Survey No.4/4, 4/5 & 4/6 of Mylampatti Panchayat / Village, Sulur Panchayat Union, Sulur Taluk, Coimbatore District.","The Joint Director, T&CP, Coimbatore District issued Planning Permission No.281/2026 in Letter No. SWP/BPA/666722/2025 dated 06/04/2026. The President, Mylampatti Village Panchayat​​​​​ issud Building Permission in Letter Roc No.104/2025/MVP dated 02/06/2026.","31.12.2030","Promoter Details                                                                     Project Details                                                                     Location of Site: Latitude-110457.7;Longitude-770500.9;","",""
"199","TNRERA/35/BLG/0199/2026                                 dated 12-06-2026","M/s. VNCT GLOBAL LLP, No.2, SUN CENTRE, First Floor, Tank Bund Road, Nungambakkam, Chennai, Tamil Nadu-600034.                                                                        Mr Sathish, 98, Thirupathi Nagar, 3rd street, Valasaravakkan, Chennai, Tamil Nadu-600087.","Project Name: THE MADRAS PAVILION – PHASE II”Registration for Stilt Floor +3  Floors with 24  dwelling units at comprised in  S.No.205/2Apt,  205/3Apt of Thiruporur Village, Chengalpattu District.","The Assistant Director,  DTCP, Chengalpattu District  issued planning permission in P.P.No.10/2026 vide Lr.Roc.No.SWP/BPA/742689/2026 Dated 27/01/2026.The Executive Officer, Thiruporur Town Panchayat issued building permission in Letter Roc.No. 73/2026 Dated 19/02/2026.","10.01.2031","Promoter Details                                                                     Project Details                                                                     Location of Site: Latitude-12.642865;Longitude-80.139038;","",""
"200","TNRERA/11/BLG/0200/2026                                 dated 12-06-2026","M/s.TNCD LLP, Plot No.TS No 114/2, Kamaraj Road, Uppilipalayam, Taluk.Coimbatore South Taluk, Coimbatore, Tamil Nadu-641015.","Project Name: MAJESTIC CITYRegistration for Stilt Floor + 5 Floors with 100 Dwelling Units comprised in  Survey No. 307/1B, 1C3, 309/2A, 2B, 2C, 2D1, 309/3A, 3B, 3C of  Vellakinar Village, Coimbatore North Taluk, Coimbatore District.","The Joint Director, T&CP, Coimbatore District, issued Planning Permission No.379/2026 in Letter ROC No. SWP/BPA/841208/ 2026, Dated 13/05/2026. The Commissioner, Coimbatore City Municipal Corporation, issued Building Permission in Letter ROC No. 162/BL/2026/04/013/00808, Dated 25/05/2026.","30.04.2031","Promoter Details                                                                     Project Details                                                                     Location of Site: Latitude-11.057903;Longitude-76.948354;","",""
"201","TNRERA/35/BLG/0201/2026                                 dated 12-06-2026","S NARAYANAN, Door No.21, GROUND FLOOR, 2ND MAIN ROAD, NANGANALLUR Village , CHENNAI, Taluk.ALANDUR, Kancheepuram, Tamil Nadu-600061.","Project Name: GURU AISHWARYA APARTMENTSRegistration for Stilt floor + 4 floors + 5th floor (Part) Residential Building with 35 Dwelling units for Affordable Housing at Elangovadigal Street and Kambar Street, Tellus Avenue, Rajakilpakkam, Chennai comprised in Survey No.142/1C of Rajakilpakkam Village, Tambaram Taluk, Chennai District.","CMDA issued Planning Permission No.OL-PP/NHRB/0095/2026 in Letter No. CMDA/PP/NHRB/S/0690/2025 dated 27/02/2026. The Commissioner, Tambaram Corporation issued Building Permission in Letter No.009/BL/2026/03/041/00343 dated 24/03/2026.","31.03.2030","Promoter Details                                                                     Project Details                                                                     Location of Site: Latitude-12.915315;Longitude-80.161805;","",""
"202","TNRERA/29/BLG/0202/2026                                 dated 12-06-2026","M/s. SOORYA FOUNDATIONS, Flat No.FIRST FLOOR , New No.23, Flat No.A-1,, SRI SADAN APARTMENTS, THIRUMURTHY STREET,, T NAGAR Village , T NAGAR, Chennai, Tamil Nadu-600017.","Registration for Stilt Floor + 5 Floors Residential Building (Height- 18.30m) with 15 Dwelling Units availing premium FSI at Old Door No.3, NewDoor No.4, Lake Area 7th Cross street, Nungambakkam, Chennai comprised in Old R.S.No.578/2 and NewR.S.No.811/2, Block No.34 of Nungambakkam village, Egmore Taluk, Chennai District.","CMDA issued planning permission in OL-PP/NHRB/0125/2026 vide letter No. CMDA/PP/NHRB/C/0778/2025 dated 13/03/2026. Greater Chennai Corporation issued building permission in Letter No. CEBA/WDCN09/00153/2026, Dated 17/04/2026.","31.03.2029","Promoter Details                                                                     Project Details                                                                     Location of Site: Latitude-13.05;Longitude-80.23;","",""
"203","TNRERA/1/BLG/0203/2026                                 dated 12-06-2026","M/s.Aaalam Promoters Private Limited rep by its Managing Director K.Mothish Kumar, 1/1, sakthi nagar, 2nd street, choolaimdeu,, Chennai-600094, Chennai, Tamil Nadu-","Project Name: VIRAAM -2Registration for group housing development with 2 blocks: Block A:Stilt Floor part/ Ground Floor part + 1st Floor + 2nd Floor + 3rd floor part to 5th floor part residential building with 50 Dwelling units (Kids play area at GF, Yoga, Meditation & Indoor Games at 1st Floor, Gym, Association room and Creche at 2nd Floor with Height – 18.30m) and Block B: Stilt Floor + 4 floors + 5th floor part Residential building with 60 Dwelling Units (Height- 18.30m) totally 110 Dwelling units with affordable housing  at 9.0m wide approved layout road, Mangadu, Chennai District Comprised in S.No.482/6A2, 482/7A4A2 & 482/7B2 of Mangadu-B Village, Kunrathur Taluk within the limits of Mangadu Municipality, Chennai District.","The CMDA Planning Permission No. OL-PP/NHRB/0181/2026 issued in letter No.CMDA/PP/NHRB/C/0181/2026 dated 30/04/2026. The Commissioner, Mangadu Municipality, issued Building Permission No.398/2026/F1 dated 13/05/2026.","29.04.2034","Promoter Details                                                                     Project Details                                                                     Location of Site: Latitude-130155.0;Longitude-800718.6;","",""
"204","TNRERA/11/BLG/0204/2026                                 dated 12-06-2026","VADIVELAN PROPERTIES PRIVATE LIMITED, Door No.378/1, Kamaraj Road, Near Roja Mess, Lakshmipuram, Peelamedu, Coimbatore, Coimbatore, Tamil Nadu-641004.","Project Name: SWARLOK VILLASRegistration for Construction of Group Housing Development of Block -1 - Ground Floor + 1st Floor  with 6 dwelling units and Block - 2 - Ground floor + 1st Floor with 5 dwelling units - Totally 11 dwelling units comprised in S.No. 76/1, T.S.No. 33/4, Block No: 14, Coimbatore , Singanallur Village, Coimbatore South Taluk, Coimbatore District.","Joint Director, T&CP, Coimbatore  issued planning permission in SWP/BPA/705104 /2025 dated 26/11/2025. Commissioner, Coimbatore Corporation issued building permission in Letter No.  162/BL/2026/02/056/00378 dated 06/03/2026.","30.06.2030","Promoter Details                                                                     Project Details                                                                     Location of Site: Latitude-11.016598;Longitude-77.043970;","",""
"205","TNRERA/1/BLG/0205/2026                                 dated 19-06-2026","M/s. Vibrant Offices and Homes LLP, Flat No.B5 1ST FLOOR PA TOWERS, Door No.NO.869, POONAMALLEE HIGH ROAD ,  KILPAUK, Chennai - 600  010, Chennai, Tamil Nadu-","Project Name: VIAANRegistration for Stilt Floor + 5 Floors Residential Building with 45 Dwelling Units at  Manappakkam Main Road (Manapakkam Kolapakkam Road as per Document) , Kolapakkam , Chennai. Comprised in S.No.24/1B2  of   Kolapakkam   Village , Kundrathur  Taluk , Kancheepuram District.","The Assistant  Planner , CMDA , Chennai has issued planning permission  vide letter No. CMDA/PP/NHRB/C/0979/2025  dated 16.04.2026. The  President , Kolapakkam  Village  Panchayat  has issued building permission vide letter Roc No. 02/2026-2027 dated 29.05.2026.","31.03.2030","Promoter Details                                                                     Project Details                                                                     Location of Site: Latitude-130042.3;Longitude-800935.3;","",""
"206","TNRERA/29/BLG/0206/2026                                 dated 19-06-2026","M/s.PKS HOUSING AND DEVELOPERS PVT. LTD., Door No.19/10, GROUND FLOOR, 23RD STREET, THILLAIGANGA NAGAR, NANGANALLUR Village , Taluk.CHENNAI, Chennai, Tamil Nadu-600061.                                                                        K SUBRAMANIAM, Door No.H99/C, SUBRAMANIAM COLONY, VELACHERY Village , CHENNAI, Taluk.CHENNAI, Chennai, Tamil Nadu-600042.                                                                        R KRISHNASWAMY, Door No.H100/B, SUBRAMANIAM COLONY, VELACHERY Village , CHENNAI, Taluk.CHENNAI, Chennai, Tamil Nadu-600042.                                                                        K AMIRTHALAKSHMI, Door No.H100/B, SUBRAMANIAM COLONY, VELACHERY Village , CHENNAI, Taluk.CHENNAI, Chennai, Tamil Nadu-600042.                                                                        H MALLIKA, Door No.9/38,, 1st STREET, MANGALI NAGAR, ARUMBAKKAM Village , CHENNAI, Taluk.CHENNAI, Chennai, Tamil Nadu-600106.                                                                        KAMALA RAMACHANDRAN, Door No.H103/E, SUBRAMANIAM COLONY, VELACHERY Village , CHENNAI, Taluk.CHENNAI, Chennai, Tamil Nadu-600042.                                                                        R PRAVEEN, Door No.H103/E, SUBRAMAINIAM COLONY, VELACHERY Village , CHENNAI, Taluk.CHENNAI, Chennai, Tamil Nadu-600042.                                                                        P R KARTHIK, Door No.H103/E, SUBRAMANIAM COLONY, VELACHERY Village , CHENNAI, Taluk.CHENNAI, Chennai, Tamil Nadu-600042.                                                                        A SHANTHI, Door No.H102/F, SUBRAMANIAM COLONY, VELACHERY Village , CHENNAI, Taluk.CHENNAI, Chennai, Tamil Nadu-600042.","Project Name: PKS SAI BLISSRegistration for Stilt floor + 4 floors + 5th floor Residential Building with 19 dwelling units at Plot No.29A & 29B and 30, Subramaniam Colony, Velachery, Chennai comprised in S.No.317/1C (Document), T.S.No.37/1, 37/2, 37/3, 37/4, 38/1, 38/2, 38/3 & 38/4, Block No.188 of Velachery Village, Chennai District.","CMDA issued Planning Permission No.OL-PP/NHRB/0102/2025 in Letter No.CMDA/PP/NHRB/S/0802/2024 dated 25/03/2025. Greater Chennai Corporation issued building permission in Letter No.CEBA/WDCN13/00151/2025 dated 08/04/2025.","30.06.2027","Promoter Details                                                                     Project Details                                                                     Location of Site: Latitude-12.969004;Longitude-80.219186;","",""
"207","TNRERA/35/BLG/0207/2026                                 dated 19-06-2026","My VIVA Housing Private Limited, Plot No.2, Tannery Street, Somasundaram Nagar,, Pallavaram Village , Chennai, Taluk.Pallavaram, Chennai, Tamil Nadu-600043.                                                                        K Mani, Flat No.207, Door No.2nd Floor 2nd block, Raj Paris Ram Nivas, NSK Kalaivanar Street, Thiruvallur Nagar, Zameen Pallavaram Village , Chennai, Chennai, Tamil Nadu-600043.                                                                        Hema Mani, Flat No.207, Door No.2nd Floor, Plot No.2nd Block, Raj Paris Ram Nivas, NSK Kalaivanar Street, Thiruvallur Nagar, Zameen Pallavaram Village , Chennai, Chennai, Tamil Nadu-600043.                                                                        Gayathri Devi, Flat No.318, Door No.3rd Floor, Plot No.1st Block, Raj Paris Ram Nivas, NSK Kalaivanar Street, Thiruvallur Nagar, Zameen Pallavaram Village , Chennai, Chennai, Tamil Nadu-600043.                                                                        Bharani Raja, Flat No.207, Door No.2nd Floor, Plot No.2nd Block, Raj Paris Ram Nivas, NSK Kalaivanar Street, Thiruvallur NagarRaj Paris Ram Nivas, NSK Kalaivanar Street, Thiruvallur Nagar, Zameen Pallavaram Village , Chennai, Chennai, Tamil Nadu-600043.                                                                        Sumathi Velusamy, Plot No.177, VIVA Castle, Ishta Siddhi Vinayagar Koil Street, Venkatesawara Nagar, Polichur Village , Chennai, Chennai, Tamil Nadu-600074.                                                                        Karthikeyan, Plot No.177, VIVA Castle, Ishta Siddhi Vinayagar Koil Street, Venkateswara Nagar, Polichalur Village , Chennai, Chennai, Tamil Nadu-600074.                                                                        J S Prakash, Flat No.FG, Door No.Block No 27, Jain Alphine Meadows,Thiruneermalai, Chrompet Village , Chennai, Kancheepuram, Tamil Nadu-600044.","Project Name: VIVA VibesRegistration for proposed construction of Group Housing Development comprising 2 Blocks: Block A – Stilt floor + 4 floors Office cum Residential Building with 13 dwelling units (Office at 1st floor only); Block B – Stilt floor + 4 floors Residential Building with 16 dwelling units; Totally 29 dwelling units and Office Availing Premium FSI at Perumal Nagar 5th Main Road (AGS Colony 5th Main Road) and Kumaran Colony Road, Zamin Pallavaram, Chennai comprised in Old S.No.117/4A, and T.S.No.147, Block No.27, Ward-C of Zamin Pallavaram Village, Pallavaram Taluk, Chengalpattu District.","CMDA Planning Permission No.OL-PP/NHRB/0756/2024 issued in letter No.CMDA/PP/NHRB/S/0582/2024 dated 30/12/2024. The Commissioner, Tambaram Municipal Corporation Chennai District Building License No.009/BL/2025/02/021/00188 and 009/BPA/2025/00104 dated 07/03/2025.","31.12.2028","Promoter Details                                                                     Project Details                                                                     Location of Site: Latitude-12.95205889555554;Longitude-80.17458134232874;","",""
"208","TNRERA/29/BLG/0208/2026                                 dated 19-06-2026","DAC DEVELOPERS PVT LTD (Developer), 1. Mrs. Sharmila.M, 2. Mrs.P.G.Lekha, 3. Mr.A.S.Ayub khan, 4. Mr.T.Kaniraja, 5. Ms.S.Parimala, 6. Mrs.S.Fouzia Sayeed, 7. Mr.V.Ghurumurthy, 8. Mr.M.Iniyavan, 9. Mrs.Sarah George & Mr.George Verghese, 10. Mrs.Saliha Taher, 11. Mrs.M.Vyjayanthimala, 12. Mrs. Rani Mariam Cherian & Mr. Cherian C.M, 13. Mr.R.Rajesh, and 14. Mrs.Haripriya Bapuji (Land Owner), No: 27, Old No 19, K Block, Flat A1, 1st Main Road,, Anna Nagar East, Chennai, Tamil Nadu-600102.","Project Name: MADISON BY DACRegistration for Stilt Floor + 5 Floors (Height 18.30 m) Residential Building with 20 dwelling units availing Premium FSI at New Door No. 58/11,Old Door No. 60/11, Rajam Apartments, Muthukrishnan Street & Narasimman Street, Collector’s Colony,Aminjikkarai, comprised in Old S. No. 17/1 & 17/2A Part and T.S. No:9/4, Block No. 4, of Vada Agaram village within the limits of Greater Chennai Corporation,Chennai District.","CMDA issued planning permission in P.P.No.OL-PP/NHRB/0194/2026  vide Letter No.CMDA/PP/NHRB/N/0805/2025  Dated 08/05/2026. Greater Chennai Corporation issued building permission in Letter No.CEBA/WDCN08/00217/2026  Dated 01/06/2026.","30.06.2031","Promoter Details                                                                     Project Details                                                                     Location of Site: Latitude-13.071408;Longitude-80.221092;","","Change of Project Bank: ICICI Bank Limited, Chrompet Branch, Chennai - 600044 (Collection A/c No.777705555823, Separate A/c No.777705555824, Transaction A/c No.777705555826)"
"209","TNRERA/20/BLG/0209/2026                                 dated 19-06-2026","M/s. Nimo Agri Private Limited rep by its Director M.Nkhill, J.B. Tower, 4th Floor, 582, 2nd East Main Road, Anna Nagar, Madurai, Tamil Nadu-625020.","Project Name: Nimo Lagoon ApartmentRegistration For Proposed Construction of Residential Apartment Stilt Floor + 5 Floors With 15 Dwelling Units Comprised In S.Ward:19, Block:10, T.S No:12, (Old R.S.No: 28/3A(Pt.), 29/1,2(Pt.)), Plot No:40, Sathamangalam Village, Madurai North Taluk, Madurai District.","The Assistant Director, T&CP Madurai district issued Planning Permission No. 82A/2024 and 82B/2024 in letter no. SWP/BPA/120328/2024 dated 2203.2024.The Assistant Executive Engineer (Planning), Madurai Corporation, issued building Permission letter no. B.A.No:115/BPA/2024/01184 dated 14/06/2024.","13.06.2029","Promoter Details                                                                     Project Details                                                                     Location of Site: Latitude-9.923864;Longitude-78.142331;","",""
"210","TNRERA/29/BLG/0210/2026                                 dated 19-06-2026","ROMAA HOUSING DEVELOPERS INDIA PRIVATE LIMITED, Door No.1/107, Plot No.AGR TOWERS, POONAMALLEE HIGH ROAD, NERKUNDRAM Village , CHENNAI, Taluk.MADURAVOYAL, Chennai, Tamil Nadu-600107.","Project Name: ROMAA'S DARRENRegistration for the Proposed Construction Residential Building of Stilt Floor + 5Floors with 35 Dwelling Units Comprised in S.No.208/1A1 & 208/2A1B, Plot No.1 to 4, Nolambur Village, MaduravoyalTaluk within the limits of Greater Chennai Corporation, Chennai District.","The Assistant Planner, CMDA Chennai district issued Planning Permission No.OL-PP/NHRB/0086/2026 in letter no. CMDA/PP/NHRB/C/0938/2025 dated 24/02/2026.Greater Chennai Corporation, issued building Permission letter no.Roc No:CEBA/WDCN11/0118/2026 dated 20/03/2026.","30.12.2029","Promoter Details                                                                     Project Details                                                                     Location of Site: Latitude-130428.5;Longitude-801001.3;","",""
"211","TNRERA/29/BLG/0211/2026                                 dated 19-06-2026","M/s.PRIYA CONSTRUCTION, Plot No.AP NO 86, 1ST STREET ,1ST SECTOR, KK NAGAR, Chennai, Tamil Nadu-600078.","Project Name: PRIYA ICONRegistration for Basement floor+ Stilt floor + 5 floors Residential Building with 45 Dwelling units at Manapakkam Mugalivakkam Main Road, Thulukkanathamman Koil Street, Mugalivakkam, Chennai comprised in Survey No.42/9 of Mugalivakkam Village, Chennai District.","CMDA issued Planning Permission No.OL-PP/NHRB/0059/2026 in Letter No.CMDA/PP/NHRB/S/0634/2025 dated 12/02/2026. Greater Chennai Corporation issued Building Permission in Letter No.CEBA/WDCN12/00119/2026 dated 24/03/2026.","31.12.2032","Promoter Details                                                                     Project Details                                                                     Location of Site: Latitude-13.018709;Longitude-80.167624;","",""
"212","TNRERA/2/BLG/0212/2026                                 dated 19-06-2026","M/s.ASHVAR BUILDERS AND PROMOTERS (Developer), Door No.5/2, FIRST FLOOR,6TH STREET,JAI NAGAR, ARUMBAKKAM Village , CHENNAI, Taluk.AMINJIKARAI, Chennai, Tamil Nadu-600106.                                                                        K INBARAJ, Flat No.A1F1, VGN FERNDALE PADMA STREET,VGN AVENUE,MOGAPPAIR,CHENNAI, CHENNAI, Chennai, Tamil Nadu-600037.                                                                        SHIRISH ANAND RAO, Flat No.G1,Gokulam Flats, Door No.No:5/2, Indira Gandhi Street,Vijayalakshmipuram,Ambattur,Chennai-600 053, CHENNAI, Chennai, Tamil Nadu-600053.                                                                        SHRIRAM ANAND RAO, Door No.No:5/2, Indira Gandhi Street,Vijayalakshmipuram,Ambattur,Chennai-600 053, CHENNAI, Chennai, Tamil Nadu-600053.                                                                        A. HEMAMBUJAM, Flat No.No. 12/365A, Treata Brindavan Apartment, Fourth Cross Street, Baba Nagar, Villivakkam, Chennai, CHENNAI, Chennai, Tamil Nadu-600049.                                                                        FATIMA JULIAN, Flat No.FLAT NO .T4,ARCH-TECH ROYAL, Door No.NO.33/80, ORAGADAM ROAD,VENKATAPURAM,AMBATTUR,CHENNAI, CHENNAI, Chennai, Tamil Nadu-600053.                                                                        N.J. MONICA,, Door No.No:14, Thaiyappa Mudali Street,Chennai, CHENNAI, Chennai, Tamil Nadu-600001.                                                                        P. GANAPATHY SUBRAMANIAN, Door No.34/16B, North Tank Square Street, Triplicane,Chennai, CHENNAI, Chennai, Tamil Nadu-600065.                                                                        S. VIMALA, Flat No.Plot No:36,Sruthi Sree Nivas, Door No.Door No:SF.A, Rehoboth Illam, 4thmain Road, Indian Bank Colony, Ragavendra Street,Ambattur,Chennai-, Chennai, Chennai, Tamil Nadu-600053.                                                                        SENTHIL KUMAR MADHIVANAN, Door No.No: C 53, 17th Cross  Street,   Lenin nagar,Nagar,Ambattur,Chennai, CHENNAI, Chennai, Tamil Nadu-600053.                                                                        R. SRINIVASAN, Flat No.AF1,EASHWAR FLATS, Door No.C-97, ,CRESENT ROAD,THIRUVENKADA NAGAR,AMBATTUR,CHENNAI, CHENNAI, Chennai, Tamil Nadu-600053.                                                                        P.V BALAN, Door No.T3,, Devi Meenakshi Homes,23,Oragadam Road,Ambattur,Chennai, CHENNAI, Chennai, Tamil Nadu-600053.                                                                        SANTHA BALAN, Door No.T3,, Devi Meenakshi Homes,23,Oragadam Road,Ambattur,Chennai, CHENNAI, Chennai, Tamil Nadu-600053.                                                                        R.TAMILSELVI RAJA, Door No.No:27, Brindhavan Avenue, Sri Nagar colony,Thirumullaivoyal,Chenna, CHENNAI, Chennai, Tamil Nadu-600062.                                                                        N.K. SRINIVASAN, Flat No.Flat No. G-3, Ground Floor, Door No.No. 72/98, Sai Rajakamalam Flats, Mounaswamymadam Street, Ambattur, CHENNAI, Chennai, Tamil Nadu-600053.                                                                        T. ANUSHA MERLIN, Flat No.S1,Sai Sathya Flats, Door No.No.17, First Street,East Banunagar,Ambattur,Chennai, CHENNAI, Chennai, Tamil Nadu-600053.                                                                        P. JARVIS STEPHARD JOEL, Flat No.B-47,Ankur Palm Springs, Door No.4, C.T.H.Road,Opposite   TVS Lucas, Padi,, CHENNAI, Chennai, Tamil Nadu-600050.                                                                        RENUKA  JOEL, Flat No.B-47,Ankur Palm Springs, Door No.4, C.T.H.Road,Opposite   TVS Lucas, Padi,, chennai, Chennai, Tamil Nadu-600050.                                                                        P. MUTHUKUMARAN		., Flat No.Flat No:B3,Janaga Lakshmi Apartments, Door No.No:18, Vadivelu Street,Venkatapuram,Ambattur,Chennai, CHENNAI, Chennai, Tamil Nadu-600053.                                                                        P. CHANDRA BAI, Door No.No:6/29, Plot No.Sharvikas Krish Apartment, Vadivel Street,Venkatapuram,Ambattur,Chennai-, CHENNAI, Chennai, Tamil Nadu-600053.                                                                        MALLIKA RAJAN, Door No.13/7, Venkatesa Puram Colony North Street, Ayanavaram, Chennai, Chennai, Chennai, Tamil Nadu-600023.                                                                        K.T. RAJAN, Door No.13/7, Venkatesa Puram Colony North Street, Ayanavaram, CHENNAI, Chennai, Tamil Nadu-600023.                                                                        N. BABU, Door No.No:35,, Kamarajar Street,Fifth Block,Mugappair West,Chennai, CHENNAI, Chennai, Tamil Nadu-600037.                                                                        V.S. NARMATHA, Door No.No:35,, Kamarajar Street,Fifth Block,Mugappair West,Chennai, chennai, Chennai, Tamil Nadu-600037.                                                                        M.SHANMUGHAM, Door No.No:27, Brindhavan Avenue, Sri Nagar colony,Thirumullaivoyal,Chennai, CHENNAI, Chennai, Tamil Nadu-600062.                                                                        G.PANCHAPAKESAN, Flat No.No:67,Vasanth Apartment, Door No.87, Mundaga Kanniyamman Koil Street,Mylapore,Chennai, CHENNAI, Chennai, Tamil Nadu-600004.                                                                        S. SURESH, Flat No.Arch Tech Mangalam Apartments,, Door No.No:G5,5/3, Nedunchezhian Street,Vijayalakshmipuram,Ambattur,Chennai, CHENNAI, Chennai, Tamil Nadu-600053.                                                                        N. GANESAN, Flat No.No:15,Second Floor,Nithya Villa, Second Street Extension, Sarathy Nagar,Velacherry,Chennai, CHENNAI, Chennai, Tamil Nadu-600042.                                                                        N. DHANDAPANI, Flat No.No:2, Sorna Illam, Indira Gandhi Street, Cholan Nagar, Pattabiram,, CHENNAI, Chennai, Tamil Nadu-600072.                                                                        D. GUNASEKAR, Door No.No:40, 2nd Cross Street,Thirumalaipriya Nagar,Pudur,Ambattur,Chennai, CHENNAI, Chennai, Tamil Nadu-600053.                                                                        Y.D. SRIDHAR, Flat No.Flat No. T-6, Third Floor, Devi Meenakshi Home, No. 23, Oragadam Road, Venkatapuram, Ambattur Chennai, CHENNAI, Chennai, Tamil Nadu-600053.                                                                        S.VIJAYALAKSHMI, Flat No.Flat No. T-6, Third Floor, Devi Meenakshi Home, No. 23, Oragadam Road, Venkatapuram, Ambattur Chennai, CHENNAI, Chennai, Tamil Nadu-600053.                                                                        M. SIVAKUMAR, Plot No.A-4,Nandi Gardens, Plot NO:18,19&20, Masilamaneeswarar Street,Venkateshwara Nagar,Ambattur,Chennai, CHENNAI, Chennai, Tamil Nadu-600053.                                                                        S. VENKATESAN, Door No.No.3/8, Panner Selvam Street, Vijayalakshmi Puram, Ambattur,Chennai, CHENNAI, Chennai, Tamil Nadu-600053.                                                                        S. ALAGIA NAMBI, Door No.A-314, Adroit Prosper,Thalambur Road,Thalambur,Navalur-Old Mahabalipuram Road,Chennai, CHENNAI, Chennai, Tamil Nadu-600130.                                                                        K.A.PARVATHY, Plot No.Sree Bhagavathy, Plot No.15, Jaya Nagar,Puzhuthivakkam,Madipakkam,Chennai, CHENNAI, Chennai, Tamil Nadu-600091.                                                                        P.R.LAKSHMI, Plot No.Sree Bhagavathy, Plot No.15, Jaya Nagar,Puzhuthivakkam,Madipakkam,Chennai, CHENNAI, Chennai, Tamil Nadu-600091.                                                                        M. RAVIKUMAR, Flat No.No:68,K.C.Rytham Apartments, , Golden George Nagar,Mogappair East, Chennai, CHENNAI, Chennai, Tamil Nadu-600017.                                                                        R.RENUGA DEVI, Plot No.No:68,K.C.Rytham Apartments, Golden George Nagar,Mogappair East, Chennai, CHENNAI, Chennai, Tamil Nadu-600017.                                                                        S.DIVYA, Door No.No:3,, Balaji Street, Ram Nagar,Ambattur,Chennai, CHENNAI, Virudhunagar, Tamil Nadu-600053.                                                                        SHRIRAM ANAND RAO, Flat No.G1,Gokulam Flats, Door No.No:5/2, Indira Gandhi Street,Vijayalakshmipuram,Ambattur,Chennai, CHENNAI, Chennai, Tamil Nadu-600053.                                                                        SHIRISH ANAND RAO, Flat No.G1,Gokulam Flats, Door No.No:5/2, Indira Gandhi Street,Vijayalakshmipuram,Ambattur,Chennai, CHENNAI, Chennai, Tamil Nadu-600053.","Project Name: ASHVAR GALAXYRegistration for Stilt floor (Parking) + 4 Floors (Height -15.25m) Residential Building with 32 Dwelling units at Plot No: 48, Old Door No: 79, New Door No: 30 , Oragadam Road, Ambattur, Chennai, Comprised in Old S.No.608 part (Document), Old S. No: 610/1A (Part) and T.S.No.35, Block No.18, Ward B (Patta ) of Ambattur Village, Chennai District.","CMDA issued Planning Permission No. OL-PP/NHRB/0071/2026 in Lr No. CMDA/PP/NHRB/N/0902/2025 dated 17/02/2026. Greater Chennai Corporation issued building permission No. CEBA/WDCN07/00089/2026 dated 05/03/2026.","29.02.2028","Promoter Details                                                                     Project Details                                                                     Location of Site: Latitude-13.122093;Longitude-80.151606;","",""
"213","TNRERA/11/BLG/0213/2026                                 dated 19-06-2026","M/s.Arthy Associates, Door No.G1, Rodas Apartment, Muthammal Avenue Vadavalli, Coimbatore, Coimbatore - 641041, Coimbatore, Tamil Nadu-","Project Name: EmeraldRegistration for Basement floor + Stilt Floor + 5 Floors residential building with 85 dwelling units comprised in S.No. 541/2B1 of Vadavalli Village, Perur Taluk, Coimbatore District.","The Joint Director, T&CP, Coimbatore District issued Planning Permission No B.P/DTCP No. 35/2026 in LR ROC No. SWP/BPA/690732/2025 dated 30.01.2026. The Commissioner, Coimbatore Corporation issued building license No. 162/BL/2026/03/038/00493 in Lr No. 162/BPA/2026/00227 dated 04.05.2026.","31.12.2029","Promoter Details                                                                     Project Details                                                                     Location of Site: Latitude-11.020652;Longitude-76.876504;","",""
"214","TNRERA/35/BLG/0214/2026                                 dated 19-06-2026","Ms EESHANI BUILDERS, Plot No.38, Ground Floor, Eashwari Illam, Alamelumangapuram 2nd Cross Street, Madipakkam, Chennai – 600 091, Chennai, Chennai, Tamil Nadu-600091.","Project Name: LOTUS PARKRegistration for Proposed construction of Stilt floor + 5 Floors Residential Building with 40 Dwelling Units Comprised in Old S.No.346/12, 346/13B & 352/44B, 352/44A & 346/14B (Document) and T.S.No.94, 95, 96, 99 & 147 (Patta), Block No.9, Ward No.B, Zamin Pallavaram Village, Pallavaram Taluk within the limit of Tambaram Municipal Corporation, Chennai District.","CMDA issued Planning Permission No.OL-PP/NHRB/0006/2026 in letter no. CMDA/PP/NHRB/S/0827/2025 dated 05/01/2026.Commissioner,Tambaram Corporation, issued building Permission letter no. 009/BPA/2026/00218 dated 11/03/2026.","04.01.2034","Promoter Details                                                                     Project Details                                                                     Location of Site: Latitude-12.965754;Longitude-80.153044;","",""
"215","TNRERA/35/BLG/0215/2026                                 dated 19-06-2026","M/S JONES FOUNDATIONS PRIVATE LIMITED, No.2, Moovarasampet Main road, Madipakkam, Chennai - 600091, Chennai, Tamil Nadu-","Project Name: JONES AURORAResidential Cum Commercial Group Development Comprising of 13 Blocks, Block A: Ground Floor + First Floor With 15 Dwelling Units (Height – 7.60m); Block B: Ground Floor + First Floor With 10 Dwelling Units (Height – 7.60m); Block C: Ground Floor + First Floor With 11 Dwelling Units (Height – 7.60m); Block D:Ground Floor + First Floor With 3 Dwelling Units (Height – 7.60m); Block E: Ground Floor + First Floor With 3 Dwelling Units (Height – 7.60m); Block F: Ground Floor + First Floor With 3 Dwelling Units (Height –7.60m); Block G: Ground Floor + First Floor With 4 Dwelling Units (Height – 7.60m); Block H: Ground Floor + First Floor With 4 Dwelling Units (Height – 7.60m); Block I: Ground Floor + First Floor With 4 Dwelling Units (Height – 7.60m); Block J: Ground Floor + First Floor With 3 Dwelling Units (Height – 7.60m); Block K: Ground Floor (Single Dwelling Unit) + First Floor (Office Use) + Second Floor (Office Use) + Third Floor Part (Swimming Pool) (Height – 14.00m); Block L: Ground Floor + First Floor (Office Use) (Height – 8.85m); Block M: Ground Floor + First Floor (Office Use) (Height – 8.85m); Totally 61 Dwelling Units At Ottiyambakkam Main Road, Ottiyambakkam, Chennai Comprised In 248/1B, 249/1A, 249/1B2, 249/2B, 258/1B of Ottiyambakkam Village, Tambaram Taluk Within Limits of St.Thomas Mount Panchayat Union, Chennai District.","CMDA Planning Permission No.OL-PP/NHRB/0055/2026 issued in letter No.CMDA/PP/NHRB/S/0813/2025 dated 10/02/2026. The President, Ottiambakkam Village Panchayat, Chengalpattu District issued in building permission No.CMDA/PP/NHRB/S/0 813/2025 dated 20/04/2026.","20.02.2031","Promoter Details                                                                     Project Details                                                                     Location of Site: Latitude-125217.0;Longitude-801129.9;","",""
"216","TNRERA/29/BLG/0216/2026                                 dated 22-06-2026","Mr A THIRUGNANASAMBANDAN, Door No.49 AND 50, SAKTHI AVENUE, GURUGAMBAKKAM, Chennai, Tamil Nadu-600122.","Project Name: Sri Ragavendra EnclaveRegistration for proposed construction of Residential Building of Stilt Floor + 4 Floors + 5th Floor (Part) with 20 Dwelling Units comprised in Old S.No. 109 (Part), as per Patta New S.No. 109/1C, 109/1D & 109/1E at Plot Nos. 49, 50 & 51 of Gerugambakkam Village, within the limits of Kundrathur Panchayat Union, Kancheepuram District.","CMDA issued Planning Permission No.OL-PP/NHRB/0016/2026 in Letter No. CMDA/PP/NHRB/C/0776/2025, Dated 12/01/2026. Village Panchayat President issued Building Permission in Letter No. 1/2025-2026, Dated 21/01/2026.","10.01.2034","Promoter Details                                                                     Project Details                                                                     Location of Site: Latitude-13.015674687035371;Longitude-80.13871182943895;","",""
"217","TNRERA/29/BLG/0217/2026                                 dated 22-06-2026","M/s.ADITYARAM HOUSING PRIVATE LIMITED, 50, EAST COAST RAOD, PANAIYUR, ADITYARAM NAGAR, SHOLINGANALLUR, Chennai, Tamil Nadu-600119.                                                                        M/s.ADITYARAM HOUSING PRIVATE LIMITED, NO.50, EAST COAST ROAD, ADITYARAM NAGAR, PANAIYUR, Chennai, Tamil Nadu-600119.                                                                        M/S.ADITYARAM INFRASTRUCTURE PROJERCTS LLP, NO.50, EAST COAST ROAD, ADITYARAM NAGAR, PANAIYUR, Chennai, Tamil Nadu-600119.                                                                        M/S.FLOURISHING VENTURES PRIVATE LIMITED, NO.50, EAST COAST ROAD, ADITYARAM NAGAR, PANAIYUR, Chennai, Tamil Nadu-600119.                                                                        ARYA ADITYARAM, NO.50, EAST COAST ROAD, ADITYARAM NAGAR, PANAIYUR, Chennai, Tamil Nadu-600119.","Project Name: ADITYARAM PALACE CITY ROYALRegistration for Plot No.4 (GF+1F Residential building with 1 dwelling unit), Plot No.5 (GF+1F Residential building with 1 dwelling unit), Plot No.6  (GF+1F Residential building with 1 dwelling unit), Plot No.17 & 18  (GF+1F Residential building with 1 dwelling unit), Plot No.19 & 20  (GF+1F Residential building with 1 dwelling unit), Plot No.21 & 22  (GF+1F Residential building with 1 dwelling unit), Plot No.50  (GF+1F Residential building with 1 dwelling unit), Plot No.51  (GF+1F Residential building with 1 dwelling unit), Plot No.52  (GF+1F Residential building with 1 dwelling unit) Totally 9 dwelling units at comprised in Survey No.99/2A1, 99/2B1, 99/2C1, 101, 102/1B2, 102/2A, 118/1A, 118/1B, 118/2C, 118/2D, 118/2E, 118/2F, 119 & 120/8A of Sholinganallur II Village / Taluk, Chennai District.","Greater Chennai Corporation issued Planning Permission in Letter No.PPA/WDCN15/01300/2026 dated 14/03/2026, PPA/WDCN15/01320/2026 dated 14/03/2026, PPA/WDCN15/01298/2026 dated 14/03/2026, PPA/WDCN15/01200/2026 dated 07/03/2026, PPA/WDCN15/01201/2026 dated 07/03/2026,  PPA/WDCN15/01202/2026 dated 07/03/2026, PPA/WDCN15/01331/2026 dated 14/03/2026, PPA/WDCN15/01332/2026 dated 14/03/2026, PPA/WDCN15/01374/2026 dated 14/03/2026. Greater Chennai Corporation issued building permission in Letter No.BA/WDCN15/01960/2026 dated 14/03/2026, BA/WDCN15/01962/2026 dated 14/03/2026, BA/WDCN15/01961/2026 dated 14/03/2026, BA/WDCN15/01604/2026 dated 07/03/2026, BA/WDCN15/01606/2026 dated 07/03/2026, BA/WDCN15/01607/2026 dated 07/03/2026, BA/WDCN15/02000/2026 dated 14/03/2026, BA/WDCN15/02004/2026 dated 14/03/2026,  BA/WDCN15/02002/2026 dated 14/03/2026.","13.03.2031","Promoter Details                                                                     Project Details                                                                     Location of Site: Latitude-12.53291;Longitude-80.14342;","",""
"218","TNRERA/35/BLG/0218/2026                                 dated 23-06-2026","M/s. Vinayagga Promoters rep by its Partner Mr. A. Subramanian, No. 17 B/8, Dr. Soloman Street, Jameen Pallavaram, Pallavaram, Chengalpattu, Tamil Nadu-600043.                                                                        Mr Seshadri Santhana Gopala Rangan, No. 9, Siva Sankaran Street, Rajaji Nagar, Pallavaram, Chengalpattu, Tamil Nadu-600043.","Project Name: VINAYAGGAS SRI GURUVAYURAPPAN APARTMENTSRegistration of Stilt + 5 Floors Residential Building with 20 dwelling units availing premium FSI with TOD Benefit at Plot No.6, Old Door No.4, New Door No.9, Sivasankaran Street, Rajaji Nagar, Pallavaram, Chennai District Comprised in Old No.352/2, and T.S.No. 42, Block No: 6, Ward-B of  Zamin Pallavaram , Chengalpattu District.","CMDA Planning Permission No.OL-PP/NHRB/0069/2026 issued in letter No.CMDA/PP/NHRB/S/0009/2026 dated 16/02/2026.  The Commissioner Tambaram Municipal corporation, issued in Building Permission No.009/BPA/2026/00264 dated 13/03/2026.","15.02.2034","Promoter Details                                                                     Project Details                                                                     Location of Site: Latitude-12.965556;Longitude-80.151389;","",""
"219","TNRERA/29/BLG/0219/2026                                 dated 30-06-2026","M/s BALA CONSTRUCTION REP BY ITS PROPRIETOR Mr  V BALAMURUGAN, Door No.10, MULLAI ILLAM,CHOZHAN STREET,RAMAKRISHNA RAJ NAGAR, MADIPAKKAM Village , Taluk.SHOLINGANALLUR, Chennai, Tamil Nadu-600091.","Project Name: VENKATADRIRegistration for Stilt floor + 5 floors (Height – 18.30m) Residential Building with 10 Dwelling units Availing Premium FSI at Plot No.10-B & 11A,Karthikeyapuram 3rd Street, Madipakkam, Chennai 600091, comprised in Old S.No.180/20 (Pt) & 180/21 (Pt), New S.No.180/20A & 180/21B of Madipakkam Village within the limits of Greater Chennai Corporation, Chennai District.","CMDA issued planning permission in Letter No. OL-PP/NHRB/0112/2026  Dated 09/03/2026. Greater Chennai Corporation  issued building permission in Letter No.CEBA/WDCN14/00134/2026 Dated 18/03/2026.","20.01.2031","Promoter Details                                                                     Project Details                                                                     Location of Site: Latitude-12.963444;Longitude-80.194909;","",""
"220","TNRERA/2/BLG/0220/2026                                 dated 30-06-2026","SHRIRAM PROPERTIES LIMITED, 09, T.Nagar, Chennai, Tamil Nadu-600017.","Project Name: SHRIRAM SWARGAMRegistration for Tower - 4 with Extended Combined Basement Floor + Stilt Floor +  13 Floors Residential Building with 143 Dwelling Units, Tower - 5 with Extended combined basement Floor + Stilt Floor +  13 Floors Residential Building with 117 Dwelling Units, Tower - 6 with Extended combined basement Floor + Stilt Floor +  13 Floors Residential Building with 169 Dwelling Units ( Totally 429 Dwelling Units) at comprised in Survey Nos. 399/1A, 399/1B, 399/1C, 399/1D, 399/1E, 399/1F, 399/3B, 418/1A, 418/1B, 418/1C, 418/1D2 of Kuththampakkam Village, Poonamallee Taluk, Tiruvallur District.","CMDA issued Planning Permission No. PP/NHRB/12/2023/A to U in Letter No. CMDA/PP/HRB/N/235/2022, Dated 26/04/2023. The President, Kuththampakkam Village Panchayat, issued Building Permission in Letter No. 1818/2023/A3 Dated 06/07/2023.","14.12.2029","Promoter Details                                                                     Project Details                                                                     Location of Site: Latitude-800126.8;Longitude-130251.0;","",""
"221","TNRERA/1/BLG/0221/2026                                 dated 30-06-2026","M/s. DAC PROMOTERS(GPOA), 1.Mr. Zoeb Moize Bharmal 2.Mrs.Tasneem Mufaddal Haji 3.Ms.Farida Moize Bharmal 4.Mrs.Rehana Moize Bharmal (Land Owners), Flat No.A1, Door No. 19, K - Block, 1st Main Road, First Avenue, Anna Nagar East, Chennai – 600 102, Chennai, Tamil Nadu-600102.","Project Name: MILLENNIUM BY DACRegistration for Stilt Floor + 4 Floors + 5th Floor (part) Residential building with 138 dwelling units at Multi Nagar Main Road, Gerugambakkam, Chennai comprised in 52/1A2, 52/2A & 52/3  as per Patta of Gerugambakkam Village within the Kundrathur Panchayat Union Limit, Kancheepuram District.","CMDA issued Planning Permission No.OL-PP/NHRB/0122/2026 in Letter No.CMDA/PP/NHRB/C/0794/2025 dated 11/03/2026. The President, Gerugambakkam Village Panchayat issued Building Permission in Letter Roc No.01/2026-2027 dated 13/05/2026.","31.07.2031","Promoter Details                                                                     Project Details                                                                     Location of Site: Latitude-13.014812;Longitude-80.140969;","",""
"222","TNRERA/29/BLG/0222/2026                                 dated 30-06-2026","M/s. HEXEL REALTORS PRIVATE LIMITED, AND MRS.VATSALA PARTHASARATHY, MR.SUSRUTA SESH SARATHY AND DR TK PARTHASARATHY, Door No.23, 1ST MAIN ROAD, CIT COLONY,  MYLAPORE, Chennai, Tamil Nadu-600004.","Registration of Stilt floor (Puzzle parking) + 1 st floor to 4 th floor office and 5th floor office cum Residential Building with one dwelling unit at old Door No. 12, New Door No. 5 plot no. 270-C, E Block, 1st Street, Anna Nagar East Comprised in T.S.No. 118 part (as per doc) Old S.No. 44/1Pt, 44/4Pt and 46 pt T.S.No. 118/8 (as per patta), Block No. 1 of Periyakudal Village, Aminjikarai Taluk, Chennai District.","  CMDA issued Planning permission No. PP/NHRB/193/2022 in Letter No. PP/NHRB/N/710/2021 dated 29/06/2022.  The Greater Chennai Corporation issued Building permission  in Letter No. CEBA/WDCN08/00266/2022 dated 16/08/2022.","Completed","Promoter Details                                                                     Project Details                                                                     Location of Site: Latitude-13.08662;Longitude-80.21965;","","Completed"
"223","TNRERA/11/BLG/0223/2026                                 dated 30-06-2026","Ms VS HALLMARK Co, No: 359, Jewel manor, Raja Street,, Coimbatore, Tamil Nadu-641001.","Registration of Extended Basement floor 1 & 2, Stilt + 11 floors with 86 dwelling units comprised in Ward No. (AR)44, Block No. 9 T.S.No. 130/12, 130/13, 130/14 (Old.S.No. 15/1BP, 15/2P, 16/1P) of Kumarapalayam Village, Perur Taluk, Coimbatore District.","The Joint Director, T&CP, Coimbatore Disteict issued Planning permission No. 96/2026  in Letter No. SWP/BPA/568118/2025 dated 25/02/2026.The Commissioner, Coimbatore Corporation issued Building permission  in Letter No. 162/BL/2026/05/077/00379 dated 05/03/2026.","24.02.2031","Promoter Details                                                                     Project Details                                                                     Location of Site: Latitude-10.996533;Longitude-76.944189;","",""
"224","TNRERA/29/BLG/0224/2026                                 dated 30-06-2026","M/s.OPERA HOUSING PRIVATE LIMITED (Developer),1.JANSIRANI, 2.LAKSHMI, 3.ALAGUMANI 4.SELVAMANI (Land Owners), Door No.20, PARTHASARATHY PURAM EXTN, T.NAGAR, GUINDY, Chennai, Tamil Nadu-600017.","Project Name: OHPL - OPERA ANANDAMRegistration for Stilt Floor + 4 Floors + 5th Floor part Residential Building (Height- 18.30m) with 15 Dwelling Units at Door No.54/224, Choolaimedu High Road, Choolaimedu, chennai comprised in T.S.No.138, Block No.20 of Puliyur Village, Egmore Taluk within the limits of Greater Chennai corporation, Chennai District.","The CMDA issued planning permission No.OL-PP/NHRB/0442/2025 in Letter No.CMDA/PP/NHRB/C/0601/2025 dated 06/11/2025. The Greater Chennai Corporation issued building permission in Letter No.CEBA/WDCN09/00478/2025 dated 24/11/2025.","31.12.2028","Promoter Details                                                                     Project Details                                                                     Location of Site: Latitude-13.062163;Longitude-80.230162;","",""
"225","TNRERA/29/BLG/0225/2026                                 dated 30-06-2026","M/s.RAMANIYAM REAL ESTATES PRIVATE LTD, New No 14 Old No 67 Third Main Road, Gandhi Nagar, Adyar, Chennai, Tamil Nadu-                                                                       M/s.The Ramco Cements Limited, Door No.12, New Door No:12  Old Door No:52 Chevalier Sivaji Ganesan Salai (South Boag Road) Thiyagaraya Nagar, Chennai, Tamil Nadu-                                                                       M/s.Ramco Industries Limited, Door No.12, New Door No:12  Old Door No:52 Chevalier Sivaji Ganesan Salai (South Boag Road) Thiyagaraya Nagar, Chennai, Tamil Nadu-                                                                       Parthasarathy Swaminath Kaushik, Door No.12, New Door No:12  Old Door No:52 Chevalier Sivaji Ganesan Salai (South Boag Road) Thiyagaraya Nagar, Chennai, Tamil Nadu-                                                                       M K Shyam Sundar, Door No.12, New Door No:12  Old Door No:52 Chevalier Sivaji Ganesan Salai (South Boag Road) Thiyagaraya Nagar, Chennai, Tamil Nadu-                                                                       Biju Nair, Door No.12, New Door No:12  Old Door No:52 Chevalier Sivaji Ganesan Salai (South Boag Road) Thiyagaraya Nagar, Chennai, Tamil Nadu-                                                                       Muralidharan Venkataramani, Door No.12, New Door No:12  Old Door No:52 Chevalier Sivaji Ganesan Salai (South Boag Road) Thiyagaraya Nagar, Chennai, Tamil Nadu-                                                                       K Srinivasan, Door No.12, New Door No:12  Old Door No:52 Chevalier Sivaji Ganesan Salai (South Boag Road) Thiyagaraya Nagar, Chennai, Tamil Nadu-                                                                       K Murali, Door No.12, New Door No:12  Old Door No:52 Chevalier Sivaji Ganesan Salai (South Boag Road) Thiyagaraya Nagar, Chennai, Tamil Nadu-                                                                       Srinivasan Santhana, Door No.12, New Door No:12  Old Door No:52 Chevalier Sivaji Ganesan Salai (South Boag Road) Thiyagaraya Nagar, Chennai, Tamil Nadu-                                                                       Raghuraman, Door No.12, New Door No:12  Old Door No:52 Chevalier Sivaji Ganesan Salai (South Boag Road) Thiyagaraya Nagar, Chennai, Tamil Nadu-                                                                       S Natarajan, Door No.12, New Door No:12  Old Door No:52 Chevalier Sivaji Ganesan Salai (South Boag Road) Thiyagaraya Nagar, Chennai, Tamil Nadu-                                                                       Sriuttara, Door No.12, New Door No:12  Old Door No:52 Chevalier Sivaji Ganesan Salai (South Boag Road) Thiyagaraya Nagar, Chennai, Tamil Nadu-                                                                       D Ravindran, Door No.12, New Door No:12  Old Door No:52 Chevalier Sivaji Ganesan Salai (South Boag Road) Thiyagaraya Nagar, Chennai, Tamil Nadu-                                                                       Madhu Subramanian, Door No.12, New Door No:12  Old Door No:52 Chevalier Sivaji Ganesan Salai (South Boag Road) Thiyagaraya Nagar, Chennai, Tamil Nadu-                                                                       Dinesh Sridhar, Door No.12, New Door No:12  Old Door No:52 Chevalier Sivaji Ganesan Salai (South Boag Road) Thiyagaraya Nagar, Chennai, Tamil Nadu-                                                                       T T Sridharan, Door No.12, New Door No:12  Old Door No:52 Chevalier Sivaji Ganesan Salai (South Boag Road) Thiyagaraya Nagar, Chennai, Tamil Nadu-                                                                       Usha Sridharan, Door No.12, New Door No:12  Old Door No:52 Chevalier Sivaji Ganesan Salai (South Boag Road) Thiyagaraya Nagar, Chennai, Tamil Nadu-                                                                       S Anand Narayan, Door No.12, New Door No:12  Old Door No:52 Chevalier Sivaji Ganesan Salai (South Boag Road) Thiyagaraya Nagar, Chennai, Tamil Nadu-","Project Name: RAMANIYAM SABARIRegistration for the proposed construction of Stilt Floor + 5 Floors (Height-18.30 M ) Residential Building with 25 Dwelling Units at New Door No.12, Old Door No.52, (South Boag Road) Chevalier Sivaji Ganesan Salai, Thiyagaraya Nagar,  Comprised in Old S.Nos.120/3 (Part) and 122/2 (Part) as Per Document and T.S.No.6468 & T.S.No.6469 as per patta, Block No.140 of Thiyagaraya Nagar Village within the limit of Greater Chennai Corporation Chennai District.","The CMDA, Planning Permission No.OL-PP/NHRB/0203/2026 issued in letter No.CMDA/PP/NHRB/C/0787/2025 dated 19/05/2026. The Greater Chennai Corporation, issued building permission No.CEBA/WDCN09/00225/2026 dated 05/06/2026.","31.12.2030","Promoter Details                                                                     Project Details                                                                     Location of Site: Latitude-13.03846;Longitude-80.24308;","",""
"226","TNRERA/29/BLG/0226/2026                                 dated 03-07-2026","GREENWICH CONSTRUCTIONS, Door No.40, 4TH STREET ,RAJA ANNAMALAIPURAM, CHENNAI, Chennai, Tamil Nadu-600028.","Project Name: GREENWICH  EPITOMEStilt Floor +2260.01 Floors with 25 T.S No. 79/17 AND 79/18,dwelling units at comprised in Block No. 1,PULIYUR Village, EGMORE Taluk, Chennai District.","CMDA issued planning permission in Letter No. OL-PP/NHRB/0363/2025, Dated 19/09/2025. GCC issued building permission in Letter No. CEBA/WDCN08/00496/2025, Dated 17/12/2025.","31.12.2027","Promoter Details                                                                     Project Details                                                                     Location of Site: Latitude-13.059552;Longitude-80.214065;","",""
"227","TNRERA/35/BLG/0227/2026                                 dated 03-07-2026","M/s. VENTURAM PROPERTIES PRIVATE LIMITED, Door No.2, Griffith Street,, Pallavaram, Chengalpattu, Tamil Nadu-600043.                                                                        S Aswin, Door No.45, Perumal Koil Street, Old Pallavaram, Chennai, Tamil Nadu-600117.","Project Name: MEDLEY’S NESTRegistration for  Stilt Floor + 4Floors + 5th Floor Residential Building with 141 Dwelling units for Affordable Housingwith Swimming pool in 5th Floor at Link Road from Kalaivanar NSK Street, Zamin Pallavaram, Chennai, comprised in Old.S.No.310/7, T.S.No.30/7, Block No.25, Ward No.B, of Zamin Pallavaram Village within the Limits of Tambaram Municipal Corporation, Chengalpattu District.","CMDA issued Planning Permission No.OL-PP/NHRB/0334/2025 in Letter No. CMDA/PP/NHRB/S/0709/2024, Dated 21/08/2025.The Commissioner, Tambaram Municipality, issued Building Permission in Letter No. 009/BPA/2025/01375, Dated 16/12/2025.","20.08.2033","Promoter Details                                                                     Project Details                                                                     Location of Site: Latitude-12.962427;Longitude-80.162070;","",""
"228","TNRERA/29/BLG/0228/2026                                 dated 03-07-2026","M/s. Ankur Realty Developers LLP (Developer), NEW NO 49, OLD NO 25, BARNABY ROAD, KILPAUK, CHENNAI - 600  010, Chennai, Tamil Nadu-                                                                       Jitesh D Maher (Land Owner), 262/14 , ANAND APARTMENT , POONAMALLEE HIGH ROAD, KILPAUK, CHENNAI - 600  010, Chennai, Tamil Nadu-","Project Name: ANKUR AZALEARegistration for Stilt Floor + 4 Floors + 5th Floor part Residential Building (Height- 18.30m with Gym & Association room in 5th Floor) with 18 Dwelling Units at Regularised Plot No. 17, Chanakya Main road, Annamalai Avenue, Nolambur, Chennai. Comprised in S.Nos. 109/1 & 109/2 (Document), S.Nos.109/1A2 & 109/7 (Patta) of Nolambur Village , Maduravoyal Taluk , Chennai District.","The Assistant Planner , C M D A , Chennnai has issued planning permission vide letter No. CMDA/PP/NHRB/C/0766/2025   dated 09.03.2026. The Executive  Engineer (T.P.) , Greater Chennai Corporation has issued building permission  vide letter No. CEBA/WDCN11/00127/2026 dated 18.03.2026.","31.03.2029","Promoter Details                                                                     Project Details                                                                     Location of Site: Latitude-13.04221;Longitude-80.10208;","",""
"229","TNRERA/29/BLG/0229/2026                                 dated 03-07-2026","Appaswamy Real Estate Limited, Door No.3, Mangesh Street, T.Nagar,, T Nagar Village , Taluk.Mambalam-Guindy Taluk, Chennai, Tamil Nadu-600017.","Project Name: AVALONRegistration of Stilt Floor(parking) + 5 Floors Residential Building with 28 Dwelling units at Nelson Manickam Road ,Vadaagaram Comprised in Old S.No.9/1, 9/3 , 4/6 (as per document) Old S. No. 9/5 part, 9/7 part and T.S.No:4/4, 4/10, 4/11, & 4/12 , Block No: 7, Ward-01 of Vadaagaram Village, Chennai District.","CMDA issued Planning permission No. OL-PP/NHRB/0204/2026 in Letter No.  CMDA/PP/NHRB/N/0609/2025 dated 19/05/2026. The Greater Chennai Corporation issued Building permission  in Letter No.CEBA/WDCN08/00220/2026 dated 01/06/2026.","30.11.2028","Promoter Details                                                                     Project Details                                                                     Location of Site: Latitude-13.70603;Longitude-80.223265;","",""
"230","TNRERA/29/BLG/0230/2026                                 dated 03-07-2026","Mrs Ramya, Door No.1 A/3, Anna Avenue, Kasthuribai nagar, 1st Cross Street,, Adyar Village , Taluk.Chennai, Chennai, Tamil Nadu-600020.","Project Name: Ramya EnclaveRegistration for Stilt Floor + 4floors + 5th floor part Residential building with 10 dwelling units at Plot No.44, Old Door No.3/1 & 3/2, New Door No.5/1 & 5/2, Bagirathiammal Street, T.Nagar, Chennai comprised in Old S.No.83 part, Block No.21, T.S.No.6953, Block No.108B of T.Nagar Village, Chennai Taluk, Chennai District.","CMDA issued Planning Permission No.OL-PP/NHRB/0295/2024 in Letter No.CMDA/PP/NHRB/C/0258/2023 dated 07/06/2024. Greater Chennai Corporation issued Building Permission in Letter No. CEBA/WDCN09/00262/2024 dated 20/06/2024.","Completed","Promoter Details                                                                     Project Details                                                                     Location of Site: Latitude-13.0477727;Longitude-80.2389767;","","Completed"
"231","TNRERA/29/BLG/0231/2026                                 dated 17-07-2026","SWATHI BUILDERS REP BY ITS PARTNER MR K S PRABHAKAR, Door No.NO 5, ANANDA ROAD ALWARPET, Chennai, Tamil Nadu-600018.                                                                        DR ASHWIN MATHEW GEORGE, Door No.Old Door No.8 & Old Door No.1, New Door No.17 & New Door No.1, Sivaganga Road & Seetha Nagar 1st Street, Seetha Nagar, Chennai, Tamil Nadu-600034.","Project Name: SWATHI'S SHALOMRegistration of Stilt Floor part with Pit Stack Parking / Ground Floor part + 5 Floors Residential cum Commercial Building(Office at GF part and 1st Floor part) with 10 Dwelling Units at Old Door No.8 & Old Door No.1, New Door No.17 & New Door No.1, Sivaganga Road & Seetha Nagar 1st Street, Seetha Nagar, Nungamabakkam comprised in Old S.No.340, R.S.No.532/3, Block no.29 of Nungamabakkam Village, Chennai District.","CMDA issued Planning permission No. OL-PP/NHRB/0211/2026 in Letter No. CMDA/PP/NHRB/C/0124/2026 dated 22-05-2026. The Greater Chennai Corporation issued Building permission  in Letter No. CEBA/WDCN09/00226/2026 dated 09.06.2026.","31.12.2029","Promoter Details                                                                     Project Details                                                                     Location of Site: Latitude-13.063231;Longitude-80.241402;","",""
"232","TNRERA/29/BLG/0232/2026                                 dated 17-07-2026","M/s.STERLING ESTATES AND PROPERTIES LIMITED, Door No.STERLING HANGING GARDEN 14, VIDYODAYA FIRST CROSS STREET, T NAGAR Village , Chennai - 600017, Chennai, Tamil Nadu-                                                                       S.R.Mani, Door No.25/40, Mangadu Swamy Street,, Nungambakkam, Village , Nungambakkam, Chennai, Tamil Nadu-600034.                                                                        Banumathy, Door No.25/40, Mangadu Swamy Street, Nungambakkam, Chennai, Tamil Nadu-600034.                                                                        N.Viswanathan, Door No.25-40, Mangadu Swamy Street, Nungambakkam, Chennai, Tamil Nadu-600034.                                                                        S.Viswanathan, Door No.25-40, Mangadu Swamy Street, Nungambakkam, Chennai, Tamil Nadu-600034.                                                                        Janakiraman J, Door No.25-40, Mangadu Swamy Street, Nungambakkam, Chennai, Tamil Nadu-600034.                                                                        V.Jagan Mohan, Door No.25-40, Mangadu Swamy Street, Nungambakkam, Chennai, Tamil Nadu-600034.                                                                        R.Ganapathy, Door No.25-40, Mangadu Swamy Street, Nungambakkam, Chennai, Tamil Nadu-600034.                                                                        Subha Nagarajan, Door No.25-40, Mangadu Swamy Street, Nungambakkam, Chennai, Tamil Nadu-600034.                                                                        A.Subramaniam, Door No.25-40, Mangadu Swamy Street, Nungambakkam, Chennai, Tamil Nadu-600034.                                                                        H.Ramakrishnan, Door No.25-40, Mangadu Swamy Street, Nungambakkam, Chennai, Tamil Nadu-600034.                                                                        R.Anand, Door No.25-40, Mangadu Swamy Street, Nungambakkam, Chennai, Tamil Nadu-600034.                                                                        D Karthikeyan, Door No.25-40, Mangadu Swamy Street, Nungambakkam, Chennai, Tamil Nadu-600034.                                                                        Chandrasekaran, Door No.25-40, Mangadu Swamy Street, Nungambakkam, Chennai, Tamil Nadu-600034.                                                                        K.Sivaramakrishnan, Door No.25-40, Mangadu Swamy Street, Nungambakkam, Chennai, Tamil Nadu-600034.","Project Name: STERLING SREE RAMACHANDRARegistration for Stilt Floor + 2 Floors + 3rd Floor Part Residential building (Height – 12.00m) with 14 dwelling units at Plot No.25 and 118, Old Door No.22, New Door NO.40, Mangadu Swamy Street, Nungambakkam, Chennai comprised in Old S.No.132 & T.S.No.303/1, 303/2, Block No.25 of Nungambakkam Village, Chennai District.","CMDA issued Planning Permission No: OL-PP/NHRB/0469/2024 in Lr No: CMDA/PP/NHRB/C/0157/2024 dated 02/08/2024. Greater Chennai Corporation issued building permission in Lr No: CEBA/WDCN09/00477/2025 dated 20/11/2025.","30.09.2027","Promoter Details                                                                     Project Details                                                                     Location of Site: Latitude-1305741;Longitude-80243873;","",""
"233","TNRERA/29/BLG/0233/2026                                 dated 17-07-2026","M/s.YARA PROJECT HOLDINGS LLP, Door No.58, New No.142, Mylapore, Chennai - 600004, Chennai, Tamil Nadu-","Project Name: YARA AVANTERegistration for Stilt floor + 5floors (Height – 18.30m) Residential Building with 10 Dwelling units Availing Premium FSI with TOD Benefit atPlot No.131, New Door No.21, Old Door No.9, 3rd Main Road, Kasturba Nagar, Adayar, Chennai 600020,comprised in T.S.No.71/2 & 72, Block No.38 of Kottur Village and T.S.No.8/2 & 9, Block No.14 of Pallipattu Village, Chennai District.","CMDA, Planning Permission No.OL-PP/NHRB/0120/2026 issued in letter No.CMDA/PP/NHRB/S/0176/2026 dated 11/03/2026. The Greater Chennai Corporation, issued Building Permission No. CEBA/WDCN13/00130/2026 dated 18/03/2026.","30.06.2031","Promoter Details                                                                     Project Details                                                                     Location of Site: Latitude-130018.2;Longitude-801509.9;","",""
"234","TNRERA/11/BLG/0234/2026                                 dated 22-07-2026","M/s. Purnaya Developers Private Limited represented by its Director P.Gopalakrishnan, Door No.DOOR NO.17/1, MANI SCHOOL TEACHERSLAYOUT, SRI RAMAKRISHNA DENTAL COLLAGE ROAD, NAVA INDIA, COIMBATORE - 641006, COIMBATORE - 641  006, Coimbatore, Tamil Nadu-","Project Name: EKTARegistration for Basement Floor + Ground Floor + 5 Floors with 78 dwelling Units. Comprised in S.Nos. 128/1B2 , 128/1B3A , 128/7A1A2  of  Kalapatti  West Village , Coimbatore  North  Taluk​​​​​​​ , Coimbatore​​​​​​​ District.","The Joint Director , T&CP , Coimbatore​​​​​​​  District has issued Planning Permission  vide letter No.  SWP/BPA/747889/2026 dated 04.02.2026. The  Commissioner , Coimbatore  City  Municipal  Corporation has issued building permission vide letter No. 162/BL/2026/02/008/00555  dated 06.04.2026.","26.12.2029","Promoter Details                                                                     Project Details                                                                     Location of Site: Latitude-110500.2;Longitude-770152.6;","",""
"235","TNRERA/20/BLG/0235/2026                                 dated 22-07-2026","M/s.VISHAAL PROMOTERS PRIVATE LIMITED, Meenakshi House, 6th Floor, Vishaal Mall , No:31, Gokhale Road, Chinnachokkikulam, Madurai, Tamil Nadu-625016.                                                                        K P NAVANEETHAKRISHNAN, 5-A/11, Periyavar Street, SV 1st Street, S.S.Colony, Arasaradi Post, Madurai, Tamil Nadu-625016.","Project Name: VISHAAL VISMAYARegistration of Residential Apartment Building (Basement Floor+ Stilt Floor +13 Floors) with  156 Dwelling units comprised in S.No. 307/1B2A and 307/1B2B2 of Nilayur Bit - 1 Village, Thirupparankundram Taluk, Madurai District.","The Assistant Director, T&CP, Madurai District issued Planning permission B.P / DTCP No: 209 /2026 in Letter No. SWP/BPA/775754/2026 dated 20/05/2026.The President, Nilayur Bit - 1 Village Panchayat issued Building permission  in Letter No. 01/2026-2027 dated 08/06/2026.","30.06.2029","Promoter Details                                                                     Project Details                                                                     Location of Site: Latitude-9.865816;Longitude-78.027778;","",""
"236","TNRERA/35/BLG/0236/2026                                 dated 22-07-2026","ARUN EXCELLO HOMES PRIVATE LIMITED, Bhattad Tower, No. 18, West Cott Road, Royapettah, Chennai, Chennai, Tamil Nadu-600014.","Project Name: ZIVA MOHANAMRegistration for Ground floor-Block-1(1 to 16), Block-2(17 to 32) Total 32 units, Comprised in  Survey No. 220/6 and 221/14A1A2 of Perumaleri Village, Thirukazhukundram Taluk, Chengalpattu District.","The Assistant Director, DTCP, Chengalpattu issued planning permission in P.P.No.SWP/BP/MLPA(CD-5) No.48/2026 vide Letter No. SWP/BPA/683401/2025  Dated 30/05/2026. The  President, Vadakadambadi Panchayat issued building permission in Letter No. 001-2026-2027, Dated 19/06/2026.","31.12.2031","Promoter Details                                                                     Project Details                                                                     Location of Site: Latitude-12.37084;Longitude-80.09305;","",""
"237","TNRERA/35/BLG/0237/2026                                 dated 22-07-2026","M/S.DAC DEVELOPERS PRIVATE LIMITED (Developer), Vasantha, Deenadayalan, Babu, Revathi, Parthiban, Velu (Land Owners), Flat No. A-1, Ground Floor, No.19, K-Block, 1st Main Road, 1st Avenue, Anna Nagar East, Chennai, Tamil Nadu-600102.","Project Name: RHYTHM BY DAC (VILLAS)Registration for Villa No.1 with Stilt + 3 Floors and Villa 2 to 17 with Ground + 1st Floor with 17 dwelling units , comprised in Survey Nos. 568/3B2, 568/4A1 & 568/4A2 of Madambakkam Village, Tambaram Taluk, Chengalpattu District.","TAMBARAM CORPORATION issued Building Permission for Villa No. 01 in Letter No. 009/BL/2026/05/070/00596 Dt. 29.05.2026, Villa No. 02 in Letter No. SWP/SCM/CMDA/CMA/0443173/2026 Dt. 29.05.2026, Villa No. 03 in Letter No. SWP/SCM/CMDA/CMA/0443186/2026 Dt. 29.05.2026, Villa No. 04 in Letter No. SWP/SCM/CMDA/CMA/0443330/2026 Dt. 29.05.2026, Villa No. 05 in Letter No. SWP/SCM/CMDA/CMA/0443339/2026 Dt. 29.05.2026, Villa No. 06 in Letter No. SWP/SCM/CMDA/CMA/0443346/2026 Dt. 29.05.2026, Villa No. 07 in Letter No. SWP/SCM/CMDA/CMA/0443365/2026 Dt. 29.05.2026, Villa No. 08 in Letter No. SWP/SCM/CMDA/CMA/0443383/2026 Dt. 29.05.2026, Villa No. 09 in Letter No.SWP/SCM/CMDA/CMA/0443396/2026 Dt. 29.05.2026, Villa No. 10 in Letter No. SWP/SCM/CMDA/CMA/0443416/2026 Dt. 29.05.2026, Villa No. 11 in Letter No. SWP/SCM/CMDA/CMA/0443443/2026 Dt. 30.05.2026, Villa No. 12 in Letter No. SWP/SCM/CMDA/CMA/0443696/2026 Dt. 30.05.2026 , Villa No. 13 in Letter No. SWP/SCM/CMDA/CMA/0443704/2026 Dt. 30.05.2026, Villa No. 14 in Letter No. SWP/SCM/CMDA/CMA/0443712/2026 Dt. 30.05.2026, Villa No. 15 in Letter No. SWP/SCM/CMDA/CMA/0443719/2026 Dt. 30.05.2026, Villa No. 16 in Letter No. SWP/SCM/CMDA/CMA/0443755/2026 Dt. 30.05.2026, Villa No. 17 in Letter No. SWP/SCM/CMDA/CMA/0443790/2026 Dt. 30.05.2026.","30.06.2031","Promoter Details                                                                     Project Details                                                                     Location of Site: Latitude-12.893177;Longitude-12.893177;","",""
"238","TNRERA/35/BLG/0238/2026                                 dated 22-07-2026","ARUN EXCELLO HOMES PRIVATE LIMITED, Door No.18, Bhattad Tower, West Cott Road, Royapettah, Chennai, Tamil Nadu-600014.","Project Name: ZIVA BHAIRAVI BLOCK 1Registration for Stilt Floor + 5 Floors with 90 Dwelling Units comprised in Survey No. 229/1 of Perumaleri Village, Thirukazhukundram Taluk, Chengalpattu District.","The Assistant Director, T&CP, Chengalpattu District, issued Planning Permission No.50/2026 in Letter No. SWP/BPA/763685/2026  Dated 02/06/2026. The President, Vadakadambadi Vilage Panchayat  issued Building Permission in Letter No. ROC No. 002-2026-2027, Dated 18/06/2026.","31.12.2031","Promoter Details                                                                     Project Details                                                                     Location of Site: Latitude-12.36590;Longitude-80.09252;","",""
"239","TNRERA/35/BLG/0239/2026                                 dated 22-07-2026","M/s.RADIANCE REALTY DEVELOPERS INDIA LTD, Door No.Old Door No.110, New Door No.111, 1st Floor, 33 Feet Road, Anna Salai, Guindy Village , Chennai, Tamil Nadu-600032.","Project Name: RADIANCE EDGEWOODRegistration for Block : 1 to 4 with GF + 2F with 34 dwelling units, Block : 5 to 7 with GF + 1F with 24 dwelling units, Block : 9 to 11 with GF + 1F with 18 dwelling units, Block : 12 & 14 with GF + 2F with 7 dwelling units, Block : 15 Club House / Assembly with GF + 2F, Block : 16 (Drivers Toilet, STP Pump Room, Security Booth, Pump Room (Swimming Pool) Totally 83 Dwelling units at comprised in Survey No. 220/2A of Siruseri Village and Panchayat, Thiruporur Panchayat Union, Vandalur Taluk, Chengalpattu District.","The Assistant Director, T&CP, Chengalpattu District issued Planning Permission No.SWP/B.P/M.L.P.A(CD-5)No. 57/2026 in Letter No.SWP/BPA/ 786243/2026 dated 22/06/2026. The President, Siruseri Village Panchayat issued Building Permission in Letter Roc No.07/2026-2027 dated 04/07/2026.","21.06.2031","Promoter Details                                                                     Project Details                                                                     Location of Site: Latitude-12.842051;Longitude-80.202289;","",""
"240","TNRERA/29/BLG/0240/2026                                 dated 22-07-2026","CHAITANYA FOUNDATIONS PVT LTD, Door No.39, “BANYAN VIEW”, 3rd FLOOR,  KARPAGAM GARDENS, 1st  MAIN ROAD, ADYAR, Chennai, Tamil Nadu-600020.                                                                        SOUDHAMINI KANDIAH, Door No.39, “BANYAN VIEW”, 3rd FLOOR,  KARPAGAM GARDENS, 1st  MAIN ROAD, ADYAR, Chennai, Tamil Nadu-600020.                                                                        ANANDHI SABESAN, Door No.39, “BANYAN VIEW”, 3rd FLOOR,  KARPAGAM GARDENS, 1st  MAIN ROAD, ADYAR, Chennai, Tamil Nadu-600020.                                                                        MURUGAN, Door No.39, “BANYAN VIEW”, 3rd FLOOR,  KARPAGAM GARDENS, 1st  MAIN ROAD, ADYAR, Chennai, Tamil Nadu-600020.","Project Name: SHRAVANRegistration for Stilt floor + 8 Floors with 16 Dwelling Units availing Premium FSI with TOD benefit at Landons road, Comprised in Old Door No.37/1, 2, 3, 4 & 5, New Door No 74, 76, 78, 80 & 82,  Kilapuk,  Chennai-600010, Comprised in Old S.No 272 & R.S.No 154 part as per Document, New R.S. No 154/32, 154/226, 154/227 & 154/228 as per Patta, Block No.13, Egmore village within the limit of Greater Chennai Corporation, Chennai District.","CMDA issued Planning Permission No. OL-PP/HRB/0010/2026 in Letter No.CMDA/PP/HRB/N/0573/2025, Dated 20/03/2026. GREATER CHENNAI CORPORATION issued Building Permission in Letter No. CEBA/WDCN08/00151/2026, Dated 10/04/2026.","30.12.2030","Promoter Details                                                                     Project Details                                                                     Location of Site: Latitude-13.08028;Longitude-80.239299;","",""
"241","TNRERA/29/BLG/0241/2026                                 dated 22-07-2026","M/S.ADITYARAM HOUSING PRIVATE LIMITED, Door No.50, East Coast Road, Adityaram Nagar, Panayur, Chennai, Tamil Nadu-600119.                                                                        M/S ADITYARAM INFRASTRUCTURE PROJECTS LLP, Door No.50, East Coast Road, Adityaram Nagar, Panayur, Chennai, Tamil Nadu-600011.                                                                        M/S FLOURISHING VENTURES PRIVATE LIMITED, Door No.50, East Coast Road, Adityaram Nagar, Panayur, Chennai, Tamil Nadu-600011.                                                                        ARYA, Door No.50, East Coast Road, Adityaram Nagar, Panayur, Chennai, Tamil Nadu-600119.","Project Name: ADITYARAM PALACE CITY PARADISERegistration for Ground Floor + 1 Floor with 54 Dwelling Units comprised in Survey No. 117/1pt, 117/2, 118/2A1, 118/2A2, 118/2B, 118/2C, 119, 120/1A, 120/1B, 120/1C, 120/2A, 120/2B, 121/1, 121/2, 121/3, 122/1, 122/2, 122/4, 123/1, 123/2, 123/3A, 123/3B, 124/1, 124/3A2, 135/2A, Sholinganallur Village, Chennai District.","Greater Chennai Corporation issued Planning Permission in Letter No. PPA/WDCN15/08259/2025 Dt 19.12.2025, PPA/WDCN15/06976/2025 Dt  15.10.2025,  PPA/WDCN15/06974/2025 Dt 15.10.2025, PPA/WDCN15/06652/2025 Dt 13.10.2025, PPA/WDCN15/08264/2025 Dt 19.12.2025, PPA/WDCN15/02304/2026 Dt 06/05/2026, PPA/WDCN15/06644/2025 Dt  13.10.2025, PPA/WDCN15/03962/2023 Dt 08.05.2023, PPA/WDCN15/03961/2023 Dt 11.05.2023, PPA/WDCN15/03947/2023 Dt 11.05.2023, PPA/WDCN15/03959/2023 Dt 10.05.2023, PPA/WDCN15/03968/2023 Dt 10.05.2023, PPA/WDCN15/03957/2023 Dt 10.05.2023, PPA/WDCN15/03960/2023 Dt 10.05.2023, PPA/WDCN15/02297/2026 Dt 06.05.2025, PPA/WDCN15/03952/2023 Dt 11.05.2023, PPA/WDCN15/03954/2023 Dt 08.05.2023, PPA/WDCN15/03940/2023 Dt 10.05.2023, PPA/WDCN15/03941/2023 Dt 10.05.2023, PPA/WDCN15/03942/2023 Dt 10.05.2023, PPA/WDCN15/03944/2023 Dt 11.05.2023, PPA/WDCN15/03945/2023 Dt 11.05.2023, PPA/WDCN15/03948/2023 Dt 11.05.2023, PPA/WDCN15/03956/2023 2023 Dt 08.05.2023, PPA/WDCN15/06608/2025 Dt 13.10.2025, PPA/WDCN15/03451/2023 Dt 20.04.2023, PPA/WDCN15/03452/2023 Dt 20.04.2023, PPA/WDCN15/03943/2023 Dt 11.05.2023, PPA/WDCN15/03946/2023 Dt 10.05.2023, PPA/WDCN15/03991/2023 Dt 11.05.2023, PPA/WDCN15/03953/2023 Dt 08.05.2023, PPA/WDCN15/03327/2023 Dt 19.04.2023, PPA/WDCN15/03328/2023 Dt 19.04.2023, PPA/WDCN15/03329/2023 Dt 19.04.2023, PPA/WDCN15/03330/2023  Dt 19.04.2023, PPA/WDCN15/03958/2023 Dt 08.05.2023, PPA/WDCN15/03964/2023 Dt 08.05.2023, PPA/WDCN15/03973/2023 Dt 08.05.2023, PPA/WDCN15/03312/2023 Dt 19.04.2023, PPA/WDCN15/03313/2023 Dt  19.04.2023, PPA/WDCN15/03314/2023 Dt 19.04.2023, PPA/WDCN15/03315/2023 Dt 19.04.2023, PPA/WDCN15/03316/2023 Dt 19.04.2023, PPA/WDCN15/03317/2023 Dt 19.04.2023, PPA/WDCN15/03318/2023 Dt 19.04.2023, PPA/WDCN15/06975/2025 Dt 15.10.2025, PPA/WDCN15/03319/2023 Dt 19.04.2023, PPA/WDCN15/03321/2023 Dt 19.04.2023, PPA/WDCN15/03322/2023 Dt 19.04.2023, PPA/WDCN15/03323/2023 Dt 19.04.2023, PPA/WDCN15/03324/2023 Dt 19.04.2023, PPA/WDCN15/03325/2023 Dt 19.04.2023, PPA/WDCN15/03326/2023 Dt 19.04.2023, PPA/WDCN15/06977/2025 Dt 15.10.2025. Greater Chennai Corporation issued Building Permission in Letter No. BA/WDCN15/09570/2025 Dt 19.12.2025, BA/WDCN15/07653/2025 Dt 15.10.2025, BA/WDCN15/07654/2025 Dt 15.10.2025, BA/WDCN15/07370/2025 Dt 13.10.2025, BA/WDCN15/09565/2025 Dt 19.12.2025, BA/WDCN15/03139/2026 Dt 06/05/2026, BA/WDCN15/07371/2025 Dt  13.10.2025, BA/WDCN15/03147/2023 Dt 08.05.2023, BA/WDCN15/03168/2023 Dt 11.05.2023, BA/WDCN15/03175/2023 Dt 11.05.2023, BA/WDCN15/03158/2023 Dt 10.05.2023, BA/WDCN15/03142/2023 Dt 10.05.2023, BA/WDCN15/03139/2023 Dt 10.05.2023, BA/WDCN15/03140/2023 Dt 10.05.2023, BA/WDCN15/03140/2026 Dt 06.05.2025, BA/WDCN15/03162/2023 Dt 11.05.2023, BA/WDCN15/03144/2023 Dt 08.05.2023, BA/WDCN15/03163/2023 Dt 10.05.2023, BA/WDCN15/03156/2023 Dt 10.05.2023, BA/WDCN15/03157/2023 Dt 10.05.2023, BA/WDCN15/03159/2023 Dt 11.05.2023, BA/WDCN15/03160/2023 Dt 11.05.2023, BA/WDCN15/03161/2023 Dt 11.05.2023, BA/WDCN15/03145/2023 Dt 08.05.2023, BA/WDCN15/07374/2025 Dt 13.10.2025, BA/WDCN15/02727/2023 Dt 20.04.2023, BA/WDCN15/02728/2023 Dt 20.04.2023, BA/WDCN15/03150/2023 Dt 11.05.2023, BA/WDCN15/03151/2023 Dt 10.05.2023, BA/WDCN15/03152/2023 Dt 11.05.2023, BA/WDCN15/03153/2023 Dt 08.05.2023, BA/WDCN15/02694/2023 Dt 19.04.2023, BA/WDCN15/02698/2023 Dt 19.04.2023, BA/WDCN15/02692/2023 Dt 19.04.2023, BA/WDCN15/02709/2023 Dt 19.04.2023, BA/WDCN15/03146/2023 Dt 08.05.2023, BA/WDCN15/03141/2023 Dt 08.05.2023, BA/WDCN15/03155/2023 Dt 08.05.2023, BA/WDCN15/02697/2023 Dt 19.04.2023, BA/WDCN15/02704/2023 Dt  19.04.2023, BA/WDCN15/02703/2023 Dt 19.04.2023, BA/WDCN15/02702/2023 Dt 19.04.2023, BA/WDCN15/02701/2023 Dt 19.04.2023, BA/WDCN15/02700/2023 Dt 19.04.2023, BA/WDCN15/02699/2023 Dt 19.04.2023, BA/WDCN15/07652/2025 Dt 15.10.2025, BA/WDCN15/02693/2023 Dt 19.04.2023, BA/WDCN15/02695/2023 Dt 19.04.2023, BA/WDCN15/02708/2023 Dt 19.04.2023, BA/WDCN15/02706/2023 Dt 19.04.2023, BA/WDCN15/02705/2023 Dt 19.04.2023, BA/WDCN15/02696/2023 Dt 19.04.2023, BA/WDCN15/02707/2023 Dt 19.04.2023, BA/WDCN15/07651/2025 Dt 15.10.2025.","18.04.2028","Promoter Details                                                                     Project Details                                                                     Location of Site: Latitude-125334.2;Longitude-801435.2;","",""
"242","TNRERA/29/BLG/0242/2026                                 dated 22-07-2026","Indira Foundations Private Limited, Door No.19, Govinthan Street, Ayyavoo colony, Aminjikarai Village , Chennai, Taluk.Aminjikarai, Chennai, Tamil Nadu-600029.","Project Name: AVELLONRegistration for Proposed Construction of a Stilt Floor + 1st Floor part to 5th Floor part Residential Building (Height- 18.30m with Gym, Indoor Games and Association room at 1st Floor level) with 58 Dwelling Units comprised in S.No.123/1A2A (as per document) and S.No.123/1A2A2 (as per patta) of Nolambur village, Maduravoyal Taluk within the limits of Greater Chennai corporation, Chennai District.","CMDA issued Planning Permission No. OL-PP/NHRB/0070/2026 in letter no. CMDA/PP/NHRB/C/0870/2025 dated 16/02/2026.CMDA issued Amendment letter No:PP/NHRB/C/0870/2025 dated 30/06/2026.Greater Chennai Corporation, issued building Permission letter no. CEBA/WDCN11/00102/2026 dated 09/03/2026.","31.12.2030","Promoter Details                                                                     Project Details                                                                     Location of Site: Latitude-13.073309;Longitude-80.172099;","",""
"243","TNRERA/11/BLG/0243/2026                                 dated 22-07-2026","SHRI ANEKAS VENTURES LLP and Land Owner S HEMAMALINI, New No.87, Old No.51, Periyasamy Samy Road West, R S Puram, Coimbatore – 641002, COIMBATORE, Coimbatore, Tamil Nadu-641002.","Project Name: DivinityStilt Floor +2766.45 Floors with 10, 6 T.S No. 318/3, 330, 331/2,dwelling units at comprised in Block No. 9,R S Puram Village, Coimbatore South Taluk Taluk, Coimbatore District.","DTCP issued planning permission in Letter No. ONLINE APPLICATION No. -SWP / BPA / 813726 / 2026, SWP / SITE APPROVAL / DTCP / LP / C.L.P.A No. 270/2026, SWP / DTCP / PLANNING PERMISSION No. 347/2026, Dated 30/04/2026. Coimbatore Corporation issued building permission in Letter No. Online Application No. : 162/CP/26-27/0045867, B.A No : 162/BPA/2026/00848 B.L No : 162/BL/2026/03/071/00887 Dated – 12.06.2026, Dated 12/06/2026.","31.12.2028","Promoter Details                                                                     Project Details                                                                     Location of Site: Latitude-11.010894;Longitude-76.945361;","",""
"244","TNRERA/35/BLG/0244/2026                                 dated 22-07-2026","M/s.Aura Promoters  managing partners Nishanth, Door No.3, HIG MGR SALAI, NH-1 MARAIMALAI NAGAR, Chengalpattu - 603203, Chengalpattu, Tamil Nadu-","Project Name: Archana FlatsRegistration for Residential Building Stilt Floor + 1st floor (Electrical room and common area), 2nd Floor (Store room and common area), 3rd floor (Meeting room and common area), 4th floor (Amenity Room and common area), 5th floor (common area and head room) with 24 dwelling units at plot no. 1 & 2, Already approved layout no. 50/2004 comprised in S.No. 60/2A1B at Ninnaikarai Village, Chengalpet Taluk, Chengalpattu District.","The Assistant Director, DTCP, Chengalpattu District issued planning permission no. 126/2025 in Online Application No.SWP/ BPA/675783/2025 dated 10/12/2025. The Commissioner, Maraimalai Nagar Municipality issued Building license no. 020/BL/2026/00023 in Permission No.020/BPA/2025/00194 dated 16/03/2026.","31.12.2030","Promoter Details                                                                     Project Details                                                                     Location of Site: Latitude-12.48241;Longitude-80.02221;","",""
"245","TNRERA/35/BLG/0245/2026                                 dated 24-07-2026","M/s.ARA Construction, NO: 31, KAVERI STREET, LOGLAYA COLONY, 2nd MAIN ROAD, SALIGRAMAM, CHENNAI - 600093, Chennai - 600093, Chennai, Tamil Nadu-","Project Name: ARA VINESH ENCLAVERegistration for revised Planning Permission for the construction of Group Housing Development with 2 Blocks; Block A – Stilt Floor + 5 Floors (Height 18.30 m) Residential Building with 25 dwellingunits; Block B – Stilt Floor + 5 Floors (Height 18.30 m) Residential Building with 30 dwelling units; Totally 55 Dwelling Units availing Premium FSI at T Ponnambalam Salai & Goodwill Avenue 4th Main Road, Kulapakkam, Kancheepuram District.","CMDA issued Planning Permission No. OL-PP/NHRB/0139/2026 in Lr No. CMDA/PP/NHRB/C/0338/2025 dated 24/03/2026. The Executive officer/the President, Kolapakkam Village Panchayat issued building permission in Lr No. 01/2026-2027 dated 25/05/2026.","30.04.2027","Promoter Details                                                                     Project Details                                                                     Location of Site: Latitude-13.013827;Longitude-80.148746;","","(This Registration revises the earlier Registration given in Registration No.TN/29/Building/0326/2024 dated 04-04-2024)"
"246","TNRERA/3/BLG/0246/2026                                 dated 24-07-2026","R.L.Jayavenkataraman, Door No.307, 3rd floor pearl tower, Gandhi Nagar , Kurinjipadi, Cuddalore, Tamil Nadu-607  308.","Project Name: JAYALAKSHMI APARTMENTSRegistration for Stilt Floor + 5 Floors residential building with 20 dwelling units in Plot No. 'U' in approved  Millinium Garden  Layout No. 316/2018, comprising in S.Nos. 495/34 , 495/34A , 495/46 , 495/46A  of  Vadakuthu  Village , Kurinjipadi  Taluk , Cuddalore District.","The Assistant Director , T&CP ,  Cuddalore District  has issued planning permission  vide letter No. SWP/BPA/671382/2025 dated 17.12.2025. The President , Kurinjipadi  Block Panchayat  has issued building permission vide letter No. 17-2025-26 dated 22.12.2025","31.12.2029","Promoter Details                                                                     Project Details                                                                     Location of Site: Latitude-11.625198;Longitude-79.551704;","",""
"247","TNRERA/29/BLG/0247/2026                                 dated 24-07-2026","M/s.ASHWIN APARTMENTS (OPC) PRIVATE LIMITED, NO.34/38,3RD MAIN ROAD,R.A.PURAM, CHENNAI, Chennai, Tamil Nadu-600028.                                                                        V G VARADARAJAN, NO.20/13,AGASTYAR MANOR,FLAT NO.2B,2ND FLOOR,RAJA STREET,T.NAGAR, CHENNAI, Chennai, Tamil Nadu-600017.","Project Name: ""SRI KRISHNA CHARANAM""Registration for Stilt Floor(parking) + 5 Floors residential Building with 14 dwelling units Availing Premium FSI at PlotNo:36, Old Door No.6 & 6/1, New Door No.11 & 11/1, Jagadambal Street, T. Nagar, Chennai District Comprised in T.S.Nos.7100/1 & 7100/2, Block No.115, of T. Nagar Village  Chennai District."," CMDA, Planning Permission No. OL-PP/NHRB/0105/2026 issued in letter No. CMDA/PP/NHRB/C/1040/2025 dated 06/03/2026.  The Greater Chennai Corporation, issued Building Permission No.CEBA/WDCN10/00110/2026 dated 11/03/2026.","09.06.2029","Promoter Details                                                                     Project Details                                                                     Location of Site: Latitude-13.042843;Longitude-80.240126;","",""
"248","TNRERA/11/BLG/0248/2026                                 dated 24-07-2026","Promag Foundations and Structures Private Limited, F-1, First Floor, Srivari Kikani Centre,, No. 2 Krishnaswamy Road, Coimbatore, Tamil Nadu-641002.                                                                        SGK Investment Trust, Door No.855, 13th Main 3rd Block, 4th A Cross, Koramangala, Bangaluru, Bangalore Rural, Karnataka-560095.","Project Name: PROMAG ARANYARegistration for Revised and additional proposed construction of Residential Group development building of A2 with Ground + 2 Floors, A3 with Ground + 2 Floors, A4 Ground + 2 Floors, A5 with Ground + 2 Floors, A6 with Ground + 1 Floor, A7 with Ground + 2 Floors,  A1 with Ground + 2 Floors, B1 with Ground + 2 Floors, B2 with Ground + 2 Floors, B3 with Ground + 1st Floor, B4 with Ground + 2 Floors, B5 with Ground + 1 Floor, B6 with Ground + 2 Floor, B7 with Ground + 2 Floor, B7A with Ground + 2 Floor, B9 with Ground + 1 Floor, A7B with Ground + 2 Floors, A9 with Ground + 2 Floors with 18 Dwelling Units comprised in Survey No. 514/1A1, 518/2B, 519/2B of Vadavalli Village, Perur Taluk, Coimbatore District.","The Joint Director, T&CP, Coimbatore, issued Planning Permission No.202/2026 in Application No. SWP/BPA/728434/2026, Dated 07/03/2026. The Commissioner, Coimbatore City Municipal Corporation issued Building Permission in Letter No. 162/BL/2026/03/038/00640, Dated 06/05/2026.","05.05.2031","Promoter Details                                                                     Project Details                                                                     Location of Site: Latitude-11.023727;Longitude-76.879127;","",""
"249","TNRERA/29/BLG/0249/2026                                 dated 24-07-2026","M/s.SAARKAY DEVELOPERS PRIVATE LIMITED, Flat No.2, Plot No.89, SHIVA RAJDHANI COMPLEX, KASI ESTATE 2ND STREET, JAWAHARLAL NEHRU ROAD, JAFFERKHANPET Village , Chennai, Tamil Nadu-                                                                       M/s.FIRSTFOCUS BUSINESS SOLUTIONS PRIVATE LIMITED, Flat No.1 AND 2, 4TH FLOOR, THE LORDS, NORTHERN EXTENSION AREA, THIRU VI KA INDUSTRIAL ESTATE, EKKATUTHANGAL Village , Chennai, Tamil Nadu-","Project Name: HARMONYRegistration for Stilt floor + 5 floors (Height – 18.30m) Residential with 14 dwelling units at Plot No.142, Defence Colony 11th Cross Street, Defence Colony, Nandambakkam, Chennai comprised in Old S.No.163/2, New S.No.163/2C of Nandambakkam Village, Chennai District.","CMDA issued Planning Permission No. OL-PP/NHRB/0163/2026 in Lr No. CMDA/PP/NHRB/S/0106/2026 dated 09.04.2026. Greater Chennai Corporation issued building permission in Lr No. CEBA/WDCN12/00180/2026 dated 07.05.2026.","06.05.2031","Promoter Details                                                                     Project Details                                                                     Location of Site: Latitude-13.024545;Longitude-80.201133;","",""
"250","TNRERA/29/BLG/0250/2026                                 dated 27-07-2026","R.K.ESTATES (GPA), Door No.NO.9/53, 5TH MAIN ROAD, NATESAN NAGAR, VIRUGAMBAKKAM, Chennai, Tamil Nadu-600092.","Project Name: MARUTHAM AVANA BLOCK - BRegistration for Stilt Floor + 2 Floors + 3rd Floor Part (Height 12.80 m) Residential Building with 14 dwelling units & Gym at 3rd Floor at Plot No: B, (GCC Approved Subdivision), St. Mary’s Street, Athipattu, Chennai - 600 058 comprised in Old S. No:520/4 and T.S. No:25/ 2, Block No: 4, Ward No: G of Athipattu village, Ambattur Taluk, Chennai District.","CMDA issued planning permission in OL-PP/NHRB/0177/2026 vide letter No. CMDA/PP/NHRB/N/0121/2026 dated 28/04/2026. GCC issued building permission in Letter No. CEBA/WDCN07/00222/2026 dated 04/06/2026.","30.09.2028","Promoter Details                                                                     Project Details                                                                     Location of Site: Latitude-13.094881;Longitude-80.150567;","",""
"251","TNRERA/29/BLG/0251/2026                                 dated 27-07-2026","VENCER HOMES & K.Revathi, Selvam A, Kavitha S & Hemalatha S, 137/8, 2ND AVENUE, AC BLOCK, ANNANAGAR, Chennai, Tamil Nadu-600040.                                                                        Revathi, 17, Amuthapadi Street, Kanchipuram, Kancheepuram, Tamil Nadu-631501.                                                                        Selvam, 17, Amuthapadi Street, Kanchipuram, Kancheepuram, Tamil Nadu-631501.                                                                        Kavitha, 17, Amuthapadi Street, Kanchipuram, Kancheepuram, Tamil Nadu-631501.                                                                        Hemalatha, 17, Amuthapadi Street, Kanchipuram, Kancheepuram, Tamil Nadu-631501.","Project Name: VENCER ALTARARegistration for Stilt Floor + 4 Floors + 5th Floor (part) Residential building (Height -18.30m) with 19 dwelling units Availing Premium FSI with TOD Benefit at Plot No. E1 & E2, Arcot Road, Madhuravoyal, Comprised in S.No. 449/1B2A & 449/1B2B (as per patta) of Madhuravoyal Village within the limits of Greater Chennai Corporation,Chennai District.","CMDA issued planning permission in P.P.No.0124/2026 vide  Letter No. OL-PP/NHRB/0124/2026, Dated 12-03-2026. Greater Chennai Corporation issued building permission in Letter No. CEBA/WDCN11/00143/2026, Dated 07/04/2026.","31.12.2028","Promoter Details                                                                     Project Details                                                                     Location of Site: Latitude-13.03969;Longitude-80.16515;","",""
"252","TNRERA/35/BLG/0252/2026                                 dated 28-07-2026","M/s.ROYAL LAND & DEVELOPERS PRIVATE LIMITED Rep by its Director Thiru.B.Vikaram Kumar Bagmar, Door No.Old No.23,New No.6, Western Wing, First Floor, Krishnama Road,, Nungambakkam, Chennai, Tamil Nadu-600034.","Project Name: RLD ALTIMARegistration for Revision and Additional High Rise Residential Building; Combined  Basement 1 & 2; Block 1 - Tower A : Ground Floor + 1st Floor + 35th Floors with 315 Dwelling Units (Revision to already approved) and Block 1 - Tower B: Ground Floor + 1st Floor + 35th Floors with 315 Dwelling Unit; Totally 630 Dwelling Units; Block 2 - (Club House): Ground Floor + 1st Floor; Block 3 - ( Security-1): Ground Floor; Block 4 - (Security-2): Ground Floor, comprised in S.No.585/1A2A1, 586/1A, 2A, 2B, 2C, 587, 595/1B1A, 596/1A and 598/1 of Padur Village, Thiruporur Taluk, Chengalpattu District.","The Assistant Director, T&CP, Chengalpattu District issued planning permission in Letter No.SWP/BPA/582354/2025 dated 11/11/2025. The Executive Officer, Padur Village Panchayat, Thiruporur Block Panchayat, Chengalpattu District issued building permission in Letter No.55 dated 09/01/2026.","01.04.2031","Promoter Details                                                                     Project Details                                                                     Location of Site: Latitude-12.79345;Longitude-80.21784;","",""
"253","TNRERA/16/BLG/0253/2026                                 dated 31-07-2026","ARUN CONSTRUCTIONS, Plot No.23, M.R.R.NAGAR,NO.1.TOLGATE, BIKSHANDAR KOVIL, MANACHANALUR, Tiruchirappalli, Tamil Nadu-621216.","Project Name: ARUN GRANDERegistration for Stilt Floor + 5 Floors with 15 Dwelling Units comprised in Survey No. 56/2B9A1 of Bikshandarkovil Village, Manachanallur Taluk, Tiruchirappalli District.","The Joint Director, T&CP,Tiruchirappalli District issued Planning Permission No. 69/2026 in Letter ROC No. SWP/BPA/814089/2026, Dated 27/04/2026. The President, Bikshandarkovil Village Panchayat, issued Building Permission in Letter ROC No. 06, Dated 13/05/2026.","31.12.2028","Promoter Details                                                                     Project Details                                                                     Location of Site: Latitude-10.874921;Longitude-78.710669;","",""
"254","TNRERA/20/BLG/0254/2026                                 dated 31-07-2026","VISVAS PROMOTERS PRIVATE LIMITED, Door No.VASUDHARA ENCLAVE No. 84, TPK ROAD, ANDALPURAM, Madurai, Tamil Nadu-625003.","Project Name: VIBHAVA - J & K BLOCKSRegistration for  Block -1 with Stilt Floor + 5 Floors with 20 Dwelling Units &  Block -2 with Stilt Floor + 5 Floors with 60 Dwelling Units  ( Totally 80 Dwelling Units) at Ward No.XXIII - Block No. 26, comprised in T.S. Nos. 16/6A, 17/3A & 17/3B, (Old R.S. Nos. 177pt & 179/6Apt,  Amalgamation of Plot Nos. A3 & A4 in the existing regularized layout LP/MDTCP/No.276(R)/2018 and additional piece of land at T.S. No.17/3A) of Ponmeni Village, Madurai West Taluk, Madurai District.","The Assistant Director, T&CP, issued Planning Permission No.191/2026 in Application No. SWP/BPA/0777783/2026, Dated 06/04/2026. The Assistant Executive Engineer (Planning), Madurai Corporation, issued Building Permission in Letter No.115/BL/2026/00198, Dated 25/06/2026.","31.03.2030","Promoter Details                                                                     Project Details                                                                     Location of Site: Latitude-9.922201;Longitude-78.080275;","",""
"255","TNRERA/29/BLG/0255/2026                                 dated 31-07-2026","R.K.ESTATES (GPA), Door No.NO.9/53, 5TH MAIN ROAD, NATESAN NAGAR, VIRUGAMBAKKAM, Chennai, Tamil Nadu-600092.","Project Name: MARUTHAM AVANA BLOCK - ARegistration of Stilt Floor + 3 Floors Residential Building with 15 dwelling units at Plot No: A, St. Mary’s Street, Athipattu, Chennai comprised in Old S. No:520/4 and T.S. No:25/ 2 Part, Block No: 4, Ward No: G of Athipattu village, Chennai District.","CMDA issued Planning permission No. OL-PP/NHRB/0229/2026 in Letter No. CMDA/PP/NHRB/N/0116/2026 dated 08-06-2026. Greater Chennai Corporation issued Building permission in Letter No. CEBA/WDCN07/00243/2026 dated 29/06/2026.","30.09.2028","Promoter Details                                                                     Project Details                                                                     Location of Site: Latitude-13.094918;Longitude-80.150643;","",""
"256","TNRERA/35/BLG/0256/2026                                 dated 31-07-2026","M/s.MEERA HOMES Rep By its Proprietor K.SIVA KUMAR, Plot No.10, Ganesh Avenue,Velachery Main Road, Pallikaranai Village , Taluk.Sholinganallur, Chennai, Tamil Nadu-600100.","Project Name: MEERA’S  LANDMARKRegistration for Stilt Floor + 5 Floors Residential building with 69 dwelling units at Plot No.20 (passage), Ottiyambakkam Main Road, Nagalakshmi Nagar Extension, Sithalapakkam comprised in S.No.39/2A, 39/3A, 39/C, 39/4A, 39/4D & 39/4J (document), S.No. 39/4A1B & 39/10B (patta) of Sithalapakkam Village, Tambaram Taluk, Chengalpattu District.","CMDA issued Planning Permission No.OL-PP/NHRB/0228/2026 in Letter No.CMDA/PP/NHRB/S/1004/2025 dated 05/06/2026. The President, Sithalapakkam Village Panchayat issued Building Permission in Letter Roc No.5 dated 29/06/2026.","31.12.2030","Promoter Details                                                                     Project Details                                                                     Location of Site: Latitude-12.879367;Longitude-80.192402;","",""
"257","TNRERA/16/BLG/0257/2026                                 dated 31-07-2026","M/s. SHREE VEEJAY PROPERTY DEVELOPERS PVT. LTD. Represented by its Managing Director Mr. S. KARTHIKEYAN, Door No.43, Nehru 2nd Street, Edamalaipatti Pudur, Edamalaipatti Pudur Village , Tiruchirappalli - 620012, Tiruchirappalli, Tamil Nadu-","Project Name: SHREE VEEJAY’S SUN SHINERegistration for Stilt Floor + 5 Floors residential building with 20 dwelling units at affordable housing after demolishing the existing building comprised in T.S.No. 49/1,49/2, Ward AK, Block:5, at Crawford Colony Main Road, Crawford Colony,K Abhishekapuram Village, Tiruchirappalli District.","The Joint Director, T&CP, Tiruchirappalli District issued planning permission no. 174/2025 in lr no. SWP/BPA/685779/2025 dated 02.12.2025. The Assistant Commissioner, Tiruchirappalli Corporation issued building license no. 086/BL/2026/00029 in Lr BA no. 086/BPA/2025/00637 dated 06.02.2026.","05.02.2031","Promoter Details                                                                     Project Details                                                                     Location of Site: Latitude-10.782281;Longitude-78.677867;","",""
"258","TNRERA/11/BLG/0258/2026                                 dated 31-07-2026","M/S SREE DAKSHA PROPERTY DEVELOPERS (INDIA)PVT.LTD, MARUTHAMALAI MAIN ROAD, VADAVALLI Village , Taluk.PERUR, Coimbatore, Tamil Nadu-641046.","Project Name: SREE DAKSHA'S TALINAStilt Floor +18113.90 Floors with 90, 0 Survey No. 267/1B1B  AND 267/1B1A2,dwelling units at comprised in VERAKERALAM VILLAGE Village, PERUR Taluk, Coimbatore District.","COIMBATORE LOCAL PLANING AUTHORITY COIMBATORE DISTRICT TOWN AND COUNTRY PLANNING OFFICE issued planning permission in Letter No. 371/2026, Dated 12/05/2026. COIMBATORE CORPORATION issued building permission in Letter No. 162/BL/2026/03/039/00816, Dated 27/03/2026.","30.06.2030","Promoter Details                                                                     Project Details                                                                     Location of Site: Latitude-11.0268;Longitude-76.9058;","",""
"259","TNRERA/29/BLG/0259/2026                                 dated 31-07-2026","ANANYAKRISHNAA CONSTRUCTIONS PVT LTD, Door No.110, LAKSHMANASAMY SALAI, KK NAGAR, CHENNAI, KK NAGAR Village , CHENNAI, Chennai, Tamil Nadu-600078.                                                                        Y Gangadhar, 6/5, 54th Steet, CHENNAI, Chennai, Tamil Nadu-600078.                                                                        S Venkatesan, Door No.6/5, 54th Street, Chennai, Chennai, Tamil Nadu-600078.                                                                        Mohanambal, Door No.6/5, 54th Street, Chennai, Chennai, Tamil Nadu-600078.                                                                        M Bhuvanadevi, Door No.6/5, 54th Street, Chennai, Chennai, Tamil Nadu-600078.                                                                        M Santha Subramaniam, Door No.6/5, 54th Street, Chennai, Chennai, Tamil Nadu-600078.                                                                        PV Rajalakshmi, Door No.6/5, K54314900@gmil.com, Chennai, Chennai, Tamil Nadu-600078.                                                                        V Boopathy, Door No.6/5, 54th Street, Chennai, Chennai, Tamil Nadu-600078.                                                                        C Athithan, Door No.6/5, 54th Street, Chennai, Chennai, Tamil Nadu-600078.                                                                        Indira Mohan, Door No.6/5, 54th Street, Chennai, Chennai, Tamil Nadu-600078.                                                                        TK Sekar, Door No.6/5, 54th Street, Chennai, Chennai, Tamil Nadu-600078.                                                                        N Kannan, Door No.6/5, 54th Street, Chennai, Chennai, Tamil Nadu-600078.                                                                        Bharath Kumar, Door No.6/5, 54th Street, Chennai, Chennai, Tamil Nadu-600078.                                                                        Abraham Thangaraj, Door No.6/5, 54th Street, Chennai, Chennai, Tamil Nadu-600078.","Project Name: SARASWATIRegistration for Stilt floor + 5 floors (18.30m height) Commercial (1st floor (Pt) – Office) cum Residential Building with 18 dwelling units Availing Premium FSI at Block No.S-13 & S-14, Door No.102/1 to 102/12, Ponnambalam Salai, 11th Sector 66th Street and 11th Sector 7th Street, K.K.Nagar, Chennai 600078 comprised in S.No.249/4 (Pt), 249/5 (Pt) & 250/1A and T.S.No.324/3 & 324/5, Block No.49 of Virugambakkam Village, Chennai District.","CMDA issued planning permission in OL-PP/NHRB/0262/2025 vide letter No. CMDA/PP/NHRB/C/0233/2025 dated 11-07-2025. GCC issued building permission in Letter No. CEBA/WDCN10/00318/2025 dated 30/07/2025.","31.12.2030","Promoter Details                                                                     Project Details                                                                     Location of Site: Latitude-30.040692;Longitude-80.196684;","",""
"260","TNRERA/35/BLG/0260/2026                                 dated 31-07-2026","M/s.RUBY BUILDERS & PROMOTERS, Door No.247-B, Velachery Main Road, Selaiyur, Tambaram, Chennai, Tamil Nadu-600073.","Project Name: RUBY ONE CRESTRegistration for High Rise Group Development Buildings with 4 Blocks for Residential cum Club House use with Combined/Extended B.Floor for Block No: A, B & C (Meant for parking) over & above in Block – A: Stilt Floor (Meant for parking) + 14 Floors with 126 dwelling units, Block – B: Stilt Floor (Meant for parking) + 14 Floors with 154 dwelling units, Block - C: Stilt Floor (Meant for parking) + 5 Floors with 50 dwelling units and Block – D (Club House use): B.Floor + G.Floor + 2 Floors and Open Swimming Pool with Change/Shower rooms at 2nd Floor. Totally 330 dwelling units at abutting Vengaivasal Main Road, Selaiyur, Tambaram, Chennai. Comprised in S.No.85/1, 85/2A, 85/2B, 86/1A, 86/1B, 87/4, 87/5A, 87/5B, 87/5C and 87/6 of Vengaivasal Village, within the limits of St.Thomas Mount Panchayat Union, Tambaram Taluk, Chengalpattu District.","The CMDA issued planning permission No.OL-PP/HRB/0023/2026 in Letter No.CMDA/PP/HRB/S/0231/2025 dated 26/05/2026. The President, Vengaivasal Village Panchayat issued building permission in Letter No.18/2026 dated 23/06/2026.","19.07.2032","Promoter Details                                                                     Project Details                                                                     Location of Site: Latitude-12.912553077676707;Longitude-80.16896897645456;","",""
"261","TNRERA/29/BLG/0261/2026                                 dated 31-07-2026","Mr V S Rajesh & Mr V S Balaji - GPOA to Alwarpet Properties Pvt Ltd, Plot No.1, SIDCO INDUSTRIAL ESTATE,, GUINDY Village , Chennai, Tamil Nadu-600032.                                                                        M/s.Perun Properties LLP, Plot No.1, Olympia Technology Park, SIDCO Industrial Estate, Guindy, Chennai, Tamil Nadu-600032.","Project Name: Olympia VBC CrownRegistration for High Rise Group Development of Commercial Building consists of Block-1 : Basement Floor (for parking use) + Ground Floor (for Retail Shop)  + 1st Floor (for Retail Shop) + 2nd Floor to 9th Floor (for Office use) with MLCP (10 level within the block 1), Block- 2 : Ground Floor (Meter room & Electrical Transformer room) + 1st Floor (Generator room) abutting G.N.Chetty Road, Thirumalai lane,T.Nagar, Chennai comprised in Old S.No. 4797 part, T.S.No. 8380/4, Block No.109 of T.Nagar Village, Guindy Taluk, Chennai District.","CMDA issued Planning Permission No.OL-PP/HRB/0014/2024 in Letter No.CMDA/PP/HRB/S/0837/2023 dated 31/05/2024.  Greater Chennai Corporation issued Building Permission in Letter No.CEBA/WDCN09/00239/2024 dated 06/06/2024.","31.08.2026","Promoter Details                                                                     Project Details                                                                     Location of Site: Latitude-13.045424602187293;Longitude-80.24041181324488;","",""
"262","TNRERA/7/BLG/0262/2026                                 dated 31-07-2026","M/s.METROPOLE HOMES Managing Partner R.UMA MAHESWARI, Door No.20, 1ST Floor, Brindavan Road, Fairlands Village , Salem - 636004, Salem, Tamil Nadu-                                                                       ., Salem, Tamil Nadu-","Project Name: METROPLOE - PUSHPA VIHARRegistration for Residential Building in Stilt Floor + 5 Floors with 9 Dwelling Units comprised in S.F.No.84/5, Ward - D, Block No.31, T.S.No.21 of Alagapuram Village, Salem West Taluk, Salem District.","The Assistant Director, T&CP, Salem District issued planning permission in Letter No.SWP/BPA/624928/2025 dated 15/09/2025. The Commissioner, Salem Corporation issued building permission in Letter No.049/BL/2025/00290 dated 25/09/2025.","24.09.2030","Promoter Details                                                                     Project Details                                                                     Location of Site: Latitude-11.676617;Longitude-78.144727;","",""
"263","TNRERA/29/BLG/0263/2026                                 dated 31-07-2026","M/s.Rams Builders,Rep by its Director Thiru.Vikram Chandiramani & N.S.Radhakrishnan, Door No.61, Poes Garden, Chennai, Tamil Nadu-600086.","Project Name: Rams SakuraRegistration for Stilt Floor + 5 Floors Residential building(Height-18.29m) with 10 dwelling units availing Premium FSI at Plot A1, Door No.A1/14, 1st avenue Thiruvalluvar Nagar & 2nd avenue Thiruvalluvar Nagar, Thiruvanmiyur, Chennai comprised in Old S.No. No.219/2A Part, T.S.No.358 & 352/1, 2nd avenue Thiruvalluvar Nagar, Thiruvanmiyur village, within the limits of Greater Chennai Corporation, Chennai District.","CMDA issued planning permission in  P.P.No.OL-PP/NHRB/0191/2026 vide Letter No. CMDA/PP/NHRB/S/0782/2025  Dated 07-05-2026. Greater Chennai Corporation issued building permission in Letter No. CEBA/WDCN13/00204/2026  Dated 23/05/2026.","30.06.2029","Promoter Details                                                                     Project Details                                                                     Location of Site: Latitude-12.9773179;Longitude-80.2593727;","",""
"264","TNRERA/5/BLG/0264/2026                                 dated 31-07-2026","M/s. S M CONSTRUCTIONS & PROMOTERS Proprietor Mr. V. Senthil Mohan, 29 A, 4th East Main Road, Gandhi Nagar, Katpadi,, Vellore, Vellore, Tamil Nadu-632006.                                                                        V S Deepak Raj, Door No.H1, Block 2, Jamals Grandeur, 123/A, Cauvery Nagar, Velappanchavadi, Ayappakkam, Chennai, Tamil Nadu-600077.                                                                        T N Ragini, Door No.H1, Block 2, Jamals Grandeur, 123/A, Cauvery Nagar, Velappanchavadi, Ayappakkam, Chennai, Tamil Nadu-600077.                                                                        V S Mukund Raj, 10, 7th East cross road, Gandhi nagar Katpadi, Vellore, Vellore, Tamil Nadu-632006.","Project Name: SM RAJ TOWERSRegistration for Proposed Re-Construction of RCC Roof ""Residential Apartment Building In Stilt Floor (parking) + 5 Floors (15 Dwelling Unit) at Plot No.A2/88 in Approved Layout No.89/49 at Old S.F.NO. 153(Pt), T.S.NO.142, BLOCK NO. 6, Gandhi Nagar, 7th East Cross Road, Katpadi local Planning Area, Kazhinzur Village, Katpadi Taluk and Vellore City Municipal Corporation, Vellore District.","The Deputy Director, T&CP, Vellore District approved Planning Permission No.13/2026 in Application No.SWP/BPA/808556/2026 dated 10/04/2026. The Commissioner, Vellore Corporation  issued Building license no.035/BL/2026/00088 in Permission No.035/BPA/2026/00110 dated 04/05/2026.","04.05.2031","Promoter Details                                                                     Project Details                                                                     Location of Site: Latitude-12.956000;Longitude-79.139962;","",""
"265","TNRERA/29/BLG/0265/2026                                 dated 03-08-2026","M/s.  Prestige Estates Projects Limited, Door No.471, Anna Salai, Nandanam , Chennai - 600  035, Chennai, Tamil Nadu-","Project Name: Prestige Palm CourtRegistration for Residential building for Residential Group Development with Club House Consisting of 6 Blocks with Combined Double Basement Floor + Combined Stilt floor (Except Block 6) + Combined 1st floor with Podium; Block 1: 2nd floor to 22nd floor with 174 dwelling units; Block 2: 2nd floor to 22nd floor with 128 dwelling units; Block 3: 2nd floor to 22nd floor with 174 dwelling units; Block 4: 2nd floor to 22nd floor with 260 dwelling units; Block 5: 2nd floor to 22nd floor with 174 dwelling units; Block 6(Club House): Ground Floor (Creche, Kids Play area, Super Market, AV room) + 1st Floor (Table Tennis, Indoor Games & Pool table)+ 2nd Floor (Gymnasium, Badminton Court & Health club)+3rd Floor part (Aerobics) + 4th Floor part with Open Swimming Pool with Change rooms, Showers and Toilets) and Solid waste Management (Ground floor) Totally 910 Dwelling units availing Premium FSI with TOD benefit to the earlier approved site abutting G.N.T. Road, comprising in T.S.No. 8/1, Old S.Nos. 1064/1 , 1064/2 & 1064/3 , Block No.50 , Ward-C of  Madhavaram  Village , Madhavaram Taluk , Chennai District.","The  Assistant  Planner , C M D A , Chennai has issued planning permission vide letter No. CMDA/PP/HRB/N/0324/2025   dated 16.06.2026.  The  Executive  Engineer (T.P.) , Greater Chennai Corporation  has issued building permission vide letter No. CEBA/WDCN03/00254/2026   dated   14.07.2026.","30.12.2030","Promoter Details                                                                     Project Details                                                                     Location of Site: Latitude-13.13447087376691;Longitude-80.2347243123258;","",""
"266","TNRERA/29/BLG/0266/2026                                 dated 04-08-2026","M/s. Orom Solutions LLP., Door No.88, Anmol Palani building, Thyagaraya Nagar, Chennai, Tamil Nadu-600  017.","Project Name: ""ARTHA 30""Registration for Basement floor (Fully Automated Mechanized Shuttle Car Parking) + Stilt floor (Part) (Parking) / Ground floor (Part) + 4 floors (Height 18.30 m) IT/ITES at Plot No. Type II – 30, Dr. Vikram Sarabai Instronic Industrial Estate, 4th Main Road, Thiruvanmiyur, Chennai - 600 041. Comprised in S.No.296/2A1B & 296/10 of  Kottivakkam Village , Shollinganallur  Taluk , Chennai District.","The  Assistant  Planner , CMDA , Chennai  has issued planning permission vide letter No. CMDA/PP/IND/S/0480/2024   dated 15.05.2025. The  Executive Engineer (T.P.) , Greater Chennai Corporation has issued building permission vide letter No. CEBA/WDCN14/00224/2025   dated 25.07.2025.","20.04.2031","Promoter Details                                                                     Project Details                                                                     Location of Site: Latitude-125812.6;Longitude-801536.1;","",""